0,18ZC4773.JPG,0,1256.8,372,1332,425.6,0.999941,-1,CSL_pup,0.999941
1,18ZC4773.JPG,0,1462.4,209.6,1494.4,279.2,0.99984,-1,CSL_pup,0.99984
2,18ZC4773.JPG,0,1435.2,229.6,1470.4,288,0.999622,-1,CSL_pup,0.999622
3,18ZC4773.JPG,0,1420,316,1499.2,366.4,0.999257,-1,CSL_pup,0.999257
4,18ZC4773.JPG,0,1388,284,1432,348.8,0.999092,-1,CSL_pup,0.999092
5,18ZC4773.JPG,0,1382.4,192,1408,240,0.998963,-1,CSL_pup,0.998963
6,18ZC4773.JPG,0,1318.4,324.8,1364.8,436.8,0.98645,-1,CSL_pup,0.98645
7,18ZC4773.JPG,0,1415.2,167.2,1446.4,210.4,0.827936,-1,CSL_pup,0.827936
8,18ZC4773.JPG,0,1400,184,1442.4,268,0.823674,-1,CSL_pup,0.823674
9,18ZC4773.JPG,0,1347.2,332.8,1382.4,422.4,0.578851,-1,CSL_pup,0.578851
10,18ZC4773.JPG,0,1398.4,297.6,1430.4,411.2,0.0661233,-1,CSL_pup,0.0661233
11,18ZC4773.JPG,0,1439.2,184,1472,271.2,0.023729,-1,CSL_pup,0.023729
12,18ZC4773.JPG,0,1466.4,1005.6,1532.8,1051.2,0.999981,-1,CSL_pup,0.999981
13,18ZC4773.JPG,0,1490.4,904,1533.6,968,0.999951,-1,CSL_pup,0.999951
14,18ZC4773.JPG,0,1452,848,1513.6,872,0.999737,-1,CSL_pup,0.999737
15,18ZC4773.JPG,0,1516.8,976,1583.2,1001.6,0.999298,-1,CSL_pup,0.999298
16,18ZC4773.JPG,0,1485.6,790.4,1527.2,848,0.999018,-1,CSL_pup,0.999018
17,18ZC4773.JPG,0,1525.6,909.6,1584,935.2,0.998072,-1,CSL_pup,0.998072
18,18ZC4773.JPG,0,1437.6,867.2,1504.8,889.6,0.996895,-1,CSL_pup,0.996895
19,18ZC4773.JPG,0,1510.4,869.6,1570.4,904.8,0.996616,-1,CSL_pup,0.996616
20,18ZC4773.JPG,0,1508.8,954.4,1570.4,980,0.931526,-1,CSL_pup,0.931526
21,18ZC4773.JPG,0,1433.6,1016,1457.6,1060.8,0.221501,-1,CSL_pup,0.221501
22,18ZC4773.JPG,0,1517.6,888.8,1586.4,915.2,0.0619998,-1,CSL_pup,0.0619998
23,18ZC4773.JPG,0,1322.4,1679.2,1447.2,1816,0.999995,-1,CSL_pup,0.999995
24,18ZC4773.JPG,0,1528,1660,1588.8,1690.4,0.999681,-1,CSL_pup,0.999681
25,18ZC4773.JPG,0,1520.8,1666.4,1568,1720.8,0.999631,-1,CSL_pup,0.999631
26,18ZC4773.JPG,0,1512,1626.4,1580.8,1653.6,0.999258,-1,CSL_pup,0.999258
27,18ZC4773.JPG,0,1517.6,1636,1586.4,1668.8,0.0342338,-1,CSL_pup,0.0342338
28,18ZC4773.JPG,0,1459.2,1891.2,1480.8,1922.4,0.012012,-1,CSL_pup,0.012012
29,18ZC4773.JPG,0,1412,2355.2,1568.8,2527.2,0.982494,-1,CSL_pup,0.982494
30,18ZC4773.JPG,0,1457.6,2660.8,1565.6,2868,0.990206,-1,CSL_pup,0.990206
31,18ZC4773.JPG,0,1348,3269.6,1375.2,3297.6,0.995113,-1,CSL_pup,0.995113
32,18ZC4773.JPG,0,1351.2,3344,1398.4,3372,0.994555,-1,CSL_pup,0.994555
33,18ZC4773.JPG,0,1482.4,3612,1528,3644.8,0.977066,-1,CSL_pup,0.977066
34,18ZC4773.JPG,0,1334.4,3372.8,1388,3412,0.597324,-1,CSL_pup,0.597324
35,18ZC4773.JPG,0,1324.8,3244.8,1356.8,3287.2,0.0236338,-1,CSL_pup,0.0236338
36,18ZC4773.JPG,0,1592,924.8,1652,973.6,0.999964,-1,CSL_pup,0.999964
37,18ZC4773.JPG,0,1586.4,964,1622.4,1000,0.998769,-1,CSL_pup,0.998769
38,18ZC4773.JPG,0,1589.6,992.8,1649.6,1023.2,0.996953,-1,CSL_pup,0.996953
39,18ZC4773.JPG,0,1592,1062.4,1659.2,1100.8,0.999964,-1,CSL_pup,0.999964
40,18ZC4773.JPG,0,1735.2,1699.2,1760.8,1763.2,0.999997,-1,CSL_pup,0.999997
41,18ZC4773.JPG,0,1776,1608.8,1836,1643.2,0.999969,-1,CSL_pup,0.999969
42,18ZC4773.JPG,0,1780.8,1671.2,1844,1722.4,0.999945,-1,CSL_pup,0.999945
43,18ZC4773.JPG,0,1732,1645.6,1780.8,1695.2,0.999685,-1,CSL_pup,0.999685
44,18ZC4773.JPG,0,1707.2,1690.4,1743.2,1758.4,0.998844,-1,CSL_pup,0.998844
45,18ZC4773.JPG,0,1762.4,1640,1819.2,1661.6,0.9988,-1,CSL_pup,0.9988
46,18ZC4773.JPG,0,1713.6,1661.6,1787.2,1711.2,0.997502,-1,CSL_pup,0.997502
47,18ZC4773.JPG,0,1589.6,1636,1668.8,1862.4,0.992726,-1,CSL_pup,0.992726
48,18ZC4773.JPG,0,1618.4,2112.8,1784,2210.4,0.998734,-1,CSL_pup,0.998734
49,18ZC4773.JPG,0,1764.8,2412,1953.6,2500,0.997084,-1,CSL_pup,0.997084
50,18ZC4773.JPG,0,1751.2,2180.8,1892,2322.4,0.983269,-1,CSL_pup,0.983269
51,18ZC4773.JPG,0,1673.6,2494.4,1846.4,2581.6,0.953483,-1,CSL_pup,0.953483
52,18ZC4773.JPG,0,1572,2412,1663.2,2494.4,0.139572,-1,CSL_pup,0.139572
53,18ZC4773.JPG,0,1627.2,2360,1688.8,2447.2,0.0251026,-1,CSL_pup,0.0251026
54,18ZC4773.JPG,0,1928,2709.6,2040.8,2858.4,0.999984,-1,CSL_pup,0.999984
55,18ZC4773.JPG,0,1802.4,2878.4,1943.2,3013.6,0.999402,-1,CSL_pup,0.999402
56,18ZC4773.JPG,0,1758.4,2728,1918.4,2845.6,0.954465,-1,CSL_pup,0.954465
57,18ZC4773.JPG,0,1582.4,2719.2,1730.4,2846.4,0.900756,-1,CSL_pup,0.900756
58,18ZC4773.JPG,0,1904.8,3002.4,2057.6,3106.4,0.161568,-1,CSL_pup,0.161568
59,18ZC4773.JPG,0,1880.8,2688,1976.8,2901.6,0.117577,-1,CSL_pup,0.117577
60,18ZC4773.JPG,0,1612,3516.8,1664.8,3565.6,0.999954,-1,CSL_pup,0.999954
61,18ZC4773.JPG,0,1771.2,3563.2,1935.2,3672.8,0.999536,-1,CSL_pup,0.999536
62,18ZC4773.JPG,0,1860.8,3440,1954.4,3576.8,0.664718,-1,CSL_pup,0.664718
63,18ZC4773.JPG,0,1792,3360,1981.6,3471.2,0.229171,-1,CSL_pup,0.229171
64,18ZC4773.JPG,0,2105.6,1892.8,2271.2,2012,0.992226,-1,CSL_pup,0.992226
65,18ZC4773.JPG,0,2095.2,2422.4,2213.6,2573.6,0.986926,-1,CSL_pup,0.986926
66,18ZC4773.JPG,0,2222.4,2372,2387.2,2488,0.730676,-1,CSL_pup,0.730676
67,18ZC4773.JPG,0,2550.4,2492.8,2628.8,2605.6,0.653202,-1,CSL_pup,0.653202
68,18ZC4773.JPG,0,2358.4,2824,2511.2,2981.6,0.998794,-1,CSL_pup,0.998794
69,18ZC4773.JPG,0,2428.8,2622.4,2455.2,2658.4,0.99767,-1,CSL_pup,0.99767
70,18ZC4773.JPG,0,2436,2614.4,2461.6,2644.8,0.894384,-1,CSL_pup,0.894384
71,18ZC4773.JPG,0,2256,3655.2,2371.2,3825.6,0.787491,-1,CSL_pup,0.787491
72,18ZC4773.JPG,0,3463.2,1215.2,3603.2,1390.4,0.780504,-1,CSL_pup,0.780504
73,18ZC4773.JPG,0,3184,2499.2,3324.8,2625.6,0.999961,-1,CSL_pup,0.999961
74,18ZC4773.JPG,0,3167.2,3169.6,3364.8,3283.2,0.978755,-1,CSL_pup,0.978755
75,18ZC4773.JPG,0,1431.82,2331.82,1669.09,2495.45,0.760149,-1,CSL_pup,0.760149
76,18ZC4773.JPG,0,1865.45,2700,2070,2871.82,0.47028,-1,CSL_pup,0.47028
77,18ZC4773.JPG,0,1669.09,2094.55,1759.09,2192.73,0.137551,-1,CSL_pup,0.137551
78,18ZC4773.JPG,0,1963.64,2160,2029.09,2217.27,0.121238,-1,CSL_pup,0.121238
79,18ZC4773.JPG,0,5089.09,3338.18,5179.09,3403.64,0.0595741,-1,CSL_pup,0.0595741
80,18ZC4773.JPG,0,1382.73,1358.18,1464.55,1423.64,0.0416689,-1,CSL_pup,0.0416689
81,18ZC4773.JPG,0,2070,3796.36,2160,3837.27,0.0363806,-1,CSL_pup,0.0363806
82,18ZC4773.JPG,0,1587.27,2102.73,1783.64,2233.64,0.0322433,-1,CSL_pup,0.0322433
83,18ZC4773.JPG,0,2127.27,2070,2168.18,2160,0.0311004,-1,CSL_pup,0.0311004
84,18ZC4773.JPG,0,2667.27,3608.18,2781.82,3657.27,0.0250718,-1,CSL_pup,0.0250718
85,18ZC4773.JPG,0,2192.73,2380.91,2331.82,2430,0.0241808,-1,CSL_pup,0.0241808
86,18ZC4773.JPG,0,1480.91,2691.82,1759.09,2839.09,0.0150123,-1,CSL_pup,0.0150123
87,18ZC4773.JPG,0,2217.27,2356.36,2405.45,2462.73,0.0135407,-1,CSL_pup,0.0135407
88,18ZC4773.JPG,0,3485.45,1251.82,3600,1382.73,0.0101281,-1,CSL_pup,0.0101281
89,18ZC4773.JPG,0,4058.18,1080,4148.18,1186.36,0.0100433,-1,CSL_pup,0.0100433
90,18ZC4890.JPG,1,2302.4,1802.4,2353.6,1912.8,0.0408286,-1,CSL_pup,0.0408286
91,18ZC4890.JPG,1,3076,2561.6,3150.4,2619.2,0.999977,-1,CSL_pup,0.999977
92,18ZC4890.JPG,1,3060.8,3486.4,3120.8,3565.6,1,-1,CSL_pup,1
93,18ZC4890.JPG,1,2968.8,3280.8,3018.4,3383.2,0.999997,-1,CSL_pup,0.999997
94,18ZC4890.JPG,1,2912.8,3502.4,2972,3548,0.999992,-1,CSL_pup,0.999992
95,18ZC4890.JPG,1,2833.6,3429.6,2912.8,3509.6,0.999982,-1,CSL_pup,0.999982
96,18ZC4890.JPG,1,2863.2,3390.4,2970.4,3433.6,0.999965,-1,CSL_pup,0.999965
97,18ZC4890.JPG,1,2948,3395.2,3017.6,3425.6,0.999637,-1,CSL_pup,0.999637
98,18ZC4890.JPG,1,3080.8,3417.6,3136,3463.2,0.999247,-1,CSL_pup,0.999247
99,18ZC4890.JPG,1,2873.6,3446.4,2934.4,3480.8,0.999245,-1,CSL_pup,0.999245
100,18ZC4890.JPG,1,2920.8,3444.8,2974.4,3476.8,0.998935,-1,CSL_pup,0.998935
101,18ZC4890.JPG,1,2916,3426.4,2975.2,3454.4,0.986895,-1,CSL_pup,0.986895
102,18ZC4890.JPG,1,2892.8,3466.4,2968.8,3492,0.463302,-1,CSL_pup,0.463302
103,18ZC4890.JPG,1,3544.8,1797.6,3610.4,1862.4,0.999996,-1,CSL_pup,0.999996
104,18ZC4890.JPG,1,3516,1668.8,3606.4,1716,0.999995,-1,CSL_pup,0.999995
105,18ZC4890.JPG,1,3504.8,1630.4,3588.8,1678.4,0.999984,-1,CSL_pup,0.999984
106,18ZC4890.JPG,1,3585.6,2130.4,3659.2,2168.8,0.999998,-1,CSL_pup,0.999998
107,18ZC4890.JPG,1,3464.8,2293.6,3504,2380.8,0.999998,-1,CSL_pup,0.999998
108,18ZC4890.JPG,1,3198.4,2456,3252,2534.4,0.999994,-1,CSL_pup,0.999994
109,18ZC4890.JPG,1,3136,2510.4,3198.4,2581.6,0.999993,-1,CSL_pup,0.999993
110,18ZC4890.JPG,1,3321.6,2555.2,3411.2,2609.6,0.999987,-1,CSL_pup,0.999987
111,18ZC4890.JPG,1,3489.6,2310.4,3536,2393.6,0.999986,-1,CSL_pup,0.999986
112,18ZC4890.JPG,1,3134.4,2432,3176.8,2478.4,0.999984,-1,CSL_pup,0.999984
113,18ZC4890.JPG,1,3375.2,2519.2,3447.2,2548,0.999984,-1,CSL_pup,0.999984
114,18ZC4890.JPG,1,3250.4,2431.2,3303.2,2512.8,0.99997,-1,CSL_pup,0.99997
115,18ZC4890.JPG,1,3288.8,2453.6,3324,2533.6,0.999968,-1,CSL_pup,0.999968
116,18ZC4890.JPG,1,3316.8,2452.8,3354.4,2524,0.999967,-1,CSL_pup,0.999967
117,18ZC4890.JPG,1,3383.2,2380,3448,2434.4,0.999933,-1,CSL_pup,0.999933
118,18ZC4890.JPG,1,3328,2413.6,3375.2,2466.4,0.999891,-1,CSL_pup,0.999891
119,18ZC4890.JPG,1,3328,2384.8,3384,2442.4,0.999857,-1,CSL_pup,0.999857
120,18ZC4890.JPG,1,3546.4,2129.6,3599.2,2156,0.999829,-1,CSL_pup,0.999829
121,18ZC4890.JPG,1,3186.4,2460,3220,2490.4,0.999664,-1,CSL_pup,0.999664
122,18ZC4890.JPG,1,3288.8,2523.2,3364,2565.6,0.99951,-1,CSL_pup,0.99951
123,18ZC4890.JPG,1,3363.2,2288,3429.6,2343.2,0.999303,-1,CSL_pup,0.999303
124,18ZC4890.JPG,1,3389.6,2549.6,3458.4,2597.6,0.999254,-1,CSL_pup,0.999254
125,18ZC4890.JPG,1,3389.6,2324.8,3434.4,2379.2,0.999073,-1,CSL_pup,0.999073
126,18ZC4890.JPG,1,3182.4,2486.4,3255.2,2561.6,0.998975,-1,CSL_pup,0.998975
127,18ZC4890.JPG,1,3320.8,2362.4,3376,2391.2,0.998811,-1,CSL_pup,0.998811
128,18ZC4890.JPG,1,3355.2,2310.4,3392,2382.4,0.998802,-1,CSL_pup,0.998802
129,18ZC4890.JPG,1,3368,2468,3402.4,2499.2,0.996555,-1,CSL_pup,0.996555
130,18ZC4890.JPG,1,3436.8,2294.4,3473.6,2389.6,0.994183,-1,CSL_pup,0.994183
131,18ZC4890.JPG,1,3256,2520,3335.2,2559.2,0.977216,-1,CSL_pup,0.977216
132,18ZC4890.JPG,1,3623.2,2248.8,3656,2288,0.851009,-1,CSL_pup,0.851009
133,18ZC4890.JPG,1,3325.6,2589.6,3396.8,2627.2,0.781717,-1,CSL_pup,0.781717
134,18ZC4890.JPG,1,3244,2454.4,3283.2,2532,0.772145,-1,CSL_pup,0.772145
135,18ZC4890.JPG,1,3308,2612.8,3385.6,2653.6,0.999907,-1,CSL_pup,0.999907
136,18ZC4890.JPG,1,3316.8,2648.8,3380.8,2690.4,0.0443985,-1,CSL_pup,0.0443985
137,18ZC4890.JPG,1,3993.6,712.8,4045.6,768,0.999987,-1,CSL_pup,0.999987
138,18ZC4890.JPG,1,4035.2,635.2,4095.2,705.6,0.999974,-1,CSL_pup,0.999974
139,18ZC4890.JPG,1,4064.8,710.4,4117.6,766.4,0.999959,-1,CSL_pup,0.999959
140,18ZC4890.JPG,1,4060,856.8,4145.6,909.6,0.99995,-1,CSL_pup,0.99995
141,18ZC4890.JPG,1,4055.2,773.6,4113.6,826.4,0.999915,-1,CSL_pup,0.999915
142,18ZC4890.JPG,1,4041.6,680,4078.4,745.6,0.99912,-1,CSL_pup,0.99912
143,18ZC4890.JPG,1,3944,778.4,4003.2,838.4,0.998871,-1,CSL_pup,0.998871
144,18ZC4890.JPG,1,4014.4,829.6,4093.6,887.2,0.993708,-1,CSL_pup,0.993708
145,18ZC4890.JPG,1,3989.6,800.8,4078.4,848,0.987619,-1,CSL_pup,0.987619
146,18ZC4890.JPG,1,4119.2,770.4,4170.4,834.4,0.664208,-1,CSL_pup,0.664208
147,18ZC4890.JPG,1,4007.2,840.8,4044,880.8,0.560521,-1,CSL_pup,0.560521
148,18ZC4890.JPG,1,3970.4,811.2,4058.4,874.4,0.0338813,-1,CSL_pup,0.0338813
149,18ZC4890.JPG,1,3671.2,1913.6,3720,1988.8,0.999998,-1,CSL_pup,0.999998
150,18ZC4890.JPG,1,3872.8,1999.2,3973.6,2054.4,0.999998,-1,CSL_pup,0.999998
151,18ZC4890.JPG,1,3696,1793.6,3777.6,1873.6,0.999998,-1,CSL_pup,0.999998
152,18ZC4890.JPG,1,3731.2,1917.6,3784.8,1980,0.999992,-1,CSL_pup,0.999992
153,18ZC4890.JPG,1,3916,1864.8,3988,1916.8,0.999985,-1,CSL_pup,0.999985
154,18ZC4890.JPG,1,3798.4,1960.8,3872.8,2000.8,0.999977,-1,CSL_pup,0.999977
155,18ZC4890.JPG,1,3693.6,2024,3760.8,2088,0.99997,-1,CSL_pup,0.99997
156,18ZC4890.JPG,1,3754.4,1996.8,3800,2028.8,0.999967,-1,CSL_pup,0.999967
157,18ZC4890.JPG,1,3680.8,2080,3736,2112.8,0.999881,-1,CSL_pup,0.999881
158,18ZC4890.JPG,1,3839.2,2018.4,3884.8,2077.6,0.999827,-1,CSL_pup,0.999827
159,18ZC4890.JPG,1,3768.8,2007.2,3832,2084,0.9994,-1,CSL_pup,0.9994
160,18ZC4890.JPG,1,3659.2,2048.8,3740.8,2096,0.999044,-1,CSL_pup,0.999044
161,18ZC4890.JPG,1,3675.2,1984.8,3734.4,2029.6,0.998587,-1,CSL_pup,0.998587
162,18ZC4890.JPG,1,3730.4,1984,3771.2,2078.4,0.998215,-1,CSL_pup,0.998215
163,18ZC4890.JPG,1,3949.6,1800.8,3992,1854.4,0.995738,-1,CSL_pup,0.995738
164,18ZC4890.JPG,1,3862.4,1828.8,3930.4,1876.8,0.992281,-1,CSL_pup,0.992281
165,18ZC4890.JPG,1,3933.6,1808,3960.8,1860,0.991747,-1,CSL_pup,0.991747
166,18ZC4890.JPG,1,3712.8,1925.6,3753.6,1992,0.963799,-1,CSL_pup,0.963799
167,18ZC4890.JPG,1,3691.2,2131.2,3774.4,2190.4,0.999877,-1,CSL_pup,0.999877
168,18ZC4890.JPG,1,3660,2297.6,3714.4,2333.6,0.999632,-1,CSL_pup,0.999632
169,18ZC4890.JPG,1,3772,2142.4,3816,2199.2,0.998641,-1,CSL_pup,0.998641
170,18ZC4890.JPG,1,4448.8,1836.8,4529.6,1888.8,0.999961,-1,CSL_pup,0.999961
171,18ZC4890.JPG,1,3190.91,3076.36,3272.73,3158.18,0.0141279,-1,CSL_pup,0.0141279
172,18ZC5063.JPG,2,477.6,205.6,509.6,256.8,0.999996,-1,CSL_pup,0.999996
173,18ZC5063.JPG,2,275.2,8.80005,322.4,58.3999,0.99999,-1,CSL_pup,0.99999
174,18ZC5063.JPG,2,397.6,33.6001,438.4,70.3999,0.999915,-1,CSL_pup,0.999915
175,18ZC5063.JPG,2,404,215.2,450.4,268,0.999698,-1,CSL_pup,0.999698
176,18ZC5063.JPG,2,372.8,176,417.6,206.4,0.99954,-1,CSL_pup,0.99954
177,18ZC5063.JPG,2,253.6,209.6,296.8,264,0.999363,-1,CSL_pup,0.999363
178,18ZC5063.JPG,2,337.6,7.19995,389.6,64,0.997118,-1,CSL_pup,0.997118
179,18ZC5063.JPG,2,352.8,1.6001,399.2,40,0.982731,-1,CSL_pup,0.982731
180,18ZC5063.JPG,2,345.6,233.6,372.8,285.6,0.340951,-1,CSL_pup,0.340951
181,18ZC5063.JPG,2,266.4,237.6,308,283.2,0.188908,-1,CSL_pup,0.188908
182,18ZC5063.JPG,2,0.8,1734.4,96.8,1808.8,0.953148,-1,CSL_pup,0.953148
183,18ZC5063.JPG,2,588,265.6,637.6,298.4,0.999999,-1,CSL_pup,0.999999
184,18ZC5063.JPG,2,673.6,177.6,716,220,0.999994,-1,CSL_pup,0.999994
185,18ZC5063.JPG,2,643.2,155.2,672,209.6,0.999992,-1,CSL_pup,0.999992
186,18ZC5063.JPG,2,653.6,108,712,135.2,0.99999,-1,CSL_pup,0.99999
187,18ZC5063.JPG,2,660,231.2,698.4,271.2,0.99996,-1,CSL_pup,0.99996
188,18ZC5063.JPG,2,588.8,111.2,626.4,167.2,0.999292,-1,CSL_pup,0.999292
189,18ZC5063.JPG,2,781.6,209.6,817.6,254.4,0.997642,-1,CSL_pup,0.997642
190,18ZC5063.JPG,2,668.8,73.6001,724,112.8,0.997583,-1,CSL_pup,0.997583
191,18ZC5063.JPG,2,684,124.8,712,158.4,0.990439,-1,CSL_pup,0.990439
192,18ZC5063.JPG,2,631.2,452.8,684.8,485.6,0.974939,-1,CSL_pup,0.974939
193,18ZC5063.JPG,2,630.4,139.2,660.8,180,0.969819,-1,CSL_pup,0.969819
194,18ZC5063.JPG,2,648,318.4,680,356,0.782641,-1,CSL_pup,0.782641
195,18ZC5063.JPG,2,621.6,172,649.6,192,0.605179,-1,CSL_pup,0.605179
196,18ZC5063.JPG,2,690.4,153.6,724.8,176.8,0.579111,-1,CSL_pup,0.579111
197,18ZC5063.JPG,2,621.6,161.6,663.2,200,0.202466,-1,CSL_pup,0.202466
198,18ZC5063.JPG,2,866.4,192.8,898.4,239.2,0.188976,-1,CSL_pup,0.188976
199,18ZC5063.JPG,2,600,4,667.2,39.2,0.0520139,-1,CSL_pup,0.0520139
200,18ZC5063.JPG,2,670.4,158.4,696.8,194.4,0.0255402,-1,CSL_pup,0.0255402
201,18ZC5063.JPG,2,765.6,264,800.8,312.8,0.0118097,-1,CSL_pup,0.0118097
202,18ZC5063.JPG,2,984,816,1032,852,0.999987,-1,CSL_pup,0.999987
203,18ZC5063.JPG,2,912.8,756,944.8,799.2,0.999871,-1,CSL_pup,0.999871
204,18ZC5063.JPG,2,963.2,732,1006.4,788.8,0.999797,-1,CSL_pup,0.999797
205,18ZC5063.JPG,2,683.2,610.4,719.2,645.6,0.999636,-1,CSL_pup,0.999636
206,18ZC5063.JPG,2,744,834.4,796,881.6,0.776915,-1,CSL_pup,0.776915
207,18ZC5063.JPG,2,562.4,686.4,591.2,712.8,0.103502,-1,CSL_pup,0.103502
208,18ZC5063.JPG,2,914.4,984,947.2,1020.8,0.0254212,-1,CSL_pup,0.0254212
209,18ZC5063.JPG,2,1398.4,4.80005,1480.8,75.2,0.999964,-1,CSL_pup,0.999964
210,18ZC5063.JPG,2,1518.4,94.3999,1549.6,142.4,0.998406,-1,CSL_pup,0.998406
211,18ZC5063.JPG,2,1317.6,0,1412,36,0.991443,-1,CSL_pup,0.991443
212,18ZC5063.JPG,2,1476.8,6.3999,1528.8,72.8,0.975446,-1,CSL_pup,0.975446
213,18ZC5063.JPG,2,1510.4,0,1579.2,15.2,0.624368,-1,CSL_pup,0.624368
214,18ZC5063.JPG,2,1225.6,958.4,1270.4,992,0.999994,-1,CSL_pup,0.999994
215,18ZC5063.JPG,2,1216,776.8,1260,808,0.999989,-1,CSL_pup,0.999989
216,18ZC5063.JPG,2,1296.8,820.8,1324.8,863.2,0.999963,-1,CSL_pup,0.999963
217,18ZC5063.JPG,2,1127.2,1026.4,1188,1059.2,0.999947,-1,CSL_pup,0.999947
218,18ZC5063.JPG,2,1217.6,891.2,1254.4,928,0.999921,-1,CSL_pup,0.999921
219,18ZC5063.JPG,2,1184,938.4,1222.4,974.4,0.999811,-1,CSL_pup,0.999811
220,18ZC5063.JPG,2,1076.8,764,1140,788.8,0.999552,-1,CSL_pup,0.999552
221,18ZC5063.JPG,2,1340,1036.8,1401.6,1064.8,0.999375,-1,CSL_pup,0.999375
222,18ZC5063.JPG,2,1160,746.4,1193.6,785.6,0.999051,-1,CSL_pup,0.999051
223,18ZC5063.JPG,2,1340,1003.2,1392,1028.8,0.998928,-1,CSL_pup,0.998928
224,18ZC5063.JPG,2,1341.6,1019.2,1396.8,1041.6,0.998686,-1,CSL_pup,0.998686
225,18ZC5063.JPG,2,1176,902.4,1216,932,0.998538,-1,CSL_pup,0.998538
226,18ZC5063.JPG,2,1145.6,812,1178.4,870.4,0.996636,-1,CSL_pup,0.996636
227,18ZC5063.JPG,2,1196.8,870.4,1237.6,904,0.995786,-1,CSL_pup,0.995786
228,18ZC5063.JPG,2,1176.8,808,1205.6,860.8,0.685148,-1,CSL_pup,0.685148
229,18ZC5063.JPG,2,1073.6,622.4,1128.8,661.6,0.453366,-1,CSL_pup,0.453366
230,18ZC5063.JPG,2,1053.6,612.8,1123.2,646.4,0.394102,-1,CSL_pup,0.394102
231,18ZC5063.JPG,2,1186.4,865.6,1211.2,892.8,0.302858,-1,CSL_pup,0.302858
232,18ZC5063.JPG,2,1327.2,1146.4,1379.2,1224.8,1,-1,CSL_pup,1
233,18ZC5063.JPG,2,1316,1287.2,1336.8,1338.4,0.999997,-1,CSL_pup,0.999997
234,18ZC5063.JPG,2,1392,1173.6,1449.6,1202.4,0.999997,-1,CSL_pup,0.999997
235,18ZC5063.JPG,2,1372,1116,1403.2,1162.4,0.999983,-1,CSL_pup,0.999983
236,18ZC5063.JPG,2,1181.6,1088,1226.4,1124.8,0.999687,-1,CSL_pup,0.999687
237,18ZC5063.JPG,2,1390.4,1255.2,1440,1277.6,0.999395,-1,CSL_pup,0.999395
238,18ZC5063.JPG,2,1388,1270.4,1439.2,1296.8,0.999323,-1,CSL_pup,0.999323
239,18ZC5063.JPG,2,1475.2,1153.6,1498.4,1204.8,0.997623,-1,CSL_pup,0.997623
240,18ZC5063.JPG,2,1206.4,1087.2,1243.2,1140,0.99444,-1,CSL_pup,0.99444
241,18ZC5063.JPG,2,1268,1335.2,1304.8,1376,0.989293,-1,CSL_pup,0.989293
242,18ZC5063.JPG,2,1434.4,1295.2,1470.4,1337.6,0.986425,-1,CSL_pup,0.986425
243,18ZC5063.JPG,2,1155.2,1308.8,1212,1377.6,0.922639,-1,CSL_pup,0.922639
244,18ZC5063.JPG,2,1317.6,1244.8,1340,1280,0.254098,-1,CSL_pup,0.254098
245,18ZC5063.JPG,2,1268.8,1307.2,1303.2,1347.2,0.0926084,-1,CSL_pup,0.0926084
246,18ZC5063.JPG,2,1481.6,1667.2,1506.4,1696.8,0.291225,-1,CSL_pup,0.291225
247,18ZC5063.JPG,2,1443.2,1779.2,1492,1842.4,0.046352,-1,CSL_pup,0.046352
248,18ZC5063.JPG,2,1462.4,1718.4,1509.6,1764,0.0347471,-1,CSL_pup,0.0347471
249,18ZC5063.JPG,2,2029.6,234.4,2085.6,272,0.271553,-1,CSL_pup,0.271553
250,18ZC5063.JPG,2,1664.8,1488.8,1713.6,1525.6,0.999985,-1,CSL_pup,0.999985
251,18ZC5063.JPG,2,1605.6,1488.8,1645.6,1532.8,0.99878,-1,CSL_pup,0.99878
252,18ZC5063.JPG,2,1732,1620,1769.6,1664.8,0.893982,-1,CSL_pup,0.893982
253,18ZC5063.JPG,2,1702.4,1600.8,1736.8,1644.8,0.239854,-1,CSL_pup,0.239854
254,18ZC5063.JPG,2,1614.4,1635.2,1646.4,1659.2,0.192068,-1,CSL_pup,0.192068
255,18ZC5063.JPG,2,1707.2,2009.6,1765.6,2060.8,0.0600597,-1,CSL_pup,0.0600597
256,18ZC5063.JPG,2,2562.4,1492,2614.4,1580,0.999993,-1,CSL_pup,0.999993
257,18ZC5063.JPG,2,2520.8,1368,2598.4,1445.6,0.999992,-1,CSL_pup,0.999992
258,18ZC5063.JPG,2,2531.2,1440.8,2599.2,1492,0.999862,-1,CSL_pup,0.999862
259,18ZC5063.JPG,2,2529.6,1274.4,2571.2,1307.2,0.999026,-1,CSL_pup,0.999026
260,18ZC5063.JPG,2,2301.6,1326.4,2346.4,1396,0.0925836,-1,CSL_pup,0.0925836
261,18ZC5063.JPG,2,2195.2,2012.8,2228,2062.4,0.999866,-1,CSL_pup,0.999866
262,18ZC5063.JPG,2,2352.8,2252,2412.8,2280.8,0.999992,-1,CSL_pup,0.999992
263,18ZC5063.JPG,2,2359.2,2197.6,2402.4,2226.4,0.99999,-1,CSL_pup,0.99999
264,18ZC5063.JPG,2,2388.8,2212,2413.6,2259.2,0.999989,-1,CSL_pup,0.999989
265,18ZC5063.JPG,2,2292,2412,2348,2435.2,0.999985,-1,CSL_pup,0.999985
266,18ZC5063.JPG,2,2358.4,2295.2,2401.6,2322.4,0.999914,-1,CSL_pup,0.999914
267,18ZC5063.JPG,2,2355.2,2367.2,2408,2397.6,0.99989,-1,CSL_pup,0.99989
268,18ZC5063.JPG,2,2418.4,2392,2459.2,2428,0.999662,-1,CSL_pup,0.999662
269,18ZC5063.JPG,2,2399.2,2408.8,2440,2454.4,0.999565,-1,CSL_pup,0.999565
270,18ZC5063.JPG,2,2352.8,2333.6,2403.2,2371.2,0.999308,-1,CSL_pup,0.999308
271,18ZC5063.JPG,2,2343.2,2268.8,2389.6,2298.4,0.999023,-1,CSL_pup,0.999023
272,18ZC5063.JPG,2,2275.2,2302.4,2312,2332,0.99697,-1,CSL_pup,0.99697
273,18ZC5063.JPG,2,2367.2,2352,2412.8,2373.6,0.977843,-1,CSL_pup,0.977843
274,18ZC5063.JPG,2,2348.8,2320,2402.4,2346.4,0.9707,-1,CSL_pup,0.9707
275,18ZC5063.JPG,2,2397.6,2391.2,2432.8,2429.6,0.892508,-1,CSL_pup,0.892508
276,18ZC5063.JPG,2,2435.2,2935.2,2479.2,2968,0.999995,-1,CSL_pup,0.999995
277,18ZC5063.JPG,2,2585.6,2905.6,2632.8,2936.8,0.999992,-1,CSL_pup,0.999992
278,18ZC5063.JPG,2,2520,2874.4,2564,2916,0.999981,-1,CSL_pup,0.999981
279,18ZC5063.JPG,2,2364,2916,2411.2,2959.2,0.143276,-1,CSL_pup,0.143276
280,18ZC5063.JPG,2,3017.6,327.2,3108,375.2,0.996118,-1,CSL_pup,0.996118
281,18ZC5063.JPG,2,3029.6,380,3093.6,468.8,0.983443,-1,CSL_pup,0.983443
282,18ZC5063.JPG,2,2973.6,419.2,3062.4,467.2,0.184199,-1,CSL_pup,0.184199
283,18ZC5063.JPG,2,2667.2,390.4,2715.2,413.6,0.011354,-1,CSL_pup,0.011354
284,18ZC5063.JPG,2,2678.4,2924.8,2716,2953.6,0.99999,-1,CSL_pup,0.99999
285,18ZC5063.JPG,2,2654.4,2839.2,2692,2875.2,0.9999,-1,CSL_pup,0.9999
286,18ZC5063.JPG,2,2636,2984,2684,3023.2,0.999799,-1,CSL_pup,0.999799
287,18ZC5063.JPG,2,2676,2979.2,2700.8,3017.6,0.999797,-1,CSL_pup,0.999797
288,18ZC5063.JPG,2,2727.2,2943.2,2755.2,2974.4,0.999773,-1,CSL_pup,0.999773
289,18ZC5063.JPG,2,2655.2,2967.2,2698.4,2992.8,0.999327,-1,CSL_pup,0.999327
290,18ZC5063.JPG,2,2722.4,2963.2,2767.2,2997.6,0.998959,-1,CSL_pup,0.998959
291,18ZC5063.JPG,2,2635.2,2939.2,2677.6,2968,0.997583,-1,CSL_pup,0.997583
292,18ZC5063.JPG,2,2724,3016.8,2764.8,3041.6,0.996526,-1,CSL_pup,0.996526
293,18ZC5063.JPG,2,2711.2,2991.2,2772,3016.8,0.990461,-1,CSL_pup,0.990461
294,18ZC5063.JPG,2,2680,2862.4,2718.4,2901.6,0.981389,-1,CSL_pup,0.981389
295,18ZC5063.JPG,2,2620,2820.8,2652,2847.2,0.976138,-1,CSL_pup,0.976138
296,18ZC5063.JPG,2,2643.2,2811.2,2674.4,2837.6,0.75855,-1,CSL_pup,0.75855
297,18ZC5063.JPG,2,2763.2,3064,2797.6,3125.6,0.679578,-1,CSL_pup,0.679578
298,18ZC5063.JPG,2,2679.2,2846.4,2710.4,2878.4,0.627619,-1,CSL_pup,0.627619
299,18ZC5063.JPG,2,2704,2960,2729.6,3001.6,0.570788,-1,CSL_pup,0.570788
300,18ZC5063.JPG,2,2626.4,3006.4,2683.2,3027.2,0.156309,-1,CSL_pup,0.156309
301,18ZC5063.JPG,2,2701.6,2929.6,2742.4,3004,0.0238774,-1,CSL_pup,0.0238774
302,18ZC5063.JPG,2,3536,2501.6,3620.8,2571.2,0.999996,-1,CSL_pup,0.999996
303,18ZC5063.JPG,2,3150.4,2148.8,3228,2221.6,0.99999,-1,CSL_pup,0.99999
304,18ZC5063.JPG,2,3139.2,2191.2,3231.2,2252.8,0.999967,-1,CSL_pup,0.999967
305,18ZC5063.JPG,2,3220,2152.8,3255.2,2192.8,0.999962,-1,CSL_pup,0.999962
306,18ZC5063.JPG,2,3426.4,2490.4,3512.8,2535.2,0.999757,-1,CSL_pup,0.999757
307,18ZC5063.JPG,2,3215.2,2224.8,3263.2,2252.8,0.986826,-1,CSL_pup,0.986826
308,18ZC5063.JPG,2,3279.2,3710.4,3311.2,3744.8,0.0417882,-1,CSL_pup,0.0417882
309,18ZC5063.JPG,2,3896,1525.6,3970.4,1591.2,0.99989,-1,CSL_pup,0.99989
310,18ZC5063.JPG,2,3855.2,1592.8,3922.4,1686.4,1,-1,CSL_pup,1
311,18ZC5063.JPG,2,3685.6,1752,3771.2,1805.6,0.999971,-1,CSL_pup,0.999971
312,18ZC5063.JPG,2,3842.4,1668,3917.6,1760.8,0.998245,-1,CSL_pup,0.998245
313,18ZC5063.JPG,2,3696.8,1703.2,3777.6,1764,0.960077,-1,CSL_pup,0.960077
314,18ZC5063.JPG,2,3779.2,1751.2,3848,1820,0.0317704,-1,CSL_pup,0.0317704
315,18ZC5063.JPG,2,4466.4,1385.6,4496.8,1426.4,0.129524,-1,CSL_pup,0.129524
316,18ZC5063.JPG,2,4834.4,3312.8,4944.8,3492.8,0.182148,-1,CSL_pup,0.182148
317,18ZC5063.JPG,2,4246.36,3763.64,4328.18,3837.27,0.576425,-1,CSL_pup,0.576425
318,18ZC5063.JPG,2,4295.45,3321.82,4369.09,3362.73,0.433563,-1,CSL_pup,0.433563
319,18ZC5063.JPG,2,4197.27,3771.82,4295.45,3829.09,0.16217,-1,CSL_pup,0.16217
320,18ZC5063.JPG,2,4827.27,3804.55,4917.27,3845.45,0.157705,-1,CSL_pup,0.157705
321,18ZC5063.JPG,2,3919.09,2102.73,4033.64,2143.64,0.073902,-1,CSL_pup,0.073902
322,18ZC5063.JPG,2,4270.91,3305.45,4344.55,3387.27,0.0510315,-1,CSL_pup,0.0510315
323,18ZC5063.JPG,2,4303.64,3035.45,4393.64,3166.36,0.0502665,-1,CSL_pup,0.0502665
324,18ZC5063.JPG,2,4802.73,3313.64,4982.73,3452.73,0.0436158,-1,CSL_pup,0.0436158
325,18ZC5063.JPG,2,4295.45,3780,4377.27,3837.27,0.0375196,-1,CSL_pup,0.0375196
326,18ZC5063.JPG,2,2675.45,3796.36,2773.64,3845.45,0.0249461,-1,CSL_pup,0.0249461
327,18ZC5063.JPG,2,4099.09,3240,4189.09,3321.82,0.0219351,-1,CSL_pup,0.0219351
328,18ZC5063.JPG,2,2528.18,1423.64,2585.45,1505.45,0.0164568,-1,CSL_pup,0.0164568
329,18ZC5063.JPG,2,3395.45,2495.45,3485.45,2552.73,0.0130445,-1,CSL_pup,0.0130445
330,18ZC5063.JPG,2,4172.73,2225.45,4254.55,2290.91,0.0104945,-1,CSL_pup,0.0104945
331,18ZC5063.JPG,2,2830.91,3812.73,2994.55,3837.27,0.0102235,-1,CSL_pup,0.0102235
332,18ZC5064.JPG,3,459.2,400,508.8,436.8,0.999997,-1,CSL_pup,0.999997
333,18ZC5064.JPG,3,367.2,328.8,414.4,355.2,0.999621,-1,CSL_pup,0.999621
334,18ZC5064.JPG,3,487.2,440,521.6,482.4,0.999192,-1,CSL_pup,0.999192
335,18ZC5064.JPG,3,504,188,552,224.8,0.999022,-1,CSL_pup,0.999022
336,18ZC5064.JPG,3,427.2,165.6,455.2,227.2,0.998697,-1,CSL_pup,0.998697
337,18ZC5064.JPG,3,496,140,521.6,173.6,0.998251,-1,CSL_pup,0.998251
338,18ZC5064.JPG,3,421.6,372.8,446.4,422.4,0.997479,-1,CSL_pup,0.997479
339,18ZC5064.JPG,3,473.6,251.2,516,312,0.996006,-1,CSL_pup,0.996006
340,18ZC5064.JPG,3,508,229.6,551.2,255.2,0.955283,-1,CSL_pup,0.955283
341,18ZC5064.JPG,3,479.2,222.4,510.4,248,0.913058,-1,CSL_pup,0.913058
342,18ZC5064.JPG,3,396.8,504.8,480.8,540.8,0.912111,-1,CSL_pup,0.912111
343,18ZC5064.JPG,3,472.8,148,517.6,199.2,0.884446,-1,CSL_pup,0.884446
344,18ZC5064.JPG,3,467.2,238.4,500.8,275.2,0.821988,-1,CSL_pup,0.821988
345,18ZC5064.JPG,3,487.2,13.6001,525.6,52.8,0.715537,-1,CSL_pup,0.715537
346,18ZC5064.JPG,3,180,377.6,226.4,431.2,0.644191,-1,CSL_pup,0.644191
347,18ZC5064.JPG,3,480,39.2,505.6,95.2,0.534397,-1,CSL_pup,0.534397
348,18ZC5064.JPG,3,461.6,437.6,499.2,460.8,0.0822295,-1,CSL_pup,0.0822295
349,18ZC5064.JPG,3,387.2,266.4,418.4,305.6,0.0592552,-1,CSL_pup,0.0592552
350,18ZC5064.JPG,3,444.8,88.8,472,116.8,0.0113967,-1,CSL_pup,0.0113967
351,18ZC5064.JPG,3,301.6,897.6,391.2,958.4,0.999964,-1,CSL_pup,0.999964
352,18ZC5064.JPG,3,261.6,963.2,331.2,1000.8,0.999873,-1,CSL_pup,0.999873
353,18ZC5064.JPG,3,177.6,1016.8,247.2,1060,0.999232,-1,CSL_pup,0.999232
354,18ZC5064.JPG,3,223.2,601.6,279.2,632.8,0.998626,-1,CSL_pup,0.998626
355,18ZC5064.JPG,3,162.4,965.6,199.2,1010.4,0.998444,-1,CSL_pup,0.998444
356,18ZC5064.JPG,3,253.6,902.4,328.8,986.4,0.997499,-1,CSL_pup,0.997499
357,18ZC5064.JPG,3,364.8,928.8,421.6,1004.8,0.997436,-1,CSL_pup,0.997436
358,18ZC5064.JPG,3,258.4,1002.4,306.4,1039.2,0.981399,-1,CSL_pup,0.981399
359,18ZC5064.JPG,3,264,990.4,352,1018.4,0.977511,-1,CSL_pup,0.977511
360,18ZC5064.JPG,3,228.8,617.6,304,735.2,0.274339,-1,CSL_pup,0.274339
361,18ZC5064.JPG,3,500,572,534.4,636.8,0.212351,-1,CSL_pup,0.212351
362,18ZC5064.JPG,3,316.8,999.2,461.6,1033.6,0.112825,-1,CSL_pup,0.112825
363,18ZC5064.JPG,3,469.6,718.4,505.6,760,0.0652069,-1,CSL_pup,0.0652069
364,18ZC5064.JPG,3,190.4,560.8,235.2,588,0.0433427,-1,CSL_pup,0.0433427
365,18ZC5064.JPG,3,486.4,715.2,514.4,744,0.012948,-1,CSL_pup,0.012948
366,18ZC5064.JPG,3,380.8,1289.6,434.4,1323.2,0.999996,-1,CSL_pup,0.999996
367,18ZC5064.JPG,3,413.6,1300.8,472,1372.8,0.999965,-1,CSL_pup,0.999965
368,18ZC5064.JPG,3,478.4,1261.6,528.8,1288.8,0.999913,-1,CSL_pup,0.999913
369,18ZC5064.JPG,3,252,1498.4,300.8,1586.4,0.999911,-1,CSL_pup,0.999911
370,18ZC5064.JPG,3,323.2,1113.6,382.4,1160.8,0.999792,-1,CSL_pup,0.999792
371,18ZC5064.JPG,3,477.6,1272.8,516.8,1362.4,0.999493,-1,CSL_pup,0.999493
372,18ZC5064.JPG,3,416.8,1228,460.8,1275.2,0.999299,-1,CSL_pup,0.999299
373,18ZC5064.JPG,3,271.2,1057.6,352,1120,0.999209,-1,CSL_pup,0.999209
374,18ZC5064.JPG,3,414.4,1222.4,444,1246.4,0.997598,-1,CSL_pup,0.997598
375,18ZC5064.JPG,3,297.6,1062.4,388,1092,0.995467,-1,CSL_pup,0.995467
376,18ZC5064.JPG,3,284.8,1104,352,1151.2,0.990457,-1,CSL_pup,0.990457
377,18ZC5064.JPG,3,313.6,1153.6,372,1180,0.984049,-1,CSL_pup,0.984049
378,18ZC5064.JPG,3,436,1194.4,476,1218.4,0.943838,-1,CSL_pup,0.943838
379,18ZC5064.JPG,3,396.8,1145.6,428,1186.4,0.923202,-1,CSL_pup,0.923202
380,18ZC5064.JPG,3,244,1061.6,301.6,1150.4,0.885745,-1,CSL_pup,0.885745
381,18ZC5064.JPG,3,340.8,1348.8,392,1435.2,0.860775,-1,CSL_pup,0.860775
382,18ZC5064.JPG,3,252,1343.2,308.8,1386.4,0.755105,-1,CSL_pup,0.755105
383,18ZC5064.JPG,3,244.8,1210.4,340,1257.6,0.263991,-1,CSL_pup,0.263991
384,18ZC5064.JPG,3,256.8,1139.2,324.8,1176,0.232314,-1,CSL_pup,0.232314
385,18ZC5064.JPG,3,184,1189.6,302.4,1241.6,0.183951,-1,CSL_pup,0.183951
386,18ZC5064.JPG,3,451.2,1218.4,478.4,1256.8,0.14308,-1,CSL_pup,0.14308
387,18ZC5064.JPG,3,473.6,1156.8,512,1182.4,0.120262,-1,CSL_pup,0.120262
388,18ZC5064.JPG,3,270.4,1184,364,1221.6,0.0943585,-1,CSL_pup,0.0943585
389,18ZC5064.JPG,3,374.4,1320.8,413.6,1360,0.0901336,-1,CSL_pup,0.0901336
390,18ZC5064.JPG,3,348.8,1795.2,405.6,1830.4,0.863995,-1,CSL_pup,0.863995
391,18ZC5064.JPG,3,348.8,1586.4,396,1629.6,0.412047,-1,CSL_pup,0.412047
392,18ZC5064.JPG,3,451.2,1708.8,502.4,1733.6,0.0134758,-1,CSL_pup,0.0134758
393,18ZC5064.JPG,3,696,106.4,743.2,140.8,1,-1,CSL_pup,1
394,18ZC5064.JPG,3,690.4,193.6,719.2,248,0.999997,-1,CSL_pup,0.999997
395,18ZC5064.JPG,3,600,247.2,647.2,279.2,0.999986,-1,CSL_pup,0.999986
396,18ZC5064.JPG,3,574.4,265.6,607.2,311.2,0.999984,-1,CSL_pup,0.999984
397,18ZC5064.JPG,3,636.8,172.8,674.4,212,0.999958,-1,CSL_pup,0.999958
398,18ZC5064.JPG,3,584.8,507.2,628.8,540.8,0.999942,-1,CSL_pup,0.999942
399,18ZC5064.JPG,3,560.8,457.6,596,498.4,0.999898,-1,CSL_pup,0.999898
400,18ZC5064.JPG,3,613.6,465.6,641.6,504,0.999833,-1,CSL_pup,0.999833
401,18ZC5064.JPG,3,696.8,88.8,740,114.4,0.999788,-1,CSL_pup,0.999788
402,18ZC5064.JPG,3,546.4,397.6,592.8,439.2,0.999568,-1,CSL_pup,0.999568
403,18ZC5064.JPG,3,560.8,197.6,603.2,236,0.999535,-1,CSL_pup,0.999535
404,18ZC5064.JPG,3,660,145.6,703.2,176,0.999388,-1,CSL_pup,0.999388
405,18ZC5064.JPG,3,531.2,437.6,588,463.2,0.999128,-1,CSL_pup,0.999128
406,18ZC5064.JPG,3,612,275.2,660.8,300,0.999127,-1,CSL_pup,0.999127
407,18ZC5064.JPG,3,707.2,152.8,738.4,194.4,0.998685,-1,CSL_pup,0.998685
408,18ZC5064.JPG,3,605.6,406.4,634.4,448,0.996451,-1,CSL_pup,0.996451
409,18ZC5064.JPG,3,651.2,114.4,679.2,164.8,0.996213,-1,CSL_pup,0.996213
410,18ZC5064.JPG,3,530.4,458.4,581.6,484,0.995607,-1,CSL_pup,0.995607
411,18ZC5064.JPG,3,541.6,383.2,585.6,407.2,0.895215,-1,CSL_pup,0.895215
412,18ZC5064.JPG,3,545.6,141.6,580.8,178.4,0.29556,-1,CSL_pup,0.29556
413,18ZC5064.JPG,3,620.8,413.6,649.6,452,0.0323247,-1,CSL_pup,0.0323247
414,18ZC5064.JPG,3,797.6,816,852,899.2,0.999993,-1,CSL_pup,0.999993
415,18ZC5064.JPG,3,785.6,725.6,836,808.8,0.999974,-1,CSL_pup,0.999974
416,18ZC5064.JPG,3,841.6,774.4,873.6,818.4,0.999879,-1,CSL_pup,0.999879
417,18ZC5064.JPG,3,532,639.2,591.2,666.4,0.999878,-1,CSL_pup,0.999878
418,18ZC5064.JPG,3,558.4,723.2,582.4,761.6,0.998856,-1,CSL_pup,0.998856
419,18ZC5064.JPG,3,606.4,585.6,684,642.4,0.993016,-1,CSL_pup,0.993016
420,18ZC5064.JPG,3,860.8,778.4,891.2,827.2,0.984661,-1,CSL_pup,0.984661
421,18ZC5064.JPG,3,533.6,723.2,564.8,752.8,0.9667,-1,CSL_pup,0.9667
422,18ZC5064.JPG,3,564,699.2,608,739.2,0.122274,-1,CSL_pup,0.122274
423,18ZC5064.JPG,3,881.6,1024.8,960,1071.2,0.0735292,-1,CSL_pup,0.0735292
424,18ZC5064.JPG,3,537.6,572,575.2,617.6,0.0533807,-1,CSL_pup,0.0533807
425,18ZC5064.JPG,3,545.6,1357.6,628,1413.6,0.999971,-1,CSL_pup,0.999971
426,18ZC5064.JPG,3,887.2,1301.6,922.4,1345.6,0.999556,-1,CSL_pup,0.999556
427,18ZC5064.JPG,3,591.2,1227.2,655.2,1304,0.995825,-1,CSL_pup,0.995825
428,18ZC5064.JPG,3,574.4,1342.4,630.4,1369.6,0.993022,-1,CSL_pup,0.993022
429,18ZC5064.JPG,3,652,1236,710.4,1280.8,0.987972,-1,CSL_pup,0.987972
430,18ZC5064.JPG,3,816.8,1356,884,1436,0.982307,-1,CSL_pup,0.982307
431,18ZC5064.JPG,3,1003.2,1218.4,1051.2,1268.8,0.974253,-1,CSL_pup,0.974253
432,18ZC5064.JPG,3,604,1183.2,650.4,1223.2,0.960791,-1,CSL_pup,0.960791
433,18ZC5064.JPG,3,535.2,1295.2,600.8,1361.6,0.928799,-1,CSL_pup,0.928799
434,18ZC5064.JPG,3,656.8,1314.4,708,1352,0.922888,-1,CSL_pup,0.922888
435,18ZC5064.JPG,3,966.4,1107.2,1007.2,1160,0.816715,-1,CSL_pup,0.816715
436,18ZC5064.JPG,3,929.6,1132.8,976.8,1164,0.794064,-1,CSL_pup,0.794064
437,18ZC5064.JPG,3,539.2,1268,612.8,1336.8,0.548001,-1,CSL_pup,0.548001
438,18ZC5064.JPG,3,596,1273.6,652,1308,0.378523,-1,CSL_pup,0.378523
439,18ZC5064.JPG,3,914.4,1373.6,954.4,1440.8,0.0660222,-1,CSL_pup,0.0660222
440,18ZC5064.JPG,3,1190.4,1275.2,1244,1303.2,0.999999,-1,CSL_pup,0.999999
441,18ZC5064.JPG,3,1518.4,1539.2,1566.4,1576,0.999995,-1,CSL_pup,0.999995
442,18ZC5064.JPG,3,1553.6,1413.6,1580.8,1452.8,0.999994,-1,CSL_pup,0.999994
443,18ZC5064.JPG,3,1076,1200,1101.6,1251.2,0.999993,-1,CSL_pup,0.999993
444,18ZC5064.JPG,3,1235.2,1300.8,1264.8,1348,0.999982,-1,CSL_pup,0.999982
445,18ZC5064.JPG,3,1204,1164,1229.6,1202.4,0.999959,-1,CSL_pup,0.999959
446,18ZC5064.JPG,3,1558.4,1498.4,1592,1552,0.999935,-1,CSL_pup,0.999935
447,18ZC5064.JPG,3,1123.2,1400.8,1180,1425.6,0.99992,-1,CSL_pup,0.99992
448,18ZC5064.JPG,3,1156,1220.8,1186.4,1271.2,0.999918,-1,CSL_pup,0.999918
449,18ZC5064.JPG,3,1121.6,1374.4,1168,1408.8,0.999905,-1,CSL_pup,0.999905
450,18ZC5064.JPG,3,1066.4,1146.4,1110.4,1197.6,0.999879,-1,CSL_pup,0.999879
451,18ZC5064.JPG,3,1166.4,1288.8,1198.4,1344.8,0.999252,-1,CSL_pup,0.999252
452,18ZC5064.JPG,3,1167.2,1351.2,1266.4,1492,0.99901,-1,CSL_pup,0.99901
453,18ZC5064.JPG,3,1245.6,1357.6,1325.6,1440.8,0.998817,-1,CSL_pup,0.998817
454,18ZC5064.JPG,3,1492.8,1387.2,1528,1421.6,0.998611,-1,CSL_pup,0.998611
455,18ZC5064.JPG,3,1520,1512,1553.6,1544,0.984944,-1,CSL_pup,0.984944
456,18ZC5064.JPG,3,1199.2,1529.6,1261.6,1556.8,0.751924,-1,CSL_pup,0.751924
457,18ZC5064.JPG,3,1546.4,1387.2,1580.8,1407.2,0.733676,-1,CSL_pup,0.733676
458,18ZC5064.JPG,3,1079.2,1188.8,1131.2,1215.2,0.68094,-1,CSL_pup,0.68094
459,18ZC5064.JPG,3,1366.4,1412.8,1414.4,1469.6,0.545862,-1,CSL_pup,0.545862
460,18ZC5064.JPG,3,1563.2,1448,1590.4,1474.4,0.374025,-1,CSL_pup,0.374025
461,18ZC5064.JPG,3,1278.4,1588,1315.2,1678.4,0.99999,-1,CSL_pup,0.99999
462,18ZC5064.JPG,3,1413.6,1932.8,1465.6,2013.6,0.999988,-1,CSL_pup,0.999988
463,18ZC5064.JPG,3,1476,1707.2,1517.6,1755.2,0.999908,-1,CSL_pup,0.999908
464,18ZC5064.JPG,3,1482.4,1950.4,1524.8,2047.2,0.998296,-1,CSL_pup,0.998296
465,18ZC5064.JPG,3,1439.2,1986.4,1464,2024.8,0.997778,-1,CSL_pup,0.997778
466,18ZC5064.JPG,3,1096.8,1599.2,1133.6,1656,0.991793,-1,CSL_pup,0.991793
467,18ZC5064.JPG,3,1159.2,1636.8,1198.4,1675.2,0.981948,-1,CSL_pup,0.981948
468,18ZC5064.JPG,3,1436,1691.2,1475.2,1752.8,0.968296,-1,CSL_pup,0.968296
469,18ZC5064.JPG,3,1141.6,1607.2,1188.8,1636,0.952978,-1,CSL_pup,0.952978
470,18ZC5064.JPG,3,1459.2,1918.4,1524.8,2007.2,0.952501,-1,CSL_pup,0.952501
471,18ZC5064.JPG,3,1368.8,1912,1408,1947.2,0.930372,-1,CSL_pup,0.930372
472,18ZC5064.JPG,3,1350.4,1699.2,1372,1751.2,0.826467,-1,CSL_pup,0.826467
473,18ZC5064.JPG,3,1381.6,1724.8,1446.4,1792.8,0.604461,-1,CSL_pup,0.604461
474,18ZC5064.JPG,3,1241.6,1595.2,1283.2,1632,0.0961172,-1,CSL_pup,0.0961172
475,18ZC5064.JPG,3,1188,1620.8,1237.6,1647.2,0.0233503,-1,CSL_pup,0.0233503
476,18ZC5064.JPG,3,1235.2,1627.2,1276.8,1667.2,0.0114061,-1,CSL_pup,0.0114061
477,18ZC5064.JPG,3,1596,1511.2,1628.8,1547.2,0.99998,-1,CSL_pup,0.99998
478,18ZC5064.JPG,3,1605.6,1317.6,1636,1379.2,0.999915,-1,CSL_pup,0.999915
479,18ZC5064.JPG,3,1590.4,1403.2,1628.8,1436.8,0.999788,-1,CSL_pup,0.999788
480,18ZC5064.JPG,3,1598.4,1439.2,1628.8,1477.6,0.999291,-1,CSL_pup,0.999291
481,18ZC5064.JPG,3,1748.8,1301.6,1821.6,1344.8,0.0431778,-1,CSL_pup,0.0431778
482,18ZC5064.JPG,3,1585.6,1400,1603.2,1432.8,0.0280751,-1,CSL_pup,0.0280751
483,18ZC5064.JPG,3,2041.6,1928,2067.2,1976,1,-1,CSL_pup,1
484,18ZC5064.JPG,3,1713.6,1942.4,1743.2,1993.6,0.999994,-1,CSL_pup,0.999994
485,18ZC5064.JPG,3,2061.6,2072.8,2112.8,2105.6,0.999972,-1,CSL_pup,0.999972
486,18ZC5064.JPG,3,1575.2,1698.4,1648.8,1760.8,0.999961,-1,CSL_pup,0.999961
487,18ZC5064.JPG,3,1654.4,1853.6,1696.8,1894.4,0.999856,-1,CSL_pup,0.999856
488,18ZC5064.JPG,3,1741.6,1922.4,1772.8,1969.6,0.998863,-1,CSL_pup,0.998863
489,18ZC5064.JPG,3,1992,1932.8,2021.6,1970.4,0.998794,-1,CSL_pup,0.998794
490,18ZC5064.JPG,3,1972,1806.4,2064.8,1872.8,0.993431,-1,CSL_pup,0.993431
491,18ZC5064.JPG,3,1928.8,2010.4,1973.6,2052.8,0.985237,-1,CSL_pup,0.985237
492,18ZC5064.JPG,3,1769.6,1931.2,1800.8,1969.6,0.981304,-1,CSL_pup,0.981304
493,18ZC5064.JPG,3,1973.6,1838.4,2038.4,1896.8,0.404996,-1,CSL_pup,0.404996
494,18ZC5064.JPG,3,1572.8,1750.4,1628,1796,0.121431,-1,CSL_pup,0.121431
495,18ZC5064.JPG,3,1776.8,2025.6,1825.6,2061.6,0.0111834,-1,CSL_pup,0.0111834
496,18ZC5064.JPG,3,2028.8,2397.6,2057.6,2449.6,0.999999,-1,CSL_pup,0.999999
497,18ZC5064.JPG,3,1896.8,2150.4,1919.2,2200,0.999999,-1,CSL_pup,0.999999
498,18ZC5064.JPG,3,1834.4,2207.2,1880.8,2252.8,0.999995,-1,CSL_pup,0.999995
499,18ZC5064.JPG,3,1954.4,2231.2,1991.2,2266.4,0.999986,-1,CSL_pup,0.999986
500,18ZC5064.JPG,3,1929.6,2368.8,1967.2,2396,0.99997,-1,CSL_pup,0.99997
501,18ZC5064.JPG,3,1860.8,2452,1904,2487.2,0.9999,-1,CSL_pup,0.9999
502,18ZC5064.JPG,3,1956,2408,2000,2458.4,0.999844,-1,CSL_pup,0.999844
503,18ZC5064.JPG,3,1929.6,2156,1966.4,2187.2,0.999016,-1,CSL_pup,0.999016
504,18ZC5064.JPG,3,1944.8,2112,1975.2,2147.2,0.998861,-1,CSL_pup,0.998861
505,18ZC5064.JPG,3,2001.6,2120,2037.6,2164,0.998692,-1,CSL_pup,0.998692
506,18ZC5064.JPG,3,1810.4,2401.6,1853.6,2450.4,0.99821,-1,CSL_pup,0.99821
507,18ZC5064.JPG,3,1916,2184,1940,2221.6,0.996768,-1,CSL_pup,0.996768
508,18ZC5064.JPG,3,1995.2,2161.6,2030.4,2207.2,0.996098,-1,CSL_pup,0.996098
509,18ZC5064.JPG,3,1896.8,2208.8,1940,2260.8,0.995737,-1,CSL_pup,0.995737
510,18ZC5064.JPG,3,1815.2,2435.2,1864.8,2472.8,0.991449,-1,CSL_pup,0.991449
511,18ZC5064.JPG,3,1901.6,2416,1924,2488,0.803567,-1,CSL_pup,0.803567
512,18ZC5064.JPG,3,1925.6,2182.4,1955.2,2236.8,0.737246,-1,CSL_pup,0.737246
513,18ZC5064.JPG,3,1626.4,2118.4,1660,2159.2,0.138051,-1,CSL_pup,0.138051
514,18ZC5064.JPG,3,1647.2,2320,1688,2356,0.0220778,-1,CSL_pup,0.0220778
515,18ZC5064.JPG,3,1944,2144,1975.2,2180.8,0.0114311,-1,CSL_pup,0.0114311
516,18ZC5064.JPG,3,1957.6,2317.6,2002.4,2348.8,0.0106318,-1,CSL_pup,0.0106318
517,18ZC5064.JPG,3,2363.2,977.6,2442.4,1053.6,0.999986,-1,CSL_pup,0.999986
518,18ZC5064.JPG,3,2250.4,805.6,2284.8,824,0.99987,-1,CSL_pup,0.99987
519,18ZC5064.JPG,3,2512.8,1240.8,2580.8,1317.6,0.999998,-1,CSL_pup,0.999998
520,18ZC5064.JPG,3,2484.8,1268,2531.2,1301.6,0.99998,-1,CSL_pup,0.99998
521,18ZC5064.JPG,3,2548,1424.8,2583.2,1456,0.999641,-1,CSL_pup,0.999641
522,18ZC5064.JPG,3,2462.4,1404.8,2495.2,1445.6,0.998669,-1,CSL_pup,0.998669
523,18ZC5064.JPG,3,2529.6,1392,2548.8,1421.6,0.977703,-1,CSL_pup,0.977703
524,18ZC5064.JPG,3,2499.2,1448.8,2536.8,1480.8,0.741516,-1,CSL_pup,0.741516
525,18ZC5064.JPG,3,2193.6,2002.4,2242.4,2046.4,0.999971,-1,CSL_pup,0.999971
526,18ZC5064.JPG,3,2136.8,2025.6,2181.6,2053.6,0.999918,-1,CSL_pup,0.999918
527,18ZC5064.JPG,3,2532,1728,2624,1768,0.99986,-1,CSL_pup,0.99986
528,18ZC5064.JPG,3,2124.8,1971.2,2164,2007.2,0.999463,-1,CSL_pup,0.999463
529,18ZC5064.JPG,3,2542.4,1588,2576.8,1628,0.999218,-1,CSL_pup,0.999218
530,18ZC5064.JPG,3,2180,2050.4,2228.8,2072.8,0.989471,-1,CSL_pup,0.989471
531,18ZC5064.JPG,3,2183.2,1955.2,2217.6,2014.4,0.699701,-1,CSL_pup,0.699701
532,18ZC5064.JPG,3,2188.8,2348.8,2216,2404.8,0.999998,-1,CSL_pup,0.999998
533,18ZC5064.JPG,3,2216.8,2370.4,2259.2,2412,0.999992,-1,CSL_pup,0.999992
534,18ZC5064.JPG,3,2199.2,2302.4,2256.8,2329.6,0.999987,-1,CSL_pup,0.999987
535,18ZC5064.JPG,3,2132.8,2458.4,2180.8,2488.8,0.99995,-1,CSL_pup,0.99995
536,18ZC5064.JPG,3,2253.6,2278.4,2295.2,2312,0.999925,-1,CSL_pup,0.999925
537,18ZC5064.JPG,3,2304.8,2456,2338.4,2501.6,0.999701,-1,CSL_pup,0.999701
538,18ZC5064.JPG,3,2142.4,2167.2,2194.4,2206.4,0.999295,-1,CSL_pup,0.999295
539,18ZC5064.JPG,3,2137.6,2307.2,2173.6,2364.8,0.998761,-1,CSL_pup,0.998761
540,18ZC5064.JPG,3,2206.4,2428,2238.4,2467.2,0.997201,-1,CSL_pup,0.997201
541,18ZC5064.JPG,3,2164,2365.6,2196.8,2389.6,0.995809,-1,CSL_pup,0.995809
542,18ZC5064.JPG,3,2412.8,2378.4,2444.8,2417.6,0.992552,-1,CSL_pup,0.992552
543,18ZC5064.JPG,3,2333.6,2404.8,2369.6,2448,0.991513,-1,CSL_pup,0.991513
544,18ZC5064.JPG,3,2228.8,2321.6,2255.2,2353.6,0.986546,-1,CSL_pup,0.986546
545,18ZC5064.JPG,3,2177.6,2336,2207.2,2373.6,0.977707,-1,CSL_pup,0.977707
546,18ZC5064.JPG,3,2200.8,2507.2,2275.2,2540,0.88558,-1,CSL_pup,0.88558
547,18ZC5064.JPG,3,2223.2,2352,2254.4,2375.2,0.724365,-1,CSL_pup,0.724365
548,18ZC5064.JPG,3,2192,2502.4,2217.6,2552,0.493665,-1,CSL_pup,0.493665
549,18ZC5064.JPG,3,2553.6,2090.4,2621.6,2128,0.213008,-1,CSL_pup,0.213008
550,18ZC5064.JPG,3,2157.6,2213.6,2208.8,2233.6,0.189176,-1,CSL_pup,0.189176
551,18ZC5064.JPG,3,2240.8,2348.8,2266.4,2372,0.0595191,-1,CSL_pup,0.0595191
552,18ZC5064.JPG,3,2505.6,2996.8,2553.6,3032,0.999997,-1,CSL_pup,0.999997
553,18ZC5064.JPG,3,2440,2936,2470.4,2979.2,0.999969,-1,CSL_pup,0.999969
554,18ZC5064.JPG,3,2488.8,2915.2,2528,2968,0.999952,-1,CSL_pup,0.999952
555,18ZC5064.JPG,3,2098.4,2865.6,2127.2,2904,0.999883,-1,CSL_pup,0.999883
556,18ZC5064.JPG,3,2584,2797.6,2632.8,2825.6,0.999424,-1,CSL_pup,0.999424
557,18ZC5064.JPG,3,2221.6,2779.2,2261.6,2836,0.655842,-1,CSL_pup,0.655842
558,18ZC5064.JPG,3,2110.4,2981.6,2171.2,3028.8,0.157954,-1,CSL_pup,0.157954
559,18ZC5064.JPG,3,2944,842.4,3015.2,882.4,0.999339,-1,CSL_pup,0.999339
560,18ZC5064.JPG,3,2893.6,815.2,2927.2,853.6,0.998432,-1,CSL_pup,0.998432
561,18ZC5064.JPG,3,2924,870.4,3010.4,912,0.993036,-1,CSL_pup,0.993036
562,18ZC5064.JPG,3,2926.4,800,2980.8,866.4,0.987669,-1,CSL_pup,0.987669
563,18ZC5064.JPG,3,2917.6,784,2968,819.2,0.986985,-1,CSL_pup,0.986985
564,18ZC5064.JPG,3,2916,900.8,2998.4,951.2,0.964781,-1,CSL_pup,0.964781
565,18ZC5064.JPG,3,2982.4,895.2,3008,934.4,0.037562,-1,CSL_pup,0.037562
566,18ZC5064.JPG,3,2623.2,1136,2672,1230.4,1,-1,CSL_pup,1
567,18ZC5064.JPG,3,2695.2,1538.4,2731.2,1570.4,0.999986,-1,CSL_pup,0.999986
568,18ZC5064.JPG,3,2736.8,1485.6,2764,1526.4,0.999956,-1,CSL_pup,0.999956
569,18ZC5064.JPG,3,2877.6,1501.6,2959.2,1577.6,0.999955,-1,CSL_pup,0.999955
570,18ZC5064.JPG,3,2828,1536,2864.8,1572,0.999929,-1,CSL_pup,0.999929
571,18ZC5064.JPG,3,2748.8,1519.2,2822.4,1581.6,0.999925,-1,CSL_pup,0.999925
572,18ZC5064.JPG,3,2655.2,1156,2704,1268,0.999918,-1,CSL_pup,0.999918
573,18ZC5064.JPG,3,3096,1548.8,3143.2,1585.6,0.999839,-1,CSL_pup,0.999839
574,18ZC5064.JPG,3,2693.6,1321.6,2760,1409.6,0.999062,-1,CSL_pup,0.999062
575,18ZC5064.JPG,3,3108,1370.4,3144,1401.6,0.909028,-1,CSL_pup,0.909028
576,18ZC5064.JPG,3,3002.4,1924,3082.4,2012.8,0.999992,-1,CSL_pup,0.999992
577,18ZC5064.JPG,3,3055.2,1633.6,3124.8,1708.8,0.999991,-1,CSL_pup,0.999991
578,18ZC5064.JPG,3,2940,1859.2,2973.6,1914.4,0.999959,-1,CSL_pup,0.999959
579,18ZC5064.JPG,3,2996.8,1648,3060,1682.4,0.999918,-1,CSL_pup,0.999918
580,18ZC5064.JPG,3,2776,2004.8,2816.8,2032.8,0.999245,-1,CSL_pup,0.999245
581,18ZC5064.JPG,3,2633.6,1584,2688,1658.4,0.998473,-1,CSL_pup,0.998473
582,18ZC5064.JPG,3,3116,1738.4,3150.4,1776,0.998442,-1,CSL_pup,0.998442
583,18ZC5064.JPG,3,2936,2047.2,2996.8,2105.6,0.99755,-1,CSL_pup,0.99755
584,18ZC5064.JPG,3,2649.6,1878.4,2684.8,1904.8,0.990084,-1,CSL_pup,0.990084
585,18ZC5064.JPG,3,2664.8,1608,2693.6,1669.6,0.721082,-1,CSL_pup,0.721082
586,18ZC5064.JPG,3,2660,1660,2710.4,1725.6,0.107674,-1,CSL_pup,0.107674
587,18ZC5064.JPG,3,2780.8,2128.8,2833.6,2164.8,0.999999,-1,CSL_pup,0.999999
588,18ZC5064.JPG,3,3004,2156,3060,2249.6,0.99995,-1,CSL_pup,0.99995
589,18ZC5064.JPG,3,2931.2,2204.8,3017.6,2275.2,0.999925,-1,CSL_pup,0.999925
590,18ZC5064.JPG,3,2840,2105.6,2882.4,2140,0.999701,-1,CSL_pup,0.999701
591,18ZC5064.JPG,3,2884.8,2132,2970.4,2197.6,0.998584,-1,CSL_pup,0.998584
592,18ZC5064.JPG,3,3026.4,2104.8,3073.6,2150.4,0.996397,-1,CSL_pup,0.996397
593,18ZC5064.JPG,3,3093.6,2098.4,3126.4,2149.6,0.996397,-1,CSL_pup,0.996397
594,18ZC5064.JPG,3,2849.6,2164,2948.8,2244,0.988526,-1,CSL_pup,0.988526
595,18ZC5064.JPG,3,3052,2153.6,3082.4,2204.8,0.287696,-1,CSL_pup,0.287696
596,18ZC5064.JPG,3,2888.8,2120.8,2980,2156,0.233413,-1,CSL_pup,0.233413
597,18ZC5064.JPG,3,2811.2,3007.2,2839.2,3044,0.999994,-1,CSL_pup,0.999994
598,18ZC5064.JPG,3,2733.6,2961.6,2778.4,2988.8,0.999292,-1,CSL_pup,0.999292
599,18ZC5064.JPG,3,2611.2,2820,2648,2841.6,0.995825,-1,CSL_pup,0.995825
600,18ZC5064.JPG,3,2700,2992,2724.8,3036.8,0.990409,-1,CSL_pup,0.990409
601,18ZC5064.JPG,3,2732.8,3072.8,2769.6,3106.4,0.989481,-1,CSL_pup,0.989481
602,18ZC5064.JPG,3,2666.4,2995.2,2698.4,3050.4,0.986793,-1,CSL_pup,0.986793
603,18ZC5064.JPG,3,2711.2,3051.2,2750.4,3084,0.962901,-1,CSL_pup,0.962901
604,18ZC5064.JPG,3,2692.8,3084,2729.6,3110.4,0.66576,-1,CSL_pup,0.66576
605,18ZC5064.JPG,3,2680,2932.8,2712.8,2970.4,0.134779,-1,CSL_pup,0.134779
606,18ZC5064.JPG,3,2836.8,3322.4,2885.6,3397.6,0.999999,-1,CSL_pup,0.999999
607,18ZC5064.JPG,3,2882.4,3295.2,2908.8,3340,0.999994,-1,CSL_pup,0.999994
608,18ZC5064.JPG,3,2898.4,3352.8,2955.2,3379.2,0.999988,-1,CSL_pup,0.999988
609,18ZC5064.JPG,3,2735.2,3133.6,2784,3169.6,0.999986,-1,CSL_pup,0.999986
610,18ZC5064.JPG,3,2641.6,3200.8,2697.6,3236.8,0.999983,-1,CSL_pup,0.999983
611,18ZC5064.JPG,3,2852,3215.2,2908,3242.4,0.999883,-1,CSL_pup,0.999883
612,18ZC5064.JPG,3,2896,3430.4,2945.6,3453.6,0.999201,-1,CSL_pup,0.999201
613,18ZC5064.JPG,3,2712.8,3261.6,2752.8,3314.4,0.996272,-1,CSL_pup,0.996272
614,18ZC5064.JPG,3,2892.8,3446.4,2941.6,3472.8,0.993547,-1,CSL_pup,0.993547
615,18ZC5064.JPG,3,2850.4,3192,2908.8,3216.8,0.993069,-1,CSL_pup,0.993069
616,18ZC5064.JPG,3,2820,3460,2842.4,3506.4,0.979833,-1,CSL_pup,0.979833
617,18ZC5064.JPG,3,2692,3264.8,2736.8,3302.4,0.930285,-1,CSL_pup,0.930285
618,18ZC5064.JPG,3,2773.6,3508.8,2811.2,3547.2,0.909695,-1,CSL_pup,0.909695
619,18ZC5064.JPG,3,2852,3184,2905.6,3206.4,0.555236,-1,CSL_pup,0.555236
620,18ZC5064.JPG,3,2938.4,3477.6,2969.6,3514.4,0.14182,-1,CSL_pup,0.14182
621,18ZC5064.JPG,3,2771.2,3478.4,2811.2,3519.2,0.0478785,-1,CSL_pup,0.0478785
622,18ZC5064.JPG,3,2978.4,3336.8,3005.6,3382.4,0.0162924,-1,CSL_pup,0.0162924
623,18ZC5064.JPG,3,3312,1211.2,3368.8,1241.6,1,-1,CSL_pup,1
624,18ZC5064.JPG,3,3252.8,1417.6,3308,1501.6,0.999998,-1,CSL_pup,0.999998
625,18ZC5064.JPG,3,3164,1448,3217.6,1516,0.999998,-1,CSL_pup,0.999998
626,18ZC5064.JPG,3,3348,1430.4,3412,1508.8,0.999997,-1,CSL_pup,0.999997
627,18ZC5064.JPG,3,3557.6,1445.6,3640,1496.8,0.999995,-1,CSL_pup,0.999995
628,18ZC5064.JPG,3,3426.4,1347.2,3499.2,1381.6,0.99999,-1,CSL_pup,0.99999
629,18ZC5064.JPG,3,3300.8,1405.6,3352,1488.8,0.999984,-1,CSL_pup,0.999984
630,18ZC5064.JPG,3,3516.8,1396,3564,1470.4,0.999982,-1,CSL_pup,0.999982
631,18ZC5064.JPG,3,3400,1377.6,3481.6,1456.8,0.999898,-1,CSL_pup,0.999898
632,18ZC5064.JPG,3,3591.2,1503.2,3624.8,1542.4,0.999888,-1,CSL_pup,0.999888
633,18ZC5064.JPG,3,3360.8,1365.6,3395.2,1405.6,0.999645,-1,CSL_pup,0.999645
634,18ZC5064.JPG,3,3268.8,1468.8,3343.2,1520.8,0.999623,-1,CSL_pup,0.999623
635,18ZC5064.JPG,3,3547.2,1352.8,3624.8,1445.6,0.999618,-1,CSL_pup,0.999618
636,18ZC5064.JPG,3,3496.8,1340,3579.2,1400.8,0.999169,-1,CSL_pup,0.999169
637,18ZC5064.JPG,3,3227.2,1496,3256,1532,0.997954,-1,CSL_pup,0.997954
638,18ZC5064.JPG,3,3484,1336.8,3551.2,1378.4,0.996455,-1,CSL_pup,0.996455
639,18ZC5064.JPG,3,3369.6,1499.2,3403.2,1546.4,0.993545,-1,CSL_pup,0.993545
640,18ZC5064.JPG,3,3480.8,1478.4,3512.8,1516,0.990934,-1,CSL_pup,0.990934
641,18ZC5064.JPG,3,3400,1324,3426.4,1368,0.986741,-1,CSL_pup,0.986741
642,18ZC5064.JPG,3,3565.6,1280,3641.6,1328.8,0.97981,-1,CSL_pup,0.97981
643,18ZC5064.JPG,3,3413.6,1362.4,3496,1416.8,0.968185,-1,CSL_pup,0.968185
644,18ZC5064.JPG,3,3499.2,1464.8,3544,1503.2,0.905578,-1,CSL_pup,0.905578
645,18ZC5064.JPG,3,3516,1474.4,3588.8,1529.6,0.83053,-1,CSL_pup,0.83053
646,18ZC5064.JPG,3,3233.6,1414.4,3268,1438.4,0.787898,-1,CSL_pup,0.787898
647,18ZC5064.JPG,3,3216.8,1448.8,3267.2,1496,0.157203,-1,CSL_pup,0.157203
648,18ZC5064.JPG,3,3490.4,1811.2,3577.6,1869.6,0.999998,-1,CSL_pup,0.999998
649,18ZC5064.JPG,3,3603.2,1797.6,3648,1844,0.999994,-1,CSL_pup,0.999994
650,18ZC5064.JPG,3,3172.8,1671.2,3252,1724.8,0.999993,-1,CSL_pup,0.999993
651,18ZC5064.JPG,3,3556,1655.2,3582.4,1699.2,0.999988,-1,CSL_pup,0.999988
652,18ZC5064.JPG,3,3365.6,1741.6,3448.8,1797.6,0.999978,-1,CSL_pup,0.999978
653,18ZC5064.JPG,3,3426.4,1715.2,3465.6,1753.6,0.99991,-1,CSL_pup,0.99991
654,18ZC5064.JPG,3,3259.2,1674.4,3305.6,1753.6,0.999899,-1,CSL_pup,0.999899
655,18ZC5064.JPG,3,3309.6,1677.6,3382.4,1746.4,0.998633,-1,CSL_pup,0.998633
656,18ZC5064.JPG,3,3160,1721.6,3238.4,1761.6,0.998566,-1,CSL_pup,0.998566
657,18ZC5064.JPG,3,3329.6,1681.6,3376,1712,0.987806,-1,CSL_pup,0.987806
658,18ZC5064.JPG,3,3284.8,1682.4,3344,1752,0.97684,-1,CSL_pup,0.97684
659,18ZC5064.JPG,3,3149.6,1746.4,3236,1795.2,0.974022,-1,CSL_pup,0.974022
660,18ZC5064.JPG,3,3628.8,1845.6,3663.2,1889.6,0.951149,-1,CSL_pup,0.951149
661,18ZC5064.JPG,3,3447.2,1808,3481.6,1872,0.920651,-1,CSL_pup,0.920651
662,18ZC5064.JPG,3,3379.2,1768,3408,1811.2,0.914756,-1,CSL_pup,0.914756
663,18ZC5064.JPG,3,3131.2,1756,3189.6,1816.8,0.858849,-1,CSL_pup,0.858849
664,18ZC5064.JPG,3,3141.6,1612,3215.2,1656.8,0.775497,-1,CSL_pup,0.775497
665,18ZC5064.JPG,3,3139.2,1786.4,3185.6,1831.2,0.712322,-1,CSL_pup,0.712322
666,18ZC5064.JPG,3,3510.4,1612,3541.6,1648.8,0.587739,-1,CSL_pup,0.587739
667,18ZC5064.JPG,3,3211.2,1760.8,3239.2,1802.4,0.138869,-1,CSL_pup,0.138869
668,18ZC5064.JPG,3,3175.2,1641.6,3215.2,1668,0.137638,-1,CSL_pup,0.137638
669,18ZC5064.JPG,3,3349.6,1773.6,3387.2,1827.2,0.0322077,-1,CSL_pup,0.0322077
670,18ZC5064.JPG,3,3228,1678.4,3256,1717.6,0.0227235,-1,CSL_pup,0.0227235
671,18ZC5064.JPG,3,3554.4,2439.2,3599.2,2496,0.666897,-1,CSL_pup,0.666897
672,18ZC5064.JPG,3,3159.2,3667.2,3206.4,3704,0.999908,-1,CSL_pup,0.999908
673,18ZC5064.JPG,3,3196,3784.8,3229.6,3820.8,0.987409,-1,CSL_pup,0.987409
674,18ZC5064.JPG,3,3187.2,3745.6,3220,3782.4,0.86494,-1,CSL_pup,0.86494
675,18ZC5064.JPG,3,3656,1266.4,3702.4,1318.4,0.999921,-1,CSL_pup,0.999921
676,18ZC5064.JPG,3,3813.6,2659.2,3857.6,2776.8,0.999948,-1,CSL_pup,0.999948
677,18ZC5064.JPG,3,4012,3556,4091.2,3638.4,0.999992,-1,CSL_pup,0.999992
678,18ZC5064.JPG,3,4053.6,3683.2,4103.2,3770.4,0.9992,-1,CSL_pup,0.9992
679,18ZC5064.JPG,3,4536,2532,4625.6,2576,0.896618,-1,CSL_pup,0.896618
680,18ZC5064.JPG,3,4491.82,1243.64,4581.82,1309.09,0.96224,-1,CSL_pup,0.96224
681,18ZC5064.JPG,3,4262.73,2012.73,4360.91,2061.82,0.563709,-1,CSL_pup,0.563709
682,18ZC5064.JPG,3,3820.91,2045.45,3968.18,2168.18,0.440918,-1,CSL_pup,0.440918
683,18ZC5064.JPG,3,4647.27,3804.55,4729.09,3837.27,0.162454,-1,CSL_pup,0.162454
684,18ZC5064.JPG,3,4172.73,1530,4246.36,1620,0.110886,-1,CSL_pup,0.110886
685,18ZC5064.JPG,3,4720.91,1022.73,4778.18,1096.36,0.110076,-1,CSL_pup,0.110076
686,18ZC5064.JPG,3,4328.18,2855.45,4393.64,2920.91,0.0551275,-1,CSL_pup,0.0551275
687,18ZC5064.JPG,3,4655.45,2937.27,4720.91,3002.73,0.0533376,-1,CSL_pup,0.0533376
688,18ZC5064.JPG,3,3452.73,1251.82,3550.91,1300.91,0.050026,-1,CSL_pup,0.050026
689,18ZC5064.JPG,3,2667.27,523.636,2749.09,589.091,0.038971,-1,CSL_pup,0.038971
690,18ZC5064.JPG,3,3968.18,1497.27,4074.55,1562.73,0.0302863,-1,CSL_pup,0.0302863
691,18ZC5064.JPG,3,4540.91,2004.55,4647.27,2078.18,0.0290558,-1,CSL_pup,0.0290558
692,18ZC5064.JPG,3,2536.36,834.545,2634.55,916.364,0.0269366,-1,CSL_pup,0.0269366
693,18ZC5064.JPG,3,4810.91,3796.36,4941.82,3837.27,0.0195718,-1,CSL_pup,0.0195718
694,18ZC5064.JPG,3,3362.73,891.818,3510,990,0.0195551,-1,CSL_pup,0.0195551
695,18ZC5064.JPG,3,3788.18,1620,3894.55,1685.45,0.018379,-1,CSL_pup,0.018379
696,18ZC5064.JPG,3,4549.09,900,4622.73,998.182,0.0155103,-1,CSL_pup,0.0155103
697,18ZC5064.JPG,3,4851.82,2888.18,4917.27,2937.27,0.0126293,-1,CSL_pup,0.0126293
698,18ZC5064.JPG,3,4279.09,3796.36,4434.55,3837.27,0.0125934,-1,CSL_pup,0.0125934
