Image Name,Annotation Name,Confidence Score,True,False,# True Positives,# False Positives,# Inv FP,# False Negatives,Precision,Recall,Specificity
str,str,float,bool,bool,int,int,int,int,float,float,float
18ZC5757,72,1.0,1,0,1,0,101,1222,1.0,0.0008176614881439084,1.0
18ZC5757,106,1.0,1,0,2,0,101,1221,1.0,0.001635322976287817,1.0
18ZC5064,61,1.0,1,0,3,0,101,1220,1.0,0.0024529844644317253,1.0
18ZC5064,291,1.0,1,0,4,0,101,1219,1.0,0.003270645952575634,1.0
18ZC5064,234,1.0,1,0,5,0,101,1218,1.0,0.004088307440719542,1.0
18ZC5064,151,1.0,1,0,6,0,101,1217,1.0,0.004905968928863451,1.0
18ZC5063,60,1.0,1,0,7,0,101,1216,1.0,0.005723630417007359,1.0
18ZC5063,138,1.0,1,0,8,0,101,1215,1.0,0.006541291905151268,1.0
18ZC4890,2,1.0,1,0,9,0,101,1214,1.0,0.007358953393295176,1.0
18ZC5757,36,0.999999,1,0,10,0,101,1213,1.0,0.008176614881439084,1.0
18ZC5757,30,0.999999,1,0,11,0,101,1212,1.0,0.008994276369582993,1.0
18ZC5757,13,0.999999,1,0,12,0,101,1211,1.0,0.009811937857726901,1.0
18ZC5064,274,0.999999,1,0,13,0,101,1210,1.0,0.01062959934587081,1.0
18ZC5064,255,0.999999,1,0,14,0,101,1209,1.0,0.011447260834014717,1.0
18ZC5064,165,0.999999,1,0,15,0,101,1208,1.0,0.012264922322158627,1.0
18ZC5064,164,0.999999,1,0,16,0,101,1207,1.0,0.013082583810302535,1.0
18ZC5064,108,0.999999,1,0,17,0,101,1206,1.0,0.013900245298446443,1.0
18ZC5063,11,0.999999,1,0,18,0,101,1205,1.0,0.014717906786590351,1.0
18ZC5757,215,0.999998,1,0,19,0,101,1204,1.0,0.01553556827473426,1.0
18ZC5757,134,0.999998,1,0,20,0,101,1203,1.0,0.016353229762878167,1.0
18ZC5064,316,0.999998,1,0,21,0,101,1202,1.0,0.017170891251022075,1.0
18ZC5064,293,0.999998,1,0,22,0,101,1201,1.0,0.017988552739165987,1.0
18ZC5064,292,0.999998,1,0,23,0,101,1200,1.0,0.018806214227309895,1.0
18ZC5064,200,0.999998,1,0,24,0,101,1199,1.0,0.019623875715453803,1.0
18ZC5064,187,0.999998,1,0,25,0,101,1198,1.0,0.02044153720359771,1.0
18ZC4890,61,0.999998,1,0,26,0,101,1197,1.0,0.02125919869174162,1.0
18ZC4890,60,0.999998,1,0,27,0,101,1196,1.0,0.022076860179885527,1.0
18ZC4890,59,0.999998,1,0,28,0,101,1195,1.0,0.022894521668029435,1.0
18ZC4890,17,0.999998,1,0,29,0,101,1194,1.0,0.023712183156173343,1.0
18ZC4890,16,0.999998,1,0,30,0,101,1193,1.0,0.024529844644317254,1.0
18ZC5757,82,0.999997,1,0,31,0,101,1192,1.0,0.025347506132461162,1.0
18ZC5757,222,0.999997,1,0,32,0,101,1191,1.0,0.02616516762060507,1.0
18ZC5064,62,0.999997,1,0,33,0,101,1190,1.0,0.02698282910874898,1.0
18ZC5064,294,0.999997,1,0,34,0,101,1189,1.0,0.027800490596892886,1.0
18ZC5064,220,0.999997,1,0,35,0,101,1188,1.0,0.028618152085036794,1.0
18ZC5064,0,0.999997,1,0,36,0,101,1187,1.0,0.029435813573180702,1.0
18ZC5063,62,0.999997,1,0,37,0,101,1186,1.0,0.03025347506132461,1.0
18ZC5063,61,0.999997,1,0,38,0,101,1185,1.0,0.03107113654946852,1.0
18ZC4890,3,0.999997,1,0,39,0,101,1184,1.0,0.03188879803761243,1.0
18ZC4773,40,0.999997,1,0,40,0,101,1183,1.0,0.032706459525756335,1.0
18ZC5757,49,0.999996,1,0,41,0,101,1182,1.0,0.033524121013900246,1.0
18ZC5757,48,0.999996,1,0,42,0,101,1181,1.0,0.03434178250204415,1.0
18ZC5757,31,0.999996,1,0,43,0,101,1180,1.0,0.03515944399018806,1.0
18ZC5757,230,0.999996,1,0,44,0,101,1179,1.0,0.035977105478331974,1.0
18ZC5757,160,0.999996,1,0,45,0,101,1178,1.0,0.03679476696647588,1.0
18ZC5757,14,0.999996,1,0,46,0,101,1177,1.0,0.03761242845461979,1.0
18ZC5757,10,0.999996,1,0,47,0,101,1176,1.0,0.038430089942763694,1.0
18ZC5064,34,0.999996,1,0,48,0,101,1175,1.0,0.039247751430907606,1.0
18ZC5063,130,0.999996,1,0,49,0,101,1174,1.0,0.04006541291905151,1.0
18ZC5063,0,0.999996,1,0,50,0,101,1173,1.0,0.04088307440719542,1.0
18ZC4890,13,0.999996,1,0,51,0,101,1172,1.0,0.041700735895339326,1.0
18ZC5064,295,0.999995,1,0,52,0,101,1171,1.0,0.04251839738348324,1.0
18ZC5064,166,0.999995,1,0,53,0,101,1170,1.0,0.04333605887162715,1.0
18ZC5064,109,0.999995,1,0,54,0,101,1169,1.0,0.044153720359771054,1.0
18ZC5063,104,0.999995,1,0,55,0,101,1168,1.0,0.044971381847914965,1.0
18ZC4890,14,0.999995,1,0,56,0,101,1167,1.0,0.04578904333605887,1.0
18ZC4773,23,0.999995,1,0,57,0,101,1166,1.0,0.04660670482420278,1.0
18ZC5757,83,0.999994,1,0,58,0,101,1165,1.0,0.047424366312346686,1.0
18ZC5757,76,0.999994,0,1,58,1,100,1165,0.9830508474576272,0.047424366312346686,0.9900990099009901
18ZC5757,234,0.999994,1,0,59,1,100,1164,0.9833333333333333,0.0482420278004906,0.9900990099009901
18ZC5757,156,0.999994,1,0,60,1,100,1163,0.9836065573770492,0.04905968928863451,0.9900990099009901
18ZC5757,143,0.999994,1,0,61,1,100,1162,0.9838709677419355,0.04987735077677841,0.9900990099009901
18ZC5757,135,0.999994,1,0,62,1,100,1161,0.9841269841269841,0.050695012264922325,0.9900990099009901
18ZC5064,317,0.999994,1,0,63,1,100,1160,0.984375,0.05151267375306623,0.9900990099009901
18ZC5064,275,0.999994,1,0,64,1,100,1159,0.9846153846153847,0.05233033524121014,0.9900990099009901
18ZC5064,265,0.999994,1,0,65,1,100,1158,0.9848484848484849,0.053147996729354045,0.9900990099009901
18ZC5064,152,0.999994,1,0,66,1,100,1157,0.9850746268656716,0.05396565821749796,0.9900990099009901
18ZC5064,110,0.999994,1,0,67,1,100,1156,0.9852941176470589,0.05478331970564186,0.9900990099009901
18ZC5063,42,0.999994,1,0,68,1,100,1155,0.9855072463768116,0.05560098119378577,0.9900990099009901
18ZC5063,12,0.999994,1,0,69,1,100,1154,0.9857142857142858,0.056418642681929684,0.9900990099009901
18ZC4890,18,0.999994,1,0,70,1,100,1153,0.9859154929577465,0.05723630417007359,0.9900990099009901
18ZC5064,82,0.999993,1,0,71,1,100,1152,0.9861111111111112,0.0580539656582175,0.9900990099009901
18ZC5064,318,0.999993,1,0,72,1,100,1151,0.9863013698630136,0.058871627146361405,0.9900990099009901
18ZC5064,111,0.999993,1,0,73,1,100,1150,0.9864864864864865,0.059689288634505316,0.9900990099009901
18ZC5063,84,0.999993,1,0,74,1,100,1149,0.9866666666666667,0.06050695012264922,0.9900990099009901
18ZC4890,19,0.999993,1,0,75,1,100,1148,0.9868421052631579,0.06132461161079313,0.9900990099009901
18ZC5757,223,0.999992,1,0,76,1,100,1147,0.987012987012987,0.06214227309893704,0.9900990099009901
18ZC5064,345,0.999992,1,0,77,1,100,1146,0.9871794871794872,0.06295993458708095,0.9900990099009901
18ZC5064,244,0.999992,1,0,78,1,100,1145,0.9873417721518988,0.06377759607522486,0.9900990099009901
18ZC5064,201,0.999992,1,0,79,1,100,1144,0.9875,0.06459525756336877,0.9900990099009901
18ZC5063,90,0.999992,1,0,80,1,100,1143,0.9876543209876543,0.06541291905151267,0.9900990099009901
18ZC5063,85,0.999992,1,0,81,1,100,1142,0.9878048780487805,0.06623058053965658,0.9900990099009901
18ZC5063,13,0.999992,1,0,82,1,100,1141,0.9879518072289156,0.06704824202780049,0.9900990099009901
18ZC5063,105,0.999992,1,0,83,1,100,1140,0.9880952380952381,0.0678659035159444,0.9900990099009901
18ZC4890,62,0.999992,1,0,84,1,100,1139,0.9882352941176471,0.0686835650040883,0.9900990099009901
18ZC4890,4,0.999992,1,0,85,1,100,1138,0.9883720930232558,0.06950122649223221,0.9900990099009901
18ZC5064,245,0.999991,1,0,86,1,100,1137,0.9885057471264368,0.07031888798037612,0.9900990099009901
18ZC5757,175,0.99999,1,0,87,1,100,1136,0.9886363636363636,0.07113654946852004,0.9900990099009901
18ZC5064,296,0.99999,1,0,88,1,100,1135,0.9887640449438202,0.07195421095666395,0.9900990099009901
18ZC5064,129,0.99999,1,0,89,1,100,1134,0.9888888888888889,0.07277187244480784,0.9900990099009901
18ZC5063,91,0.99999,1,0,90,1,100,1133,0.989010989010989,0.07358953393295176,0.9900990099009901
18ZC5063,14,0.99999,1,0,91,1,100,1132,0.9891304347826086,0.07440719542109567,0.9900990099009901
18ZC5063,131,0.99999,1,0,92,1,100,1131,0.989247311827957,0.07522485690923958,0.9900990099009901
18ZC5063,112,0.99999,1,0,93,1,100,1130,0.9893617021276596,0.07604251839738348,0.9900990099009901
18ZC5063,1,0.99999,1,0,94,1,100,1129,0.9894736842105263,0.07686017988552739,0.9900990099009901
18ZC5757,84,0.999989,1,0,95,1,100,1128,0.9895833333333334,0.0776778413736713,0.9900990099009901
18ZC5757,211,0.999989,1,0,96,1,100,1127,0.9896907216494846,0.07849550286181521,0.9900990099009901
18ZC5757,161,0.999989,1,0,97,1,100,1126,0.9897959183673469,0.07931316434995912,0.9900990099009901
18ZC5757,136,0.999989,1,0,98,1,100,1125,0.98989898989899,0.08013082583810302,0.9900990099009901
18ZC5063,92,0.999989,1,0,99,1,100,1124,0.99,0.08094848732624693,0.9900990099009901
18ZC5063,43,0.999989,1,0,100,1,100,1123,0.9900990099009901,0.08176614881439084,0.9900990099009901
18ZC5064,319,0.999988,1,0,101,1,100,1122,0.9901960784313726,0.08258381030253475,0.9900990099009901
18ZC5064,276,0.999988,1,0,102,1,100,1121,0.9902912621359223,0.08340147179067865,0.9900990099009901
18ZC5064,130,0.999988,1,0,103,1,100,1120,0.9903846153846154,0.08421913327882256,0.9900990099009901
18ZC5757,50,0.999987,1,0,104,1,100,1119,0.9904761904761905,0.08503679476696648,0.9900990099009901
18ZC5757,235,0.999987,1,0,105,1,100,1118,0.9905660377358491,0.08585445625511039,0.9900990099009901
18ZC5064,202,0.999987,1,0,106,1,100,1117,0.9906542056074766,0.0866721177432543,0.9900990099009901
18ZC5063,30,0.999987,1,0,107,1,100,1116,0.9907407407407407,0.0874897792313982,0.9900990099009901
18ZC4890,47,0.999987,1,0,108,1,100,1115,0.9908256880733946,0.08830744071954211,0.9900990099009901
18ZC4890,20,0.999987,1,0,109,1,100,1114,0.990909090909091,0.08912510220768602,0.9900990099009901
18ZC5757,80,0.999986,1,0,110,1,100,1113,0.990990990990991,0.08994276369582993,0.9900990099009901
18ZC5757,176,0.999986,1,0,111,1,100,1112,0.9910714285714286,0.09076042518397383,0.9900990099009901
18ZC5064,63,0.999986,1,0,112,1,100,1111,0.9911504424778761,0.09157808667211774,0.9900990099009901
18ZC5064,277,0.999986,1,0,113,1,100,1110,0.9912280701754386,0.09239574816026165,0.9900990099009901
18ZC5064,235,0.999986,1,0,114,1,100,1109,0.991304347826087,0.09321340964840556,0.9900990099009901
18ZC5064,185,0.999986,1,0,115,1,100,1108,0.9913793103448276,0.09403107113654947,0.9900990099009901
18ZC5064,167,0.999986,1,0,116,1,100,1107,0.9914529914529915,0.09484873262469337,0.9900990099009901
18ZC4890,21,0.999986,1,0,117,1,100,1106,0.9915254237288136,0.09566639411283728,0.9900990099009901
18ZC5757,73,0.999985,1,0,118,1,100,1105,0.9915966386554622,0.0964840556009812,0.9900990099009901
18ZC5757,51,0.999985,1,0,119,1,100,1104,0.9916666666666667,0.0973017170891251,0.9900990099009901
18ZC5757,15,0.999985,1,0,120,1,100,1103,0.9917355371900827,0.09811937857726902,0.9900990099009901
18ZC5063,93,0.999985,1,0,121,1,100,1102,0.9918032786885246,0.09893704006541292,0.9900990099009901
18ZC5063,78,0.999985,1,0,122,1,100,1101,0.991869918699187,0.09975470155355683,0.9900990099009901
18ZC4890,63,0.999985,1,0,123,1,100,1100,0.9919354838709677,0.10057236304170074,0.9900990099009901
18ZC5757,177,0.999984,1,0,124,1,100,1099,0.992,0.10139002452984465,0.9900990099009901
18ZC5757,162,0.999984,1,0,125,1,100,1098,0.9920634920634921,0.10220768601798855,0.9900990099009901
18ZC5064,64,0.999984,1,0,126,1,100,1097,0.9921259842519685,0.10302534750613246,0.9900990099009901
18ZC5064,297,0.999984,1,0,127,1,100,1096,0.9921875,0.10384300899427637,0.9900990099009901
18ZC4890,23,0.999984,1,0,128,1,100,1095,0.9922480620155039,0.10466067048242028,0.9900990099009901
18ZC4890,22,0.999984,1,0,129,1,100,1094,0.9923076923076923,0.1054783319705642,0.9900990099009901
18ZC4890,15,0.999984,1,0,130,1,100,1093,0.9923664122137404,0.10629599345870809,0.9900990099009901
18ZC4773,54,0.999984,1,0,131,1,100,1092,0.9924242424242424,0.107113654946852,0.9900990099009901
18ZC5757,137,0.999983,1,0,132,1,100,1091,0.9924812030075187,0.10793131643499591,0.9900990099009901
18ZC5064,278,0.999983,1,0,133,1,100,1090,0.9925373134328358,0.10874897792313983,0.9900990099009901
18ZC5063,63,0.999983,1,0,134,1,100,1089,0.9925925925925926,0.10956663941128372,0.9900990099009901
18ZC5064,298,0.999982,1,0,135,1,100,1088,0.9926470588235294,0.11038430089942763,0.9900990099009901
18ZC5064,112,0.999982,1,0,136,1,100,1087,0.9927007299270073,0.11120196238757155,0.9900990099009901
18ZC4890,5,0.999982,1,0,137,1,100,1086,0.9927536231884058,0.11201962387571546,0.9900990099009901
18ZC5063,106,0.999981,1,0,138,1,100,1085,0.9928057553956835,0.11283728536385937,0.9900990099009901
18ZC4773,12,0.999981,1,0,139,1,100,1084,0.9928571428571429,0.11365494685200327,0.9900990099009901
18ZC5757,231,0.99998,1,0,140,1,100,1083,0.9929078014184397,0.11447260834014718,0.9900990099009901
18ZC5757,178,0.99998,1,0,141,1,100,1082,0.9929577464788732,0.11529026982829109,0.9900990099009901
18ZC5064,188,0.99998,1,0,142,1,100,1081,0.993006993006993,0.116107931316435,0.9900990099009901
18ZC5064,145,0.99998,1,0,143,1,100,1080,0.9930555555555556,0.1169255928045789,0.9900990099009901
18ZC5757,236,0.999979,1,0,144,1,100,1079,0.993103448275862,0.11774325429272281,0.9900990099009901
18ZC5757,37,0.999978,1,0,145,1,100,1078,0.9931506849315068,0.11856091578086672,0.9900990099009901
18ZC5064,320,0.999978,1,0,146,1,100,1077,0.9931972789115646,0.11937857726901063,0.9900990099009901
18ZC5757,81,0.999977,1,0,147,1,100,1076,0.9932432432432432,0.12019623875715454,0.9900990099009901
18ZC5757,74,0.999977,1,0,148,1,100,1075,0.9932885906040269,0.12101390024529844,0.9900990099009901
18ZC4890,64,0.999977,1,0,149,1,100,1074,0.9933333333333333,0.12183156173344235,0.9900990099009901
18ZC4890,1,0.999977,1,0,150,1,100,1073,0.9933774834437086,0.12264922322158626,0.9900990099009901
18ZC5757,138,0.999976,1,0,151,1,100,1072,0.993421052631579,0.12346688470973018,0.9900990099009901
18ZC5757,43,0.999975,1,0,152,1,100,1071,0.9934640522875817,0.12428454619787407,0.9900990099009901
18ZC5757,163,0.999975,1,0,153,1,100,1070,0.9935064935064936,0.12510220768601799,0.9900990099009901
18ZC5757,237,0.999974,1,0,154,1,100,1069,0.9935483870967742,0.1259198691741619,0.9900990099009901
18ZC5064,83,0.999974,1,0,155,1,100,1068,0.9935897435897436,0.1267375306623058,0.9900990099009901
18ZC4890,48,0.999974,1,0,156,1,100,1067,0.9936305732484076,0.12755519215044972,0.9900990099009901
18ZC5064,153,0.999972,1,0,157,1,100,1066,0.9936708860759493,0.12837285363859363,0.9900990099009901
18ZC5064,93,0.999971,1,0,158,1,100,1065,0.9937106918238994,0.12919051512673754,0.9900990099009901
18ZC5064,193,0.999971,1,0,159,1,100,1064,0.99375,0.13000817661488143,0.9900990099009901
18ZC5063,139,0.999971,1,0,160,1,100,1063,0.9937888198757764,0.13082583810302534,0.9900990099009901
18ZC5064,168,0.99997,1,0,161,1,100,1062,0.9938271604938271,0.13164349959116925,0.9900990099009901
18ZC4890,65,0.99997,1,0,162,1,100,1061,0.9938650306748467,0.13246116107931316,0.9900990099009901
18ZC4890,24,0.99997,1,0,163,1,100,1060,0.9939024390243902,0.13327882256745707,0.9900990099009901
18ZC5757,224,0.999969,1,0,164,1,100,1059,0.9939393939393939,0.13409648405560098,0.9900990099009901
18ZC5064,221,0.999969,1,0,165,1,100,1058,0.9939759036144579,0.1349141455437449,0.9900990099009901
18ZC4773,41,0.999969,1,0,166,1,100,1057,0.9940119760479041,0.1357318070318888,0.9900990099009901
18ZC4890,25,0.999968,1,0,167,1,100,1056,0.9940476190476191,0.13654946852003272,0.9900990099009901
18ZC5757,212,0.999967,1,0,168,1,100,1055,0.9940828402366864,0.1373671300081766,0.9900990099009901
18ZC5063,132,0.999967,1,0,169,1,100,1054,0.9941176470588236,0.1381847914963205,0.9900990099009901
18ZC4890,66,0.999967,1,0,170,1,100,1053,0.9941520467836257,0.13900245298446443,0.9900990099009901
18ZC4890,26,0.999967,1,0,171,1,100,1052,0.9941860465116279,0.13982011447260834,0.9900990099009901
18ZC5757,52,0.999966,1,0,172,1,100,1051,0.9942196531791907,0.14063777596075225,0.9900990099009901
18ZC5757,165,0.999965,1,0,173,1,100,1050,0.9942528735632183,0.14145543744889616,0.9900990099009901
18ZC5757,164,0.999965,1,0,174,1,100,1049,0.9942857142857143,0.14227309893704007,0.9900990099009901
18ZC5064,35,0.999965,1,0,175,1,100,1048,0.9943181818181818,0.14309076042518398,0.9900990099009901
18ZC4890,6,0.999965,1,0,176,1,100,1047,0.9943502824858758,0.1439084219133279,0.9900990099009901
18ZC5064,19,0.999964,1,0,177,1,100,1046,0.9943820224719101,0.14472608340147178,0.9900990099009901
18ZC5063,37,0.999964,1,0,178,1,100,1045,0.994413407821229,0.1455437448896157,0.9900990099009901
18ZC4773,39,0.999964,1,0,179,1,100,1044,0.9944444444444445,0.1463614063777596,0.9900990099009901
18ZC4773,36,0.999964,1,0,180,1,100,1043,0.994475138121547,0.1471790678659035,0.9900990099009901
18ZC5063,44,0.999963,1,0,181,1,100,1042,0.9945054945054945,0.14799672935404742,0.9900990099009901
18ZC5757,77,0.999962,1,0,182,1,100,1041,0.994535519125683,0.14881439084219134,0.9900990099009901
18ZC5063,133,0.999962,1,0,183,1,100,1040,0.9945652173913043,0.14963205233033525,0.9900990099009901
18ZC5757,32,0.999961,1,0,184,1,100,1039,0.9945945945945946,0.15044971381847916,0.9900990099009901
18ZC5064,154,0.999961,1,0,185,1,100,1038,0.9946236559139785,0.15126737530662307,0.9900990099009901
18ZC4890,80,0.999961,1,0,186,1,100,1037,0.9946524064171123,0.15208503679476695,0.9900990099009901
18ZC4773,73,0.999961,1,0,187,1,100,1036,0.9946808510638298,0.15290269828291086,0.9900990099009901
18ZC5063,15,0.99996,1,0,188,1,100,1035,0.9947089947089947,0.15372035977105478,0.9900990099009901
18ZC5064,246,0.999959,1,0,189,1,100,1034,0.9947368421052631,0.1545380212591987,0.9900990099009901
18ZC5064,113,0.999959,1,0,190,1,100,1033,0.9947643979057592,0.1553556827473426,0.9900990099009901
18ZC4890,49,0.999959,1,0,191,1,100,1032,0.9947916666666666,0.1561733442354865,0.9900990099009901
18ZC5064,65,0.999958,1,0,192,1,100,1031,0.9948186528497409,0.15699100572363042,0.9900990099009901
18ZC5064,236,0.999956,1,0,193,1,100,1030,0.9948453608247423,0.15780866721177433,0.9900990099009901
18ZC5757,179,0.999955,1,0,194,1,100,1029,0.9948717948717949,0.15862632869991825,0.9900990099009901
18ZC5064,237,0.999955,1,0,195,1,100,1028,0.9948979591836735,0.15944399018806213,0.9900990099009901
18ZC5757,53,0.999954,1,0,196,1,100,1027,0.9949238578680203,0.16026165167620604,0.9900990099009901
18ZC4773,60,0.999954,0,1,196,2,99,1027,0.98989898989899,0.16026165167620604,0.9801980198019802
18ZC5064,222,0.999952,1,0,197,2,99,1026,0.9899497487437185,0.16107931316434995,0.9801980198019802
18ZC5757,85,0.999951,1,0,198,2,99,1025,0.99,0.16189697465249386,0.9801980198019802
18ZC4773,13,0.999951,1,0,199,2,99,1024,0.9900497512437811,0.16271463614063778,0.9801980198019802
18ZC5064,256,0.99995,1,0,200,2,99,1023,0.9900990099009901,0.1635322976287817,0.9801980198019802
18ZC5064,203,0.99995,1,0,201,2,99,1022,0.9901477832512315,0.1643499591169256,0.9801980198019802
18ZC4890,50,0.99995,1,0,202,2,99,1021,0.9901960784313726,0.1651676206050695,0.9801980198019802
18ZC5064,344,0.999948,1,0,203,2,99,1020,0.9902439024390244,0.16598528209321342,0.9801980198019802
18ZC5757,144,0.999947,1,0,204,2,99,1019,0.9902912621359223,0.1668029435813573,0.9801980198019802
18ZC5063,45,0.999947,1,0,205,2,99,1018,0.9903381642512077,0.16762060506950122,0.9801980198019802
18ZC5757,145,0.999946,1,0,206,2,99,1017,0.9903846153846154,0.16843826655764513,0.9801980198019802
18ZC4773,42,0.999945,1,0,207,2,99,1016,0.9904306220095693,0.16925592804578904,0.9801980198019802
18ZC5064,66,0.999942,1,0,208,2,99,1015,0.9904761904761905,0.17007358953393295,0.9801980198019802
18ZC4773,0,0.999941,1,0,209,2,99,1014,0.990521327014218,0.17089125102207686,0.9801980198019802
18ZC5757,225,0.999938,1,0,210,2,99,1013,0.9905660377358491,0.17170891251022077,0.9801980198019802
18ZC5757,166,0.999935,1,0,211,2,99,1012,0.9906103286384976,0.17252657399836469,0.9801980198019802
18ZC5064,114,0.999935,1,0,212,2,99,1011,0.9906542056074766,0.1733442354865086,0.9801980198019802
18ZC5757,139,0.999933,1,0,213,2,99,1010,0.9906976744186047,0.17416189697465248,0.9801980198019802
18ZC4890,27,0.999933,1,0,214,2,99,1009,0.9907407407407407,0.1749795584627964,0.9801980198019802
18ZC5757,54,0.999931,1,0,215,2,99,1008,0.9907834101382489,0.1757972199509403,0.9801980198019802
18ZC5064,238,0.999929,1,0,216,2,99,1007,0.9908256880733946,0.17661488143908421,0.9801980198019802
18ZC5064,257,0.999925,1,0,217,2,99,1006,0.9908675799086758,0.17743254292722813,0.9801980198019802
18ZC5064,239,0.999925,1,0,218,2,99,1005,0.990909090909091,0.17825020441537204,0.9801980198019802
18ZC5064,204,0.999925,1,0,219,2,99,1004,0.9909502262443439,0.17906786590351595,0.9801980198019802
18ZC5757,8,0.999923,1,0,220,2,99,1003,0.990990990990991,0.17988552739165986,0.9801980198019802
18ZC5064,343,0.999921,1,0,221,2,99,1002,0.9910313901345291,0.18070318887980377,0.9801980198019802
18ZC5063,46,0.999921,1,0,222,2,99,1001,0.9910714285714286,0.18152085036794766,0.9801980198019802
18ZC5757,216,0.99992,1,0,223,2,99,1000,0.9911111111111112,0.18233851185609157,0.9801980198019802
18ZC5064,115,0.99992,1,0,224,2,99,999,0.9911504424778761,0.18315617334423548,0.9801980198019802
18ZC5757,146,0.999919,1,0,225,2,99,998,0.9911894273127754,0.1839738348323794,0.9801980198019802
18ZC5064,247,0.999918,1,0,226,2,99,997,0.9912280701754386,0.1847914963205233,0.9801980198019802
18ZC5064,240,0.999918,1,0,227,2,99,996,0.9912663755458515,0.1856091578086672,0.9801980198019802
18ZC5064,194,0.999918,1,0,228,2,99,995,0.991304347826087,0.18642681929681112,0.9801980198019802
18ZC5064,116,0.999918,1,0,229,2,99,994,0.9913419913419913,0.18724448078495504,0.9801980198019802
18ZC5757,107,0.999917,1,0,230,2,99,993,0.9913793103448276,0.18806214227309895,0.9801980198019802
18ZC5757,101,0.999915,1,0,231,2,99,992,0.9914163090128756,0.18887980376124286,0.9801980198019802
18ZC5064,146,0.999915,1,0,232,2,99,991,0.9914529914529915,0.18969746524938674,0.9801980198019802
18ZC5063,2,0.999915,1,0,233,2,99,990,0.9914893617021276,0.19051512673753065,0.9801980198019802
18ZC4890,51,0.999915,1,0,234,2,99,989,0.9915254237288136,0.19133278822567457,0.9801980198019802
18ZC5063,94,0.999914,1,0,235,2,99,988,0.9915611814345991,0.19215044971381848,0.9801980198019802
18ZC5064,36,0.999913,1,0,236,2,99,987,0.9915966386554622,0.1929681112019624,0.9801980198019802
18ZC5064,37,0.999911,1,0,237,2,99,986,0.9916317991631799,0.1937857726901063,0.9801980198019802
18ZC5064,321,0.99991,1,0,238,2,99,985,0.9916666666666667,0.1946034341782502,0.9801980198019802
18ZC5064,340,0.999908,1,0,239,2,99,984,0.991701244813278,0.19542109566639412,0.9801980198019802
18ZC5064,131,0.999908,1,0,240,2,99,983,0.9917355371900827,0.19623875715453803,0.9801980198019802
18ZC4890,45,0.999907,1,0,241,2,99,982,0.9917695473251029,0.19705641864268192,0.9801980198019802
18ZC5757,238,0.999906,1,0,242,2,99,981,0.9918032786885246,0.19787408013082583,0.9801980198019802
18ZC5064,117,0.999905,1,0,243,2,99,980,0.9918367346938776,0.19869174161896974,0.9801980198019802
18ZC5064,169,0.9999,1,0,244,2,99,979,0.991869918699187,0.19950940310711365,0.9801980198019802
18ZC5063,113,0.9999,1,0,245,2,99,978,0.9919028340080972,0.20032706459525756,0.9801980198019802
18ZC5757,157,0.999899,1,0,246,2,99,977,0.9919354838709677,0.20114472608340148,0.9801980198019802
18ZC5064,322,0.999899,1,0,247,2,99,976,0.9919678714859438,0.2019623875715454,0.9801980198019802
18ZC5064,67,0.999898,1,0,248,2,99,975,0.992,0.2027800490596893,0.9801980198019802
18ZC5064,299,0.999898,1,0,249,2,99,974,0.9920318725099602,0.2035977105478332,0.9801980198019802
18ZC4890,28,0.999891,1,0,250,2,99,973,0.9920634920634921,0.2044153720359771,0.9801980198019802
18ZC5063,95,0.99989,1,0,251,2,99,972,0.9920948616600791,0.205233033524121,0.9801980198019802
18ZC5063,137,0.99989,1,0,252,2,99,971,0.9921259842519685,0.20605069501226492,0.9801980198019802
18ZC5064,300,0.999888,1,0,253,2,99,970,0.9921568627450981,0.20686835650040883,0.9801980198019802
18ZC5757,55,0.999885,1,0,254,2,99,969,0.9921875,0.20768601798855274,0.9801980198019802
18ZC5064,279,0.999883,1,0,255,2,99,968,0.9922178988326849,0.20850367947669665,0.9801980198019802
18ZC5064,223,0.999883,1,0,256,2,99,967,0.9922480620155039,0.20932134096484056,0.9801980198019802
18ZC4890,67,0.999881,1,0,257,2,99,966,0.9922779922779923,0.21013900245298447,0.9801980198019802
18ZC5064,84,0.999879,1,0,258,2,99,965,0.9923076923076923,0.2109566639411284,0.9801980198019802
18ZC5064,118,0.999879,1,0,259,2,99,964,0.9923371647509579,0.21177432542927227,0.9801980198019802
18ZC5064,85,0.999878,1,0,260,2,99,963,0.9923664122137404,0.21259198691741618,0.9801980198019802
18ZC4890,77,0.999877,1,0,261,2,99,962,0.9923954372623575,0.2134096484055601,0.9801980198019802
18ZC5064,20,0.999873,1,0,262,2,99,961,0.9924242424242424,0.214227309893704,0.9801980198019802
18ZC5063,31,0.999871,1,0,263,2,99,960,0.9924528301886792,0.21504497138184792,0.9801980198019802
18ZC5064,186,0.99987,0,1,263,3,98,960,0.9887218045112782,0.21504497138184792,0.9702970297029703
18ZC5063,89,0.999866,1,0,264,3,98,959,0.9887640449438202,0.21586263286999183,0.9702970297029703
18ZC5063,86,0.999862,1,0,265,3,98,958,0.9888059701492538,0.21668029435813574,0.9702970297029703
18ZC5064,195,0.99986,1,0,266,3,98,957,0.9888475836431226,0.21749795584627965,0.9702970297029703
18ZC5757,86,0.999857,1,0,267,3,98,956,0.9888888888888889,0.21831561733442356,0.9702970297029703
18ZC4890,29,0.999857,1,0,268,3,98,955,0.988929889298893,0.21913327882256745,0.9702970297029703
18ZC5064,155,0.999856,1,0,269,3,98,954,0.9889705882352942,0.21995094031071136,0.9702970297029703
18ZC5757,239,0.999847,1,0,270,3,98,953,0.989010989010989,0.22076860179885527,0.9702970297029703
18ZC5757,56,0.999846,1,0,271,3,98,952,0.9890510948905109,0.22158626328699918,0.9702970297029703
18ZC5064,170,0.999844,1,0,272,3,98,951,0.9890909090909091,0.2224039247751431,0.9702970297029703
18ZC4773,1,0.99984,1,0,273,3,98,950,0.9891304347826086,0.223221586263287,0.9702970297029703
18ZC5757,46,0.999839,1,0,274,3,98,949,0.9891696750902527,0.22403924775143091,0.9702970297029703
18ZC5064,241,0.999839,1,0,275,3,98,948,0.9892086330935251,0.22485690923957483,0.9702970297029703
18ZC5064,68,0.999833,1,0,276,3,98,947,0.989247311827957,0.22567457072771874,0.9702970297029703
18ZC5757,87,0.999829,1,0,277,3,98,946,0.9892857142857143,0.22649223221586262,0.9702970297029703
18ZC4890,30,0.999829,1,0,278,3,98,945,0.9893238434163701,0.22730989370400653,0.9702970297029703
18ZC4890,68,0.999827,1,0,279,3,98,944,0.9893617021276596,0.22812755519215044,0.9702970297029703
18ZC5757,108,0.999821,1,0,280,3,98,943,0.9893992932862191,0.22894521668029436,0.9702970297029703
18ZC5757,109,0.999819,1,0,281,3,98,942,0.9894366197183099,0.22976287816843827,0.9702970297029703
18ZC5757,33,0.999816,1,0,282,3,98,941,0.9894736842105263,0.23058053965658218,0.9702970297029703
18ZC5757,180,0.999816,1,0,283,3,98,940,0.9895104895104895,0.2313982011447261,0.9702970297029703
18ZC5063,47,0.999811,1,0,284,3,98,939,0.9895470383275261,0.23221586263287,0.9702970297029703
18ZC5757,167,0.999804,1,0,285,3,98,938,0.9895833333333334,0.2330335241210139,0.9702970297029703
18ZC5757,168,0.999802,1,0,286,3,98,937,0.9896193771626297,0.2338511856091578,0.9702970297029703
18ZC5063,114,0.999799,1,0,287,3,98,936,0.9896551724137931,0.2346688470973017,0.9702970297029703
18ZC5757,217,0.999798,1,0,288,3,98,935,0.9896907216494846,0.23548650858544562,0.9702970297029703
18ZC5063,32,0.999797,1,0,289,3,98,934,0.9897260273972602,0.23630417007358953,0.9702970297029703
18ZC5063,115,0.999797,1,0,290,3,98,933,0.9897610921501706,0.23712183156173344,0.9702970297029703
18ZC5064,38,0.999792,1,0,291,3,98,932,0.9897959183673469,0.23793949304987735,0.9702970297029703
18ZC5757,169,0.999789,1,0,292,3,98,931,0.9898305084745763,0.23875715453802127,0.9702970297029703
18ZC5064,69,0.999788,1,0,293,3,98,930,0.9898648648648649,0.23957481602616518,0.9702970297029703
18ZC5064,147,0.999788,1,0,294,3,98,929,0.98989898989899,0.2403924775143091,0.9702970297029703
18ZC5757,88,0.999783,1,0,295,3,98,928,0.9899328859060402,0.24121013900245297,0.9702970297029703
18ZC5757,147,0.999773,1,0,296,3,98,927,0.9899665551839465,0.24202780049059688,0.9702970297029703
18ZC5063,116,0.999773,1,0,297,3,98,926,0.99,0.2428454619787408,0.9702970297029703
18ZC5063,134,0.999757,1,0,298,3,98,925,0.9900332225913622,0.2436631234668847,0.9702970297029703
18ZC5757,181,0.999754,1,0,299,3,98,924,0.9900662251655629,0.24448078495502862,0.9702970297029703
18ZC4773,14,0.999737,1,0,300,3,98,923,0.9900990099009901,0.24529844644317253,0.9702970297029703
18ZC5757,183,0.999716,1,0,301,3,98,922,0.9901315789473685,0.24611610793131644,0.9702970297029703
18ZC5757,182,0.999716,1,0,302,3,98,921,0.9901639344262295,0.24693376941946035,0.9702970297029703
18ZC5757,57,0.999704,1,0,303,3,98,920,0.9901960784313726,0.24775143090760426,0.9702970297029703
18ZC5064,258,0.999701,1,0,304,3,98,919,0.990228013029316,0.24856909239574815,0.9702970297029703
18ZC5064,205,0.999701,1,0,305,3,98,918,0.9902597402597403,0.24938675388389206,0.9702970297029703
18ZC5063,3,0.999698,1,0,306,3,98,917,0.9902912621359223,0.25020441537203597,0.9702970297029703
18ZC5063,64,0.999687,1,0,307,3,98,916,0.9903225806451613,0.2510220768601799,0.9702970297029703
18ZC4773,43,0.999685,1,0,308,3,98,915,0.9903536977491961,0.2518397383483238,0.9702970297029703
18ZC4773,24,0.999681,1,0,309,3,98,914,0.9903846153846154,0.2526573998364677,0.9702970297029703
18ZC5757,28,0.999675,1,0,310,3,98,913,0.9904153354632588,0.2534750613246116,0.9702970297029703
18ZC4890,31,0.999664,1,0,311,3,98,912,0.9904458598726115,0.2542927228127555,0.9702970297029703
18ZC5063,96,0.999662,1,0,312,3,98,911,0.9904761904761905,0.25511038430089944,0.9702970297029703
18ZC5064,301,0.999645,1,0,313,3,98,910,0.990506329113924,0.2559280457890433,0.9702970297029703
18ZC5757,103,0.999641,1,0,314,3,98,909,0.9905362776025236,0.25674570727718726,0.9702970297029703
18ZC5064,189,0.999641,1,0,315,3,98,908,0.9905660377358491,0.25756336876533115,0.9702970297029703
18ZC4890,7,0.999637,1,0,316,3,98,907,0.9905956112852664,0.2583810302534751,0.9702970297029703
18ZC5063,33,0.999636,1,0,317,3,98,906,0.990625,0.25919869174161897,0.9702970297029703
18ZC4890,78,0.999632,1,0,318,3,98,905,0.9906542056074766,0.26001635322976285,0.9702970297029703
18ZC4773,25,0.999631,1,0,319,3,98,904,0.9906832298136646,0.2608340147179068,0.9702970297029703
18ZC5064,302,0.999623,1,0,320,3,98,903,0.9907120743034056,0.2616516762060507,0.9702970297029703
18ZC4773,2,0.999622,1,0,321,3,98,902,0.9907407407407407,0.2624693376941946,0.9702970297029703
18ZC5064,1,0.999621,1,0,322,3,98,901,0.9907692307692307,0.2632869991823385,0.9702970297029703
18ZC5064,303,0.999618,1,0,323,3,98,900,0.99079754601227,0.26410466067048244,0.9702970297029703
18ZC5757,213,0.999589,1,0,324,3,98,899,0.9908256880733946,0.2649223221586263,0.9702970297029703
18ZC5757,34,0.999579,1,0,325,3,98,898,0.9908536585365854,0.26573998364677026,0.9702970297029703
18ZC5064,70,0.999568,1,0,326,3,98,897,0.9908814589665653,0.26655764513491415,0.9702970297029703
18ZC5063,97,0.999565,1,0,327,3,98,896,0.990909090909091,0.26737530662305803,0.9702970297029703
18ZC5064,94,0.999556,1,0,328,3,98,895,0.9909365558912386,0.26819296811120197,0.9702970297029703
18ZC5063,48,0.999552,1,0,329,3,98,894,0.9909638554216867,0.26901062959934585,0.9702970297029703
18ZC5063,4,0.99954,1,0,330,3,98,893,0.990990990990991,0.2698282910874898,0.9702970297029703
18ZC4773,61,0.999536,1,0,331,3,98,892,0.9910179640718563,0.2706459525756337,0.9702970297029703
18ZC5064,71,0.999535,1,0,332,3,98,891,0.991044776119403,0.2714636140637776,0.9702970297029703
18ZC5757,99,0.999522,1,0,333,3,98,890,0.9910714285714286,0.2722812755519215,0.9702970297029703
18ZC5757,58,0.999515,1,0,334,3,98,889,0.9910979228486647,0.27309893704006544,0.9702970297029703
18ZC5757,184,0.999511,1,0,335,3,98,888,0.9911242603550295,0.2739165985282093,0.9702970297029703
18ZC4890,32,0.99951,1,0,336,3,98,887,0.9911504424778761,0.2747342600163532,0.9702970297029703
18ZC5064,39,0.999493,1,0,337,3,98,886,0.9911764705882353,0.27555192150449714,0.9702970297029703
18ZC5757,148,0.99948,1,0,338,3,98,885,0.9912023460410557,0.276369582992641,0.9702970297029703
18ZC5064,196,0.999463,1,0,339,3,98,884,0.9912280701754386,0.27718724448078497,0.9702970297029703
18ZC5064,224,0.999424,1,0,340,3,98,883,0.9912536443148688,0.27800490596892885,0.9702970297029703
18ZC5757,240,0.999411,1,0,341,3,98,882,0.9912790697674418,0.2788225674570728,0.9702970297029703
18ZC5757,89,0.999408,1,0,342,3,98,881,0.991304347826087,0.2796402289452167,0.9702970297029703
18ZC5757,241,0.999408,1,0,343,3,98,880,0.9913294797687862,0.2804578904333606,0.9702970297029703
18ZC4773,55,0.999402,1,0,344,3,98,879,0.9913544668587896,0.2812755519215045,0.9702970297029703
18ZC4890,69,0.9994,1,0,345,3,98,878,0.9913793103448276,0.2820932134096484,0.9702970297029703
18ZC5063,65,0.999395,1,0,346,3,98,877,0.9914040114613181,0.2829108748977923,0.9702970297029703
18ZC5064,72,0.999388,1,0,347,3,98,876,0.9914285714285714,0.2837285363859362,0.9702970297029703
18ZC5757,59,0.999375,1,0,348,3,98,875,0.9914529914529915,0.28454619787408014,0.9702970297029703
18ZC5063,49,0.999375,1,0,349,3,98,874,0.9914772727272727,0.285363859362224,0.9702970297029703
18ZC5063,5,0.999363,1,0,350,3,98,873,0.9915014164305949,0.28618152085036797,0.9702970297029703
18ZC5757,185,0.999355,1,0,351,3,98,872,0.9915254237288136,0.28699918233851185,0.9702970297029703
18ZC5064,227,0.999339,1,0,352,3,98,871,0.9915492957746479,0.2878168438266558,0.9702970297029703
18ZC5063,117,0.999327,1,0,353,3,98,870,0.9915730337078652,0.28863450531479967,0.9702970297029703
18ZC5063,66,0.999323,1,0,354,3,98,869,0.9915966386554622,0.28945216680294356,0.9702970297029703
18ZC5063,98,0.999308,1,0,355,3,98,868,0.9916201117318436,0.2902698282910875,0.9702970297029703
18ZC4890,33,0.999303,1,0,356,3,98,867,0.9916434540389972,0.2910874897792314,0.9702970297029703
18ZC5064,40,0.999299,1,0,357,3,98,866,0.9916666666666667,0.2919051512673753,0.9702970297029703
18ZC4773,15,0.999298,1,0,358,3,98,865,0.9916897506925207,0.2927228127555192,0.9702970297029703
18ZC5064,206,0.999295,1,0,359,3,98,864,0.9917127071823204,0.29354047424366314,0.9702970297029703
18ZC5064,266,0.999292,1,0,360,3,98,863,0.9917355371900827,0.294358135731807,0.9702970297029703
18ZC5063,16,0.999292,1,0,361,3,98,862,0.9917582417582418,0.29517579721995096,0.9702970297029703
18ZC5064,148,0.999291,1,0,362,3,98,861,0.9917808219178083,0.29599345870809485,0.9702970297029703
18ZC4773,26,0.999258,1,0,363,3,98,860,0.9918032786885246,0.29681112019623873,0.9702970297029703
18ZC4773,3,0.999257,1,0,364,3,98,859,0.9918256130790191,0.29762878168438267,0.9702970297029703
18ZC4890,34,0.999254,1,0,365,3,98,858,0.9918478260869565,0.29844644317252655,0.9702970297029703
18ZC5064,119,0.999252,1,0,366,3,98,857,0.991869918699187,0.2992641046606705,0.9702970297029703
18ZC4890,8,0.999247,1,0,367,3,98,856,0.9918918918918919,0.3000817661488144,0.9702970297029703
18ZC5064,248,0.999245,1,0,368,3,98,855,0.9919137466307277,0.3008994276369583,0.9702970297029703
18ZC4890,9,0.999245,1,0,369,3,98,854,0.9919354838709677,0.3017170891251022,0.9702970297029703
18ZC5064,21,0.999232,1,0,370,3,98,853,0.9919571045576407,0.30253475061324614,0.9702970297029703
18ZC5064,197,0.999218,1,0,371,3,98,852,0.9919786096256684,0.30335241210139,0.9702970297029703
18ZC5757,186,0.999213,1,0,372,3,98,851,0.992,0.3041700735895339,0.9702970297029703
18ZC5064,41,0.999209,1,0,373,3,98,850,0.9920212765957447,0.30498773507767785,0.9702970297029703
18ZC5064,280,0.999201,1,0,374,3,98,849,0.9920424403183024,0.30580539656582173,0.9702970297029703
18ZC5064,346,0.9992,1,0,375,3,98,848,0.9920634920634921,0.30662305805396567,0.9702970297029703
18ZC5064,2,0.999192,1,0,376,3,98,847,0.9920844327176781,0.30744071954210955,0.9702970297029703
18ZC5064,304,0.999169,1,0,377,3,98,846,0.9921052631578947,0.3082583810302535,0.9702970297029703
18ZC5757,242,0.999147,1,0,378,3,98,845,0.9921259842519685,0.3090760425183974,0.9702970297029703
18ZC5064,73,0.999128,1,0,379,3,98,844,0.9921465968586387,0.3098937040065413,0.9702970297029703
18ZC5064,74,0.999127,1,0,380,3,98,843,0.9921671018276762,0.3107113654946852,0.9702970297029703
18ZC5757,110,0.999122,1,0,381,3,98,842,0.9921875,0.3115290269828291,0.9702970297029703
18ZC4890,52,0.99912,1,0,382,3,98,841,0.9922077922077922,0.312346688470973,0.9702970297029703
18ZC4773,4,0.999092,1,0,383,3,98,840,0.9922279792746114,0.3131643499591169,0.9702970297029703
18ZC5757,27,0.999075,1,0,384,3,98,839,0.9922480620155039,0.31398201144726084,0.9702970297029703
18ZC4890,35,0.999073,1,0,385,3,98,838,0.9922680412371134,0.31479967293540473,0.9702970297029703
18ZC5064,242,0.999062,1,0,386,3,98,837,0.9922879177377892,0.31561733442354867,0.9702970297029703
18ZC5063,50,0.999051,1,0,387,3,98,836,0.9923076923076923,0.31643499591169255,0.9702970297029703
18ZC4890,70,0.999044,1,0,388,3,98,835,0.9923273657289002,0.3172526573998365,0.9702970297029703
18ZC5063,87,0.999026,0,1,388,4,97,835,0.9897959183673469,0.3172526573998365,0.9603960396039604
18ZC5063,99,0.999023,1,0,389,4,97,834,0.989821882951654,0.3180703188879804,0.9603960396039604
18ZC5064,3,0.999022,1,0,390,4,97,833,0.9898477157360406,0.31888798037612426,0.9603960396039604
18ZC4773,16,0.999018,1,0,391,4,97,832,0.9898734177215189,0.3197056418642682,0.9603960396039604
18ZC5757,111,0.999016,1,0,392,4,97,831,0.98989898989899,0.3205233033524121,0.9603960396039604
18ZC5064,171,0.999016,1,0,393,4,97,830,0.9899244332493703,0.321340964840556,0.9603960396039604
18ZC5064,120,0.99901,1,0,394,4,97,829,0.9899497487437185,0.3221586263286999,0.9603960396039604
18ZC5757,220,0.998978,1,0,395,4,97,828,0.9899749373433584,0.32297628781684384,0.9603960396039604
18ZC4890,36,0.998975,1,0,396,4,97,827,0.99,0.3237939493049877,0.9603960396039604
18ZC5757,149,0.998969,1,0,397,4,97,826,0.9900249376558603,0.32461161079313167,0.9603960396039604
18ZC4773,5,0.998963,1,0,398,4,97,825,0.9900497512437811,0.32542927228127555,0.9603960396039604
18ZC5757,112,0.998959,1,0,399,4,97,824,0.9900744416873449,0.32624693376941943,0.9603960396039604
18ZC5063,118,0.998959,1,0,400,4,97,823,0.9900990099009901,0.3270645952575634,0.9603960396039604
18ZC4890,10,0.998935,1,0,401,4,97,822,0.9901234567901235,0.32788225674570726,0.9603960396039604
18ZC5063,51,0.998928,1,0,402,4,97,821,0.9901477832512315,0.3286999182338512,0.9603960396039604
18ZC4890,53,0.998871,1,0,403,4,97,820,0.9901719901719902,0.3295175797219951,0.9603960396039604
18ZC5757,100,0.998867,0,1,403,5,96,820,0.9877450980392157,0.3295175797219951,0.9504950495049505
18ZC5064,156,0.998863,1,0,404,5,96,819,0.9877750611246944,0.330335241210139,0.9504950495049505
18ZC5064,172,0.998861,1,0,405,5,96,818,0.9878048780487805,0.3311529026982829,0.9504950495049505
18ZC5064,86,0.998856,1,0,406,5,96,817,0.9878345498783455,0.33197056418642684,0.9504950495049505
18ZC4773,44,0.998844,1,0,407,5,96,816,0.9878640776699029,0.3327882256745707,0.9504950495049505
18ZC5064,121,0.998817,1,0,408,5,96,815,0.9878934624697336,0.3336058871627146,0.9504950495049505
18ZC4890,37,0.998811,1,0,409,5,96,814,0.9879227053140096,0.33442354865085855,0.9504950495049505
18ZC4890,38,0.998802,1,0,410,5,96,813,0.9879518072289156,0.33524121013900243,0.9504950495049505
18ZC4773,45,0.9988,1,0,411,5,96,812,0.9879807692307693,0.33605887162714637,0.9504950495049505
18ZC5064,157,0.998794,1,0,412,5,96,811,0.988009592326139,0.33687653311529026,0.9504950495049505
18ZC4773,68,0.998794,1,0,413,5,96,810,0.9880382775119617,0.3376941946034342,0.9504950495049505
18ZC5757,243,0.998781,1,0,414,5,96,809,0.9880668257756563,0.3385118560915781,0.9504950495049505
18ZC5063,79,0.99878,1,0,415,5,96,808,0.9880952380952381,0.339329517579722,0.9504950495049505
18ZC4773,37,0.998769,1,0,416,5,96,807,0.9881235154394299,0.3401471790678659,0.9504950495049505
18ZC5064,207,0.998761,1,0,417,5,96,806,0.9881516587677726,0.3409648405560098,0.9504950495049505
18ZC4773,48,0.998734,1,0,418,5,96,805,0.9881796690307328,0.3417825020441537,0.9504950495049505
18ZC5064,4,0.998697,1,0,419,5,96,804,0.9882075471698113,0.3426001635322976,0.9504950495049505
18ZC5064,173,0.998692,1,0,420,5,96,803,0.9882352941176471,0.34341782502044155,0.9504950495049505
18ZC5063,52,0.998686,1,0,421,5,96,802,0.9882629107981221,0.34423548650858543,0.9504950495049505
18ZC5064,75,0.998685,1,0,422,5,96,801,0.9882903981264637,0.34505314799672937,0.9504950495049505
18ZC5064,190,0.998669,1,0,423,5,96,800,0.9883177570093458,0.34587080948487325,0.9504950495049505
18ZC4890,79,0.998641,1,0,424,5,96,799,0.9883449883449883,0.3466884709730172,0.9504950495049505
18ZC5064,323,0.998633,1,0,425,5,96,798,0.9883720930232558,0.3475061324611611,0.9504950495049505
18ZC5757,60,0.998629,1,0,426,5,96,797,0.988399071925754,0.34832379394930496,0.9504950495049505
18ZC5064,22,0.998626,1,0,427,5,96,796,0.9884259259259259,0.3491414554374489,0.9504950495049505
18ZC5757,113,0.998622,1,0,428,5,96,795,0.9884526558891455,0.3499591169255928,0.9504950495049505
18ZC5064,122,0.998611,1,0,429,5,96,794,0.988479262672811,0.3507767784137367,0.9504950495049505
18ZC4890,71,0.998587,1,0,430,5,96,793,0.9885057471264368,0.3515944399018806,0.9504950495049505
18ZC5064,259,0.998584,1,0,431,5,96,792,0.9885321100917431,0.35241210139002455,0.9504950495049505
18ZC5064,324,0.998566,1,0,432,5,96,791,0.988558352402746,0.35322976287816843,0.9504950495049505
18ZC5757,104,0.998556,1,0,433,5,96,790,0.9885844748858448,0.35404742436631237,0.9504950495049505
18ZC5757,114,0.998553,1,0,434,5,96,789,0.9886104783599089,0.35486508585445625,0.9504950495049505
18ZC5063,53,0.998538,1,0,435,5,96,788,0.9886363636363636,0.35568274734260014,0.9504950495049505
18ZC5064,249,0.998473,1,0,436,5,96,787,0.9886621315192744,0.3565004088307441,0.9504950495049505
18ZC5064,23,0.998444,1,0,437,5,96,786,0.9886877828054299,0.35731807031888796,0.9504950495049505
18ZC5064,250,0.998442,1,0,438,5,96,785,0.9887133182844243,0.3581357318070319,0.9504950495049505
18ZC5064,228,0.998432,1,0,439,5,96,784,0.9887387387387387,0.3589533932951758,0.9504950495049505
18ZC5063,38,0.998406,1,0,440,5,96,783,0.9887640449438202,0.3597710547833197,0.9504950495049505
18ZC5064,132,0.998296,1,0,441,5,96,782,0.9887892376681614,0.3605887162714636,0.9504950495049505
18ZC5064,5,0.998251,1,0,442,5,96,781,0.9888143176733781,0.36140637775960754,0.9504950495049505
18ZC5063,140,0.998245,1,0,443,5,96,780,0.9888392857142857,0.36222403924775143,0.9504950495049505
18ZC5757,187,0.998224,1,0,444,5,96,779,0.9888641425389755,0.3630417007358953,0.9504950495049505
18ZC4890,72,0.998215,1,0,445,5,96,778,0.9888888888888889,0.36385936222403925,0.9504950495049505
18ZC5064,174,0.99821,1,0,446,5,96,777,0.9889135254988913,0.36467702371218313,0.9504950495049505
18ZC4773,17,0.998072,1,0,447,5,96,776,0.9889380530973452,0.3654946852003271,0.9504950495049505
18ZC5757,170,0.998065,1,0,448,5,96,775,0.9889624724061811,0.36631234668847096,0.9504950495049505
18ZC5064,305,0.997954,1,0,449,5,96,774,0.9889867841409692,0.3671300081766149,0.9504950495049505
18ZC5757,61,0.997885,1,0,450,5,96,773,0.989010989010989,0.3679476696647588,0.9504950495049505
18ZC5757,115,0.997836,1,0,451,5,96,772,0.9890350877192983,0.3687653311529027,0.9504950495049505
18ZC5064,133,0.997778,1,0,452,5,96,771,0.9890590809628009,0.3695829926410466,0.9504950495049505
18ZC5757,188,0.997692,1,0,453,5,96,770,0.9890829694323144,0.3704006541291905,0.9504950495049505
18ZC4773,69,0.99767,1,0,454,5,96,769,0.9891067538126361,0.3712183156173344,0.9504950495049505
18ZC5063,17,0.997642,1,0,455,5,96,768,0.9891304347826086,0.3720359771054783,0.9504950495049505
18ZC5063,67,0.997623,1,0,456,5,96,767,0.9891540130151844,0.37285363859362225,0.9504950495049505
18ZC5757,105,0.997616,1,0,457,5,96,766,0.9891774891774892,0.37367130008176613,0.9504950495049505
18ZC5064,42,0.997598,1,0,458,5,96,765,0.9892008639308856,0.3744889615699101,0.9504950495049505
18ZC5063,18,0.997583,1,0,459,5,96,764,0.9892241379310345,0.37530662305805396,0.9504950495049505
18ZC5063,119,0.997583,1,0,460,5,96,763,0.989247311827957,0.3761242845461979,0.9504950495049505
18ZC5064,251,0.99755,1,0,461,5,96,762,0.9892703862660944,0.3769419460343418,0.9504950495049505
18ZC4773,46,0.997502,1,0,462,5,96,761,0.9892933618843683,0.3777596075224857,0.9504950495049505
18ZC5064,24,0.997499,1,0,463,5,96,760,0.9893162393162394,0.3785772690106296,0.9504950495049505
18ZC5064,6,0.997479,1,0,464,5,96,759,0.9893390191897654,0.3793949304987735,0.9504950495049505
18ZC5757,90,0.997442,1,0,465,5,96,758,0.9893617021276596,0.3802125919869174,0.9504950495049505
18ZC5064,25,0.997436,1,0,466,5,96,757,0.9893842887473461,0.3810302534750613,0.9504950495049505
18ZC5064,208,0.997201,1,0,467,5,96,756,0.989406779661017,0.38184791496320525,0.9504950495049505
18ZC5063,6,0.997118,1,0,468,5,96,755,0.9894291754756871,0.38266557645134913,0.9504950495049505
18ZC4773,49,0.997084,1,0,469,5,96,754,0.989451476793249,0.38348323793949307,0.9504950495049505
18ZC5063,100,0.99697,1,0,470,5,96,753,0.9894736842105263,0.38430089942763695,0.9504950495049505
18ZC4773,38,0.996953,1,0,471,5,96,752,0.9894957983193278,0.3851185609157809,0.9504950495049505
18ZC4773,18,0.996895,1,0,472,5,96,751,0.989517819706499,0.3859362224039248,0.9504950495049505
18ZC5064,175,0.996768,1,0,473,5,96,750,0.9895397489539749,0.38675388389206866,0.9504950495049505
18ZC5063,54,0.996636,1,0,474,5,96,749,0.9895615866388309,0.3875715453802126,0.9504950495049505
18ZC4773,19,0.996616,1,0,475,5,96,748,0.9895833333333334,0.3883892068683565,0.9504950495049505
18ZC4890,39,0.996555,1,0,476,5,96,747,0.9896049896049897,0.3892068683565004,0.9504950495049505
18ZC5757,189,0.996544,1,0,477,5,96,746,0.9896265560165975,0.3900245298446443,0.9504950495049505
18ZC5063,120,0.996526,1,0,478,5,96,745,0.989648033126294,0.39084219133278825,0.9504950495049505
18ZC5064,306,0.996455,1,0,479,5,96,744,0.9896694214876033,0.39165985282093213,0.9504950495049505
18ZC5064,76,0.996451,1,0,480,5,96,743,0.9896907216494846,0.39247751430907607,0.9504950495049505
18ZC5064,261,0.996397,1,0,481,5,96,742,0.9897119341563786,0.39329517579721995,0.9504950495049505
18ZC5064,260,0.996397,1,0,482,5,96,741,0.9897330595482546,0.39411283728536384,0.9504950495049505
18ZC5757,91,0.996368,1,0,483,5,96,740,0.9897540983606558,0.3949304987735078,0.9504950495049505
18ZC5064,281,0.996272,1,0,484,5,96,739,0.9897750511247444,0.39574816026165166,0.9504950495049505
18ZC5064,77,0.996213,1,0,485,5,96,738,0.9897959183673469,0.3965658217497956,0.9504950495049505
18ZC5063,108,0.996118,1,0,486,5,96,737,0.9898167006109979,0.3973834832379395,0.9504950495049505
18ZC5064,176,0.996098,1,0,487,5,96,736,0.9898373983739838,0.3982011447260834,0.9504950495049505
18ZC5757,62,0.996014,1,0,488,5,96,735,0.9898580121703854,0.3990188062142273,0.9504950495049505
18ZC5064,7,0.996006,1,0,489,5,96,734,0.9898785425101214,0.39983646770237125,0.9504950495049505
18ZC5757,244,0.995851,1,0,490,5,96,733,0.98989898989899,0.40065412919051513,0.9504950495049505
18ZC5064,95,0.995825,1,0,491,5,96,732,0.9899193548387096,0.401471790678659,0.9504950495049505
18ZC5064,267,0.995825,1,0,492,5,96,731,0.9899396378269618,0.40228945216680295,0.9504950495049505
18ZC5064,209,0.995809,1,0,493,5,96,730,0.9899598393574297,0.40310711365494684,0.9504950495049505
18ZC5063,55,0.995786,1,0,494,5,96,729,0.9899799599198397,0.4039247751430908,0.9504950495049505
18ZC4890,73,0.995738,1,0,495,5,96,728,0.99,0.40474243663123466,0.9504950495049505
18ZC5064,177,0.995737,1,0,496,5,96,727,0.9900199600798403,0.4055600981193786,0.9504950495049505
18ZC5064,78,0.995607,1,0,497,5,96,726,0.9900398406374502,0.4063777596075225,0.9504950495049505
18ZC5064,43,0.995467,1,0,498,5,96,725,0.9900596421471173,0.4071954210956664,0.9504950495049505
18ZC5757,92,0.995466,1,0,499,5,96,724,0.9900793650793651,0.4080130825838103,0.9504950495049505
18ZC4773,31,0.995113,0,1,499,6,95,724,0.9881188118811881,0.4080130825838103,0.9405940594059405
18ZC4773,32,0.994555,0,1,499,7,94,724,0.9861660079051383,0.4080130825838103,0.9306930693069307
18ZC5063,68,0.99444,1,0,500,7,94,723,0.9861932938856016,0.4088307440719542,0.9306930693069307
18ZC4890,40,0.994183,1,0,501,7,94,722,0.9862204724409449,0.40964840556009813,0.9306930693069307
18ZC5757,116,0.993854,0,1,501,8,93,722,0.9842829076620825,0.40964840556009813,0.9207920792079208
18ZC4890,54,0.993708,1,0,502,8,93,721,0.984313725490196,0.410466067048242,0.9207920792079208
18ZC5757,190,0.993684,0,1,502,9,92,721,0.9823874755381604,0.410466067048242,0.9108910891089109
18ZC5064,282,0.993547,1,0,503,9,92,720,0.982421875,0.41128372853638595,0.9108910891089109
18ZC5064,307,0.993545,1,0,504,9,92,719,0.9824561403508771,0.41210139002452983,0.9108910891089109
18ZC5064,158,0.993431,1,0,505,9,92,718,0.9824902723735408,0.4129190515126738,0.9108910891089109
18ZC5064,283,0.993069,1,0,506,9,92,717,0.9825242718446602,0.41373671300081766,0.9108910891089109
18ZC5064,229,0.993036,1,0,507,9,92,716,0.9825581395348837,0.4145543744889616,0.9108910891089109
18ZC5064,96,0.993022,1,0,508,9,92,715,0.9825918762088974,0.4153720359771055,0.9108910891089109
18ZC5064,87,0.993016,1,0,509,9,92,714,0.9826254826254827,0.41618969746524936,0.9108910891089109
18ZC4773,47,0.992726,1,0,510,9,92,713,0.9826589595375722,0.4170073589533933,0.9108910891089109
18ZC5064,210,0.992552,1,0,511,9,92,712,0.9826923076923076,0.4178250204415372,0.9108910891089109
18ZC5757,75,0.992429,0,1,511,10,91,712,0.980806142034549,0.4178250204415372,0.900990099009901
18ZC5757,191,0.992365,1,0,512,10,91,711,0.9808429118773946,0.4186426819296811,0.900990099009901
18ZC4890,74,0.992281,1,0,513,10,91,710,0.9808795411089866,0.419460343417825,0.900990099009901
18ZC4773,64,0.992226,1,0,514,10,91,709,0.9809160305343512,0.42027800490596895,0.900990099009901
18ZC5064,134,0.991793,0,1,514,11,90,709,0.979047619047619,0.42027800490596895,0.8910891089108911
18ZC5757,140,0.991753,1,0,515,11,90,708,0.9790874524714829,0.42109566639411283,0.8910891089108911
18ZC4890,75,0.991747,1,0,516,11,90,707,0.9791271347248577,0.4219133278822568,0.8910891089108911
18ZC5757,171,0.991677,1,0,517,11,90,706,0.9791666666666666,0.42273098937040066,0.8910891089108911
18ZC5064,211,0.991513,1,0,518,11,90,705,0.9792060491493384,0.42354865085854454,0.8910891089108911
18ZC5064,178,0.991449,1,0,519,11,90,704,0.9792452830188679,0.4243663123466885,0.8910891089108911
18ZC5063,39,0.991443,1,0,520,11,90,703,0.9792843691148776,0.42518397383483236,0.8910891089108911
18ZC5757,70,0.991338,1,0,521,11,90,702,0.9793233082706767,0.4260016353229763,0.8910891089108911
18ZC5757,16,0.991249,1,0,522,11,90,701,0.9793621013133208,0.4268192968111202,0.8910891089108911
18ZC5757,214,0.990945,0,1,522,12,89,701,0.9775280898876404,0.4268192968111202,0.8811881188118812
18ZC5064,308,0.990934,1,0,523,12,89,700,0.9775700934579439,0.4276369582992641,0.8811881188118812
18ZC5757,245,0.990833,1,0,524,12,89,699,0.9776119402985075,0.428454619787408,0.8811881188118812
18ZC5063,121,0.990461,1,0,525,12,89,698,0.9776536312849162,0.42927228127555195,0.8811881188118812
18ZC5064,44,0.990457,1,0,526,12,89,697,0.9776951672862454,0.43008994276369583,0.8811881188118812
18ZC5063,19,0.990439,1,0,527,12,89,696,0.9777365491651205,0.4309076042518397,0.8811881188118812
18ZC5064,268,0.990409,1,0,528,12,89,695,0.9777777777777777,0.43172526573998365,0.8811881188118812
18ZC4773,30,0.990206,1,0,529,12,89,694,0.977818853974122,0.43254292722812754,0.8811881188118812
18ZC5064,252,0.990084,0,1,529,13,88,694,0.9760147601476015,0.43254292722812754,0.8712871287128713
18ZC5064,269,0.989481,1,0,530,13,88,693,0.9760589318600368,0.4333605887162715,0.8712871287128713
18ZC5064,198,0.989471,1,0,531,13,88,692,0.9761029411764706,0.43417825020441536,0.8712871287128713
18ZC5063,69,0.989293,1,0,532,13,88,691,0.9761467889908257,0.4349959116925593,0.8712871287128713
18ZC5064,262,0.988526,1,0,533,13,88,690,0.9761904761904762,0.4358135731807032,0.8712871287128713
18ZC5064,97,0.987972,1,0,534,13,88,689,0.9762340036563071,0.4366312346688471,0.8712871287128713
18ZC5757,232,0.987866,1,0,535,13,88,688,0.9762773722627737,0.437448896156991,0.8712871287128713
18ZC5064,325,0.987806,1,0,536,13,88,687,0.97632058287796,0.4382665576451349,0.8712871287128713
18ZC5064,230,0.987669,1,0,537,13,88,686,0.9763636363636363,0.43908421913327883,0.8712871287128713
18ZC4890,55,0.987619,1,0,538,13,88,685,0.9764065335753176,0.4399018806214227,0.8712871287128713
18ZC5064,341,0.987409,1,0,539,13,88,684,0.9764492753623188,0.44071954210956665,0.8712871287128713
18ZC5064,231,0.986985,1,0,540,13,88,683,0.976491862567812,0.44153720359771054,0.8712871287128713
18ZC4773,65,0.986926,1,0,541,13,88,682,0.9765342960288809,0.4423548650858545,0.8712871287128713
18ZC4890,11,0.986895,1,0,542,13,88,681,0.9765765765765766,0.44317252657399836,0.8712871287128713
18ZC5063,135,0.986826,1,0,543,13,88,680,0.9766187050359713,0.4439901880621423,0.8712871287128713
18ZC5064,270,0.986793,1,0,544,13,88,679,0.9766606822262118,0.4448078495502862,0.8712871287128713
18ZC5064,309,0.986741,1,0,545,13,88,678,0.9767025089605734,0.44562551103843007,0.8712871287128713
18ZC5064,212,0.986546,1,0,546,13,88,677,0.9767441860465116,0.446443172526574,0.8712871287128713
18ZC4773,6,0.98645,1,0,547,13,88,676,0.9767857142857143,0.4472608340147179,0.8712871287128713
18ZC5063,70,0.986425,1,0,548,13,88,675,0.9768270944741533,0.44807849550286183,0.8712871287128713
18ZC5757,192,0.986419,1,0,549,13,88,674,0.9768683274021353,0.4488961569910057,0.8712871287128713
18ZC5064,159,0.985237,1,0,550,13,88,673,0.9769094138543517,0.44971381847914965,0.8712871287128713
18ZC5064,123,0.984944,1,0,551,13,88,672,0.9769503546099291,0.45053147996729354,0.8712871287128713
18ZC5064,88,0.984661,1,0,552,13,88,671,0.9769911504424779,0.4513491414554375,0.8712871287128713
18ZC5064,45,0.984049,1,0,553,13,88,670,0.9770318021201413,0.45216680294358136,0.8712871287128713
18ZC5063,109,0.983443,1,0,554,13,88,669,0.9770723104056437,0.45298446443172524,0.8712871287128713
18ZC4773,50,0.983269,1,0,555,13,88,668,0.977112676056338,0.4538021259198692,0.8712871287128713
18ZC5063,7,0.982731,1,0,556,13,88,667,0.9771528998242531,0.45461978740801307,0.8712871287128713
18ZC4773,29,0.982494,1,0,557,13,88,666,0.9771929824561404,0.455437448896157,0.8712871287128713
18ZC5064,98,0.982307,1,0,558,13,88,665,0.9772329246935202,0.4562551103843009,0.8712871287128713
18ZC5757,117,0.982024,1,0,559,13,88,664,0.9772727272727273,0.4570727718724448,0.8712871287128713
18ZC5064,135,0.981948,1,0,560,13,88,663,0.9773123909249564,0.4578904333605887,0.8712871287128713
18ZC5064,26,0.981399,1,0,561,13,88,662,0.9773519163763066,0.45870809484873265,0.8712871287128713
18ZC5063,122,0.981389,1,0,562,13,88,661,0.9773913043478261,0.45952575633687653,0.8712871287128713
18ZC5064,160,0.981304,1,0,563,13,88,660,0.9774305555555556,0.4603434178250204,0.8712871287128713
18ZC5757,118,0.980751,1,0,564,13,88,659,0.9774696707105719,0.46116107931316436,0.8712871287128713
18ZC5757,63,0.980364,1,0,565,13,88,658,0.9775086505190311,0.46197874080130824,0.8712871287128713
18ZC5064,284,0.979833,1,0,566,13,88,657,0.9775474956822107,0.4627964022894522,0.8712871287128713
18ZC5064,310,0.97981,1,0,567,13,88,656,0.9775862068965517,0.46361406377759606,0.8712871287128713
18ZC5757,193,0.979765,1,0,568,13,88,655,0.9776247848537005,0.46443172526574,0.8712871287128713
18ZC5757,141,0.979595,0,1,568,14,87,655,0.9759450171821306,0.46443172526574,0.8613861386138614
18ZC4773,74,0.978755,1,0,569,14,87,654,0.9759862778730704,0.4652493867538839,0.8613861386138614
18ZC5063,101,0.977843,1,0,570,14,87,653,0.976027397260274,0.4660670482420278,0.8613861386138614
18ZC5064,213,0.977707,1,0,571,14,87,652,0.976068376068376,0.4668847097301717,0.8613861386138614
18ZC5064,191,0.977703,1,0,572,14,87,651,0.9761092150170648,0.4677023712183156,0.8613861386138614
18ZC5064,27,0.977511,1,0,573,14,87,650,0.9761499148211243,0.46852003270645953,0.8613861386138614
18ZC4890,41,0.977216,1,0,574,14,87,649,0.9761904761904762,0.4693376941946034,0.8613861386138614
18ZC4773,33,0.977066,0,1,574,15,86,649,0.9745331069609507,0.4693376941946034,0.8514851485148515
18ZC5064,326,0.97684,1,0,575,15,86,648,0.9745762711864406,0.47015535568274736,0.8514851485148515
18ZC5063,123,0.976138,1,0,576,15,86,647,0.9746192893401016,0.47097301717089124,0.8514851485148515
18ZC5063,40,0.975446,1,0,577,15,86,646,0.9746621621621622,0.4717906786590352,0.8514851485148515
18ZC5063,20,0.974939,1,0,578,15,86,645,0.9747048903878583,0.47260834014717906,0.8514851485148515
18ZC5064,99,0.974253,1,0,579,15,86,644,0.9747474747474747,0.473426001635323,0.8514851485148515
18ZC5064,327,0.974022,1,0,580,15,86,643,0.9747899159663865,0.4742436631234669,0.8514851485148515
18ZC5757,194,0.973777,1,0,581,15,86,642,0.9748322147651006,0.47506132461161077,0.8514851485148515
18ZC5757,226,0.972548,1,0,582,15,86,641,0.9748743718592965,0.4758789860997547,0.8514851485148515
18ZC5063,102,0.9707,1,0,583,15,86,640,0.9749163879598662,0.4766966475878986,0.8514851485148515
18ZC5063,21,0.969819,1,0,584,15,86,639,0.9749582637729549,0.47751430907604253,0.8514851485148515
18ZC5064,136,0.968296,1,0,585,15,86,638,0.975,0.4783319705641864,0.8514851485148515
18ZC5064,311,0.968185,1,0,586,15,86,637,0.9750415973377704,0.47914963205233035,0.8514851485148515
18ZC5064,89,0.9667,1,0,587,15,86,636,0.9750830564784053,0.47996729354047424,0.8514851485148515
18ZC5064,232,0.964781,1,0,588,15,86,635,0.9751243781094527,0.4807849550286182,0.8514851485148515
18ZC5757,64,0.964185,1,0,589,15,86,634,0.9751655629139073,0.48160261651676206,0.8514851485148515
18ZC4890,76,0.963799,1,0,590,15,86,633,0.9752066115702479,0.48242027800490594,0.8514851485148515
18ZC5064,271,0.962901,1,0,591,15,86,632,0.9752475247524752,0.4832379394930499,0.8514851485148515
18ZC5064,348,0.96224,0,1,591,16,85,632,0.9736408566721582,0.4832379394930499,0.8415841584158416
18ZC5064,100,0.960791,1,0,592,16,85,631,0.9736842105263158,0.48405560098119377,0.8415841584158416
18ZC5757,227,0.960422,1,0,593,16,85,630,0.9737274220032841,0.4848732624693377,0.8415841584158416
18ZC5063,141,0.960077,1,0,594,16,85,629,0.9737704918032787,0.4856909239574816,0.8415841584158416
18ZC5757,38,0.955983,1,0,595,16,85,628,0.9738134206219312,0.48650858544562553,0.8415841584158416
18ZC5757,228,0.955541,1,0,596,16,85,627,0.9738562091503268,0.4873262469337694,0.8415841584158416
18ZC5064,8,0.955283,1,0,597,16,85,626,0.9738988580750407,0.48814390842191335,0.8415841584158416
18ZC4773,56,0.954465,1,0,598,16,85,625,0.9739413680781759,0.48896156991005724,0.8415841584158416
18ZC5757,22,0.953594,0,1,598,17,84,625,0.9723577235772358,0.48896156991005724,0.8316831683168316
18ZC4773,51,0.953483,1,0,599,17,84,624,0.9724025974025974,0.4897792313982011,0.8316831683168316
18ZC5063,10,0.953148,0,1,599,18,83,624,0.9708265802269044,0.4897792313982011,0.8217821782178217
18ZC5064,137,0.952978,1,0,600,18,83,623,0.970873786407767,0.49059689288634506,0.8217821782178217
18ZC5064,138,0.952501,1,0,601,18,83,622,0.9709208400646203,0.49141455437448894,0.8217821782178217
18ZC5064,328,0.951149,1,0,602,18,83,621,0.9709677419354839,0.4922322158626329,0.8217821782178217
18ZC5757,195,0.948368,1,0,603,18,83,620,0.9710144927536232,0.49304987735077677,0.8217821782178217
18ZC5757,23,0.94611,1,0,604,18,83,619,0.9710610932475884,0.4938675388389207,0.8217821782178217
18ZC5064,46,0.943838,1,0,605,18,83,618,0.971107544141252,0.4946852003270646,0.8217821782178217
18ZC5757,158,0.932859,1,0,606,18,83,617,0.9711538461538461,0.49550286181520853,0.8217821782178217
18ZC4773,20,0.931526,1,0,607,18,83,616,0.9712,0.4963205233033524,0.8217821782178217
18ZC5064,139,0.930372,0,1,607,19,82,616,0.9696485623003195,0.4963205233033524,0.8118811881188119
18ZC5064,285,0.930285,1,0,608,19,82,615,0.9696969696969697,0.4971381847914963,0.8118811881188119
18ZC5064,101,0.928799,1,0,609,19,82,614,0.9697452229299363,0.49795584627964024,0.8118811881188119
18ZC5064,47,0.923202,1,0,610,19,82,613,0.9697933227344993,0.4987735077677841,0.8118811881188119
18ZC5064,102,0.922888,1,0,611,19,82,612,0.9698412698412698,0.49959116925592806,0.8118811881188119
18ZC5063,71,0.922639,0,1,611,20,81,612,0.9683042789223455,0.49959116925592806,0.801980198019802
18ZC5064,329,0.920651,1,0,612,20,81,611,0.9683544303797469,0.5004088307440719,0.801980198019802
18ZC5757,248,0.914817,1,0,613,20,81,610,0.9684044233807267,0.5012264922322158,0.801980198019802
18ZC5064,330,0.914756,1,0,614,20,81,609,0.9684542586750788,0.5020441537203598,0.801980198019802
18ZC5064,9,0.913058,1,0,615,20,81,608,0.968503937007874,0.5028618152085037,0.801980198019802
18ZC5064,10,0.912111,1,0,616,20,81,607,0.9685534591194969,0.5036794766966476,0.801980198019802
18ZC5064,286,0.909695,1,0,617,20,81,606,0.9686028257456829,0.5044971381847915,0.801980198019802
18ZC5064,243,0.909028,1,0,618,20,81,605,0.9686520376175548,0.5053147996729354,0.801980198019802
18ZC5064,312,0.905578,1,0,619,20,81,604,0.9687010954616588,0.5061324611610794,0.801980198019802
18ZC4773,57,0.900756,1,0,620,20,81,603,0.96875,0.5069501226492232,0.801980198019802
18ZC5064,347,0.896618,1,0,621,20,81,602,0.968798751950078,0.5077677841373671,0.801980198019802
18ZC5064,79,0.895215,1,0,622,20,81,601,0.9688473520249221,0.508585445625511,0.801980198019802
18ZC4773,70,0.894384,1,0,623,20,81,600,0.968895800933126,0.509403107113655,0.801980198019802
18ZC5063,80,0.893982,1,0,624,20,81,599,0.968944099378882,0.5102207686017989,0.801980198019802
18ZC5063,103,0.892508,1,0,625,20,81,598,0.9689922480620154,0.5110384300899428,0.801980198019802
18ZC5064,48,0.885745,1,0,626,20,81,597,0.9690402476780186,0.5118560915780866,0.801980198019802
18ZC5064,214,0.88558,1,0,627,20,81,596,0.9690880989180835,0.5126737530662305,0.801980198019802
18ZC5757,39,0.885521,1,0,628,20,81,595,0.9691358024691358,0.5134914145543745,0.801980198019802
18ZC5064,11,0.884446,1,0,629,20,81,594,0.9691833590138675,0.5143090760425184,0.801980198019802
18ZC5757,65,0.881572,1,0,630,20,81,593,0.9692307692307692,0.5151267375306623,0.801980198019802
18ZC5757,119,0.876776,1,0,631,20,81,592,0.9692780337941628,0.5159443990188062,0.801980198019802
18ZC5757,218,0.873084,1,0,632,20,81,591,0.9693251533742331,0.5167620605069502,0.801980198019802
18ZC5064,342,0.86494,1,0,633,20,81,590,0.9693721286370597,0.517579721995094,0.801980198019802
18ZC5064,58,0.863995,1,0,634,20,81,589,0.9694189602446484,0.5183973834832379,0.801980198019802
18ZC5064,49,0.860775,1,0,635,20,81,588,0.9694656488549618,0.5192150449713818,0.801980198019802
18ZC5064,331,0.858849,1,0,636,20,81,587,0.9695121951219512,0.5200327064595257,0.801980198019802
18ZC5757,196,0.858196,1,0,637,20,81,586,0.969558599695586,0.5208503679476697,0.801980198019802
18ZC4890,42,0.851009,1,0,638,20,81,585,0.9696048632218845,0.5216680294358136,0.801980198019802
18ZC5757,66,0.848083,1,0,639,20,81,584,0.9696509863429439,0.5224856909239575,0.801980198019802
18ZC5757,120,0.846953,1,0,640,20,81,583,0.9696969696969697,0.5233033524121014,0.801980198019802
18ZC5757,67,0.839719,1,0,641,20,81,582,0.9697428139183056,0.5241210139002453,0.801980198019802
18ZC5064,313,0.83053,1,0,642,20,81,581,0.9697885196374623,0.5249386753883892,0.801980198019802
18ZC4773,7,0.827936,1,0,643,20,81,580,0.9698340874811463,0.5257563368765331,0.801980198019802
18ZC5064,140,0.826467,1,0,644,20,81,579,0.9698795180722891,0.526573998364677,0.801980198019802
18ZC4773,8,0.823674,1,0,645,20,81,578,0.9699248120300752,0.5273916598528209,0.801980198019802
18ZC5064,12,0.821988,1,0,646,20,81,577,0.96996996996997,0.5282093213409649,0.801980198019802
18ZC5064,103,0.816715,1,0,647,20,81,576,0.9700149925037481,0.5290269828291088,0.801980198019802
18ZC5757,219,0.806408,0,1,647,21,80,576,0.968562874251497,0.5290269828291088,0.7920792079207921
18ZC5064,179,0.803567,1,0,648,21,80,575,0.968609865470852,0.5298446443172526,0.7920792079207921
18ZC5064,104,0.794064,1,0,649,21,80,574,0.9686567164179104,0.5306623058053965,0.7920792079207921
18ZC5064,314,0.787898,1,0,650,21,80,573,0.9687034277198212,0.5314799672935405,0.7920792079207921
18ZC5757,68,0.787812,1,0,651,21,80,572,0.96875,0.5322976287816844,0.7920792079207921
18ZC4773,71,0.787491,1,0,652,21,80,571,0.9687964338781575,0.5331152902698283,0.7920792079207921
18ZC5063,22,0.782641,1,0,653,21,80,570,0.9688427299703264,0.5339329517579722,0.7920792079207921
18ZC4890,43,0.781717,1,0,654,21,80,569,0.9688888888888889,0.5347506132461161,0.7920792079207921
18ZC4773,72,0.780504,1,0,655,21,80,568,0.9689349112426036,0.53556827473426,0.7920792079207921
18ZC5063,34,0.776915,0,1,655,22,79,568,0.9675036927621861,0.53556827473426,0.7821782178217822
18ZC5064,332,0.775497,1,0,656,22,79,567,0.967551622418879,0.5363859362224039,0.7821782178217822
18ZC5757,93,0.773264,1,0,657,22,79,566,0.96759941089838,0.5372035977105478,0.7821782178217822
18ZC4890,44,0.772145,1,0,658,22,79,565,0.9676470588235294,0.5380212591986917,0.7821782178217822
18ZC5757,197,0.765457,1,0,659,22,79,564,0.9676945668135095,0.5388389206868357,0.7821782178217822
18ZC5757,121,0.761966,1,0,660,22,79,563,0.967741935483871,0.5396565821749796,0.7821782178217822
18ZC5757,122,0.761459,1,0,661,22,79,562,0.9677891654465594,0.5404742436631235,0.7821782178217822
18ZC4773,75,0.760149,1,0,662,22,79,561,0.9678362573099415,0.5412919051512673,0.7821782178217822
18ZC5063,124,0.75855,1,0,663,22,79,560,0.9678832116788321,0.5421095666394112,0.7821782178217822
18ZC5064,50,0.755105,1,0,664,22,79,559,0.967930029154519,0.5429272281275552,0.7821782178217822
18ZC5064,124,0.751924,0,1,664,23,78,559,0.9665211062590975,0.5429272281275552,0.7722772277227723
18ZC5757,94,0.749304,1,0,665,23,78,558,0.9665697674418605,0.5437448896156991,0.7722772277227723
18ZC5757,11,0.746839,1,0,666,23,78,557,0.9666182873730044,0.544562551103843,0.7722772277227723
18ZC5757,198,0.742826,1,0,667,23,78,556,0.9666666666666667,0.5453802125919869,0.7722772277227723
18ZC5064,192,0.741516,1,0,668,23,78,555,0.9667149059334298,0.5461978740801309,0.7722772277227723
18ZC5064,180,0.737246,1,0,669,23,78,554,0.9667630057803468,0.5470155355682748,0.7722772277227723
18ZC5064,125,0.733676,1,0,670,23,78,553,0.9668109668109668,0.5478331970564186,0.7722772277227723
18ZC4773,66,0.730676,1,0,671,23,78,552,0.9668587896253602,0.5486508585445625,0.7722772277227723
18ZC5064,215,0.724365,1,0,672,23,78,551,0.9669064748201439,0.5494685200327064,0.7722772277227723
18ZC5064,253,0.721082,1,0,673,23,78,550,0.9669540229885057,0.5502861815208504,0.7722772277227723
18ZC5064,13,0.715537,1,0,674,23,78,549,0.9670014347202296,0.5511038430089943,0.7722772277227723
18ZC5064,333,0.712322,1,0,675,23,78,548,0.9670487106017192,0.5519215044971382,0.7722772277227723
18ZC5757,172,0.705415,1,0,676,23,78,547,0.9670958512160229,0.552739165985282,0.7722772277227723
18ZC5064,199,0.699701,1,0,677,23,78,546,0.9671428571428572,0.553556827473426,0.7722772277227723
18ZC5757,95,0.696918,1,0,678,23,78,545,0.9671897289586305,0.5543744889615699,0.7722772277227723
18ZC5063,56,0.685148,1,0,679,23,78,544,0.9672364672364673,0.5551921504497138,0.7722772277227723
18ZC5064,126,0.68094,1,0,680,23,78,543,0.9672830725462305,0.5560098119378577,0.7722772277227723
18ZC5063,125,0.679578,1,0,681,23,78,542,0.9673295454545454,0.5568274734260016,0.7722772277227723
18ZC5757,123,0.678436,1,0,682,23,78,541,0.9673758865248226,0.5576451349141456,0.7722772277227723
18ZC5064,339,0.666897,1,0,683,23,78,540,0.9674220963172805,0.5584627964022895,0.7722772277227723
18ZC5064,272,0.66576,1,0,684,23,78,539,0.9674681753889675,0.5592804578904333,0.7722772277227723
18ZC4773,62,0.664718,1,0,685,23,78,538,0.9675141242937854,0.5600981193785772,0.7722772277227723
18ZC4890,56,0.664208,1,0,686,23,78,537,0.9675599435825106,0.5609157808667212,0.7722772277227723
18ZC5757,150,0.656508,1,0,687,23,78,536,0.967605633802817,0.5617334423548651,0.7722772277227723
18ZC5064,225,0.655842,1,0,688,23,78,535,0.9676511954992968,0.562551103843009,0.7722772277227723
18ZC4773,67,0.653202,1,0,689,23,78,534,0.9676966292134831,0.5633687653311529,0.7722772277227723
18ZC5064,14,0.644191,1,0,690,23,78,533,0.967741935483871,0.5641864268192968,0.7722772277227723
18ZC5757,249,0.631477,1,0,691,23,78,532,0.9677871148459384,0.5650040883074408,0.7722772277227723
18ZC5063,126,0.627619,1,0,692,23,78,531,0.9678321678321679,0.5658217497955846,0.7722772277227723
18ZC5757,0,0.625888,1,0,693,23,78,530,0.9678770949720671,0.5666394112837285,0.7722772277227723
18ZC5063,41,0.624368,0,1,693,24,77,530,0.9665271966527197,0.5666394112837285,0.7623762376237624
18ZC5757,40,0.614685,1,0,694,24,77,529,0.9665738161559888,0.5674570727718724,0.7623762376237624
18ZC5757,151,0.606947,0,1,694,25,76,529,0.9652294853963839,0.5674570727718724,0.7524752475247525
18ZC5063,23,0.605179,1,0,695,25,76,528,0.9652777777777778,0.5682747342600164,0.7524752475247525
18ZC5064,141,0.604461,1,0,696,25,76,527,0.9653259361997226,0.5690923957481603,0.7524752475247525
18ZC4773,34,0.597324,0,1,696,26,75,527,0.96398891966759,0.5690923957481603,0.7425742574257426
18ZC5757,124,0.595177,0,1,696,27,74,527,0.9626556016597511,0.5690923957481603,0.7326732673267327
18ZC5064,334,0.587739,1,0,697,27,74,526,0.962707182320442,0.5699100572363042,0.7326732673267327
18ZC5063,24,0.579111,1,0,698,27,74,525,0.9627586206896551,0.570727718724448,0.7326732673267327
18ZC4773,9,0.578851,1,0,699,27,74,524,0.9628099173553719,0.5715453802125919,0.7326732673267327
18ZC5063,145,0.576425,0,1,699,28,73,524,0.9614855570839065,0.5715453802125919,0.7227722772277227
18ZC5063,127,0.570788,1,0,700,28,73,523,0.9615384615384616,0.5723630417007359,0.7227722772277227
18ZC5064,349,0.563709,0,1,700,29,72,523,0.9602194787379973,0.5723630417007359,0.7128712871287128
18ZC4890,57,0.560521,1,0,701,29,72,522,0.9602739726027397,0.5731807031888798,0.7128712871287128
18ZC5757,199,0.55844,1,0,702,29,72,521,0.960328317373461,0.5739983646770237,0.7128712871287128
18ZC5757,1,0.55742,0,1,702,30,71,521,0.9590163934426229,0.5739983646770237,0.7029702970297029
18ZC5064,287,0.555236,1,0,703,30,71,520,0.9590723055934516,0.5748160261651676,0.7029702970297029
18ZC5064,105,0.548001,1,0,704,30,71,519,0.9591280653950953,0.5756336876533116,0.7029702970297029
18ZC5064,127,0.545862,1,0,705,30,71,518,0.9591836734693877,0.5764513491414555,0.7029702970297029
18ZC5064,15,0.534397,1,0,706,30,71,517,0.9592391304347826,0.5772690106295993,0.7029702970297029
18ZC5757,24,0.529598,1,0,707,30,71,516,0.9592944369063772,0.5780866721177432,0.7029702970297029
18ZC5757,12,0.522532,1,0,708,30,71,515,0.959349593495935,0.5789043336058871,0.7029702970297029
18ZC5757,2,0.515578,1,0,709,30,71,514,0.959404600811908,0.5797219950940311,0.7029702970297029
18ZC5757,96,0.509907,1,0,710,30,71,513,0.9594594594594594,0.580539656582175,0.7029702970297029
18ZC5064,216,0.493665,1,0,711,30,71,512,0.9595141700404858,0.5813573180703189,0.7029702970297029
18ZC5757,200,0.493058,1,0,712,30,71,511,0.9595687331536388,0.5821749795584628,0.7029702970297029
18ZC5757,201,0.479522,1,0,713,30,71,510,0.9596231493943472,0.5829926410466068,0.7029702970297029
18ZC4773,76,0.47028,1,0,714,30,71,509,0.9596774193548387,0.5838103025347506,0.7029702970297029
18ZC4890,12,0.463302,1,0,715,30,71,508,0.959731543624161,0.5846279640228945,0.7029702970297029
18ZC5063,57,0.453366,1,0,716,30,71,507,0.9597855227882037,0.5854456255110384,0.7029702970297029
18ZC5757,142,0.450942,1,0,717,30,71,506,0.9598393574297188,0.5862632869991823,0.7029702970297029
18ZC5757,152,0.445258,1,0,718,30,71,505,0.9598930481283422,0.5870809484873263,0.7029702970297029
18ZC5064,350,0.440918,0,1,718,31,70,505,0.9586114819759679,0.5870809484873263,0.693069306930693
18ZC5757,250,0.440669,1,0,719,31,70,504,0.9586666666666667,0.5878986099754702,0.693069306930693
18ZC5063,146,0.433563,0,1,719,32,69,504,0.9573901464713716,0.5878986099754702,0.6831683168316832
18ZC5064,59,0.412047,1,0,720,32,69,503,0.9574468085106383,0.588716271463614,0.6831683168316832
18ZC5064,161,0.404996,1,0,721,32,69,502,0.9575033200531209,0.5895339329517579,0.6831683168316832
18ZC5757,97,0.396738,1,0,722,32,69,501,0.9575596816976127,0.5903515944399019,0.6831683168316832
18ZC5063,58,0.394102,1,0,723,32,69,500,0.9576158940397351,0.5911692559280458,0.6831683168316832
18ZC5064,106,0.378523,1,0,724,32,69,499,0.9576719576719577,0.5919869174161897,0.6831683168316832
18ZC5064,128,0.374025,1,0,725,32,69,498,0.9577278731836195,0.5928045789043336,0.6831683168316832
18ZC5063,8,0.340951,1,0,726,32,69,497,0.9577836411609498,0.5936222403924775,0.6831683168316832
18ZC5757,25,0.31797,1,0,727,32,69,496,0.9578392621870883,0.5944399018806215,0.6831683168316832
18ZC5063,59,0.302858,1,0,728,32,69,495,0.9578947368421052,0.5952575633687653,0.6831683168316832
18ZC5757,251,0.297054,1,0,729,32,69,494,0.9579500657030223,0.5960752248569092,0.6831683168316832
18ZC5064,80,0.29556,1,0,730,32,69,493,0.958005249343832,0.5968928863450531,0.6831683168316832
18ZC5757,125,0.29358,0,1,730,33,68,493,0.9567496723460026,0.5968928863450531,0.6732673267326733
18ZC5063,74,0.291225,0,1,730,34,67,493,0.9554973821989529,0.5968928863450531,0.6633663366336634
18ZC5064,263,0.287696,1,0,731,34,67,492,0.9555555555555556,0.5977105478331971,0.6633663366336634
18ZC5757,126,0.277324,1,0,732,34,67,491,0.9556135770234987,0.598528209321341,0.6633663366336634
18ZC5064,28,0.274339,1,0,733,34,67,490,0.9556714471968709,0.5993458708094849,0.6633663366336634
18ZC5063,77,0.271553,1,0,734,34,67,489,0.9557291666666666,0.6001635322976288,0.6633663366336634
18ZC5064,51,0.263991,1,0,735,34,67,488,0.9557867360208062,0.6009811937857726,0.6633663366336634
18ZC5757,3,0.2626,1,0,736,34,67,487,0.9558441558441558,0.6017988552739166,0.6633663366336634
18ZC5063,72,0.254098,0,1,736,35,66,487,0.9546044098573282,0.6017988552739166,0.6534653465346535
18ZC5063,81,0.239854,1,0,737,35,66,486,0.9546632124352331,0.6026165167620605,0.6534653465346535
18ZC5757,252,0.238698,1,0,738,35,66,485,0.9547218628719275,0.6034341782502044,0.6534653465346535
18ZC5757,202,0.236258,1,0,739,35,66,484,0.9547803617571059,0.6042518397383483,0.6534653465346535
18ZC5757,253,0.234246,1,0,740,35,66,483,0.9548387096774194,0.6050695012264923,0.6534653465346535
18ZC5064,264,0.233413,1,0,741,35,66,482,0.9548969072164949,0.6058871627146362,0.6534653465346535
18ZC5064,52,0.232314,1,0,742,35,66,481,0.954954954954955,0.60670482420278,0.6534653465346535
18ZC4773,63,0.229171,1,0,743,35,66,480,0.9550128534704371,0.6075224856909239,0.6534653465346535
18ZC5757,203,0.228761,1,0,744,35,66,479,0.9550706033376123,0.6083401471790678,0.6534653465346535
18ZC4773,21,0.221501,0,1,744,36,65,479,0.9538461538461539,0.6083401471790678,0.6435643564356436
18ZC5757,17,0.219225,1,0,745,36,65,478,0.9539052496798975,0.6091578086672118,0.6435643564356436
18ZC5757,254,0.218271,1,0,746,36,65,477,0.9539641943734015,0.6099754701553557,0.6435643564356436
18ZC5757,42,0.21823,1,0,747,36,65,476,0.9540229885057471,0.6107931316434996,0.6435643564356436
18ZC5757,255,0.216398,1,0,748,36,65,475,0.9540816326530612,0.6116107931316435,0.6435643564356436
18ZC5757,19,0.214703,1,0,749,36,65,474,0.954140127388535,0.6124284546197875,0.6435643564356436
18ZC5064,217,0.213008,1,0,750,36,65,473,0.9541984732824428,0.6132461161079313,0.6435643564356436
18ZC5064,29,0.212351,1,0,751,36,65,472,0.9542566709021602,0.6140637775960752,0.6435643564356436
18ZC5063,25,0.202466,1,0,752,36,65,471,0.9543147208121827,0.6148814390842191,0.6435643564356436
18ZC5757,173,0.199865,1,0,753,36,65,470,0.9543726235741445,0.615699100572363,0.6435643564356436
18ZC5063,82,0.192068,1,0,754,36,65,469,0.9544303797468354,0.616516762060507,0.6435643564356436
18ZC5064,218,0.189176,0,1,754,37,64,469,0.9532237673830595,0.616516762060507,0.6336633663366337
18ZC5063,26,0.188976,1,0,755,37,64,468,0.9532828282828283,0.6173344235486509,0.6336633663366337
18ZC5063,9,0.188908,1,0,756,37,64,467,0.9533417402269861,0.6181520850367948,0.6336633663366337
18ZC5757,256,0.184927,1,0,757,37,64,466,0.9534005037783375,0.6189697465249386,0.6336633663366337
18ZC5757,204,0.184874,1,0,758,37,64,465,0.9534591194968554,0.6197874080130826,0.6336633663366337
18ZC5063,110,0.184199,1,0,759,37,64,464,0.9535175879396985,0.6206050695012265,0.6336633663366337
18ZC5064,53,0.183951,1,0,760,37,64,463,0.9535759096612296,0.6214227309893704,0.6336633663366337
18ZC5063,144,0.182148,0,1,760,38,63,463,0.9523809523809523,0.6214227309893704,0.6237623762376238
18ZC5757,246,0.181832,1,0,761,38,63,462,0.9524405506883604,0.6222403924775143,0.6237623762376238
18ZC5064,351,0.162454,0,1,761,39,62,462,0.95125,0.6222403924775143,0.6138613861386139
18ZC5063,147,0.16217,0,1,761,40,61,462,0.9500624219725343,0.6222403924775143,0.6039603960396039
18ZC4773,58,0.161568,1,0,762,40,61,461,0.9501246882793017,0.6230580539656582,0.6039603960396039
18ZC5757,20,0.15815,0,1,762,41,60,461,0.9489414694894147,0.6230580539656582,0.594059405940594
18ZC5064,226,0.157954,1,0,763,41,60,460,0.9490049751243781,0.6238757154538022,0.594059405940594
18ZC5063,148,0.157705,0,1,763,42,59,460,0.9478260869565217,0.6238757154538022,0.5841584158415841
18ZC5757,47,0.157396,1,0,764,42,59,459,0.9478908188585607,0.624693376941946,0.5841584158415841
18ZC5064,315,0.157203,1,0,765,42,59,458,0.9479553903345725,0.6255110384300899,0.5841584158415841
18ZC5063,128,0.156309,1,0,766,42,59,457,0.948019801980198,0.6263286999182338,0.5841584158415841
18ZC5757,205,0.148166,1,0,767,42,59,456,0.9480840543881335,0.6271463614063778,0.5841584158415841
18ZC5063,107,0.143276,1,0,768,42,59,455,0.9481481481481482,0.6279640228945217,0.5841584158415841
18ZC5064,54,0.14308,1,0,769,42,59,454,0.9482120838471023,0.6287816843826656,0.5841584158415841
18ZC5064,288,0.14182,1,0,770,42,59,453,0.9482758620689655,0.6295993458708095,0.5841584158415841
18ZC4773,52,0.139572,1,0,771,42,59,452,0.948339483394834,0.6304170073589533,0.5841584158415841
18ZC5064,335,0.138869,1,0,772,42,59,451,0.9484029484029484,0.6312346688470973,0.5841584158415841
18ZC5064,181,0.138051,1,0,773,42,59,450,0.9484662576687116,0.6320523303352412,0.5841584158415841
18ZC5064,336,0.137638,1,0,774,42,59,449,0.9485294117647058,0.6328699918233851,0.5841584158415841
18ZC4773,77,0.137551,1,0,775,42,59,448,0.9485924112607099,0.633687653311529,0.5841584158415841
18ZC5757,229,0.13577,1,0,776,42,59,447,0.9486552567237164,0.634505314799673,0.5841584158415841
18ZC5064,273,0.134779,1,0,777,42,59,446,0.9487179487179487,0.6353229762878169,0.5841584158415841
18ZC5063,143,0.129524,0,1,777,43,58,446,0.947560975609756,0.6353229762878169,0.5742574257425742
18ZC5757,257,0.126175,1,0,778,43,58,445,0.9476248477466505,0.6361406377759607,0.5742574257425742
18ZC5064,90,0.122274,1,0,779,43,58,444,0.9476885644768857,0.6369582992641046,0.5742574257425742
18ZC5064,162,0.121431,1,0,780,43,58,443,0.9477521263669502,0.6377759607522485,0.5742574257425742
18ZC4773,78,0.121238,0,1,780,44,57,443,0.9466019417475728,0.6377759607522485,0.5643564356435643
18ZC5757,153,0.120427,1,0,781,44,57,442,0.9466666666666667,0.6385936222403925,0.5643564356435643
18ZC5064,55,0.120262,0,1,781,45,56,442,0.9455205811138014,0.6385936222403925,0.5544554455445545
18ZC5757,247,0.11784,1,0,782,45,56,441,0.9455864570737605,0.6394112837285364,0.5544554455445545
18ZC4773,59,0.117577,1,0,783,45,56,440,0.9456521739130435,0.6402289452166803,0.5544554455445545
18ZC5064,30,0.112825,1,0,784,45,56,439,0.9457177322074789,0.6410466067048242,0.5544554455445545
18ZC5064,352,0.110886,0,1,784,46,55,439,0.944578313253012,0.6410466067048242,0.5445544554455446
18ZC5064,353,0.110076,0,1,784,47,54,439,0.9434416365824309,0.6410466067048242,0.5346534653465347
18ZC5757,127,0.10885,0,1,784,48,53,439,0.9423076923076923,0.6410466067048242,0.5247524752475248
18ZC5064,254,0.107674,1,0,785,48,53,438,0.9423769507803121,0.6418642681929682,0.5247524752475248
18ZC5757,128,0.105607,1,0,786,48,53,437,0.9424460431654677,0.642681929681112,0.5247524752475248
18ZC5063,35,0.103502,0,1,786,49,52,437,0.9413173652694611,0.642681929681112,0.5148514851485149
18ZC5757,4,0.10259,1,0,787,49,52,436,0.9413875598086124,0.6434995911692559,0.5148514851485149
18ZC5757,9,0.0996825,1,0,788,49,52,435,0.9414575866188769,0.6443172526573998,0.5148514851485149
18ZC5064,142,0.0961172,1,0,789,49,52,434,0.9415274463007159,0.6451349141455437,0.5148514851485149
18ZC5064,56,0.0943585,1,0,790,49,52,433,0.9415971394517283,0.6459525756336877,0.5148514851485149
18ZC5757,5,0.093897,1,0,791,49,52,432,0.9416666666666667,0.6467702371218316,0.5148514851485149
18ZC5757,206,0.0932213,1,0,792,49,52,431,0.9417360285374554,0.6475878986099755,0.5148514851485149
18ZC5063,73,0.0926084,1,0,793,49,52,430,0.9418052256532067,0.6484055600981193,0.5148514851485149
18ZC5063,88,0.0925836,0,1,793,50,51,430,0.9406880189798339,0.6484055600981193,0.504950495049505
18ZC5064,57,0.0901336,1,0,794,50,51,429,0.9407582938388626,0.6492232215862633,0.504950495049505
18ZC5757,207,0.0885084,1,0,795,50,51,428,0.9408284023668639,0.6500408830744072,0.504950495049505
18ZC5064,16,0.0822295,1,0,796,50,51,427,0.9408983451536643,0.6508585445625511,0.504950495049505
18ZC5757,129,0.0746637,0,1,796,51,50,427,0.9397874852420307,0.6508585445625511,0.49504950495049505
18ZC5063,149,0.073902,0,1,796,52,49,427,0.9386792452830188,0.6508585445625511,0.48514851485148514
18ZC5064,91,0.0735292,1,0,797,52,49,426,0.9387514723203769,0.651676206050695,0.48514851485148514
18ZC5757,208,0.0722103,1,0,798,52,49,425,0.9388235294117647,0.6524938675388389,0.48514851485148514
18ZC4773,10,0.0661233,1,0,799,52,49,424,0.9388954171562868,0.6533115290269829,0.48514851485148514
18ZC5064,107,0.0660222,1,0,800,52,49,423,0.9389671361502347,0.6541291905151267,0.48514851485148514
18ZC5064,31,0.0652069,1,0,801,52,49,422,0.9390386869871044,0.6549468520032706,0.48514851485148514
18ZC5757,258,0.0651131,1,0,802,52,49,421,0.9391100702576113,0.6557645134914145,0.48514851485148514
18ZC5757,78,0.0643316,0,1,802,53,48,421,0.9380116959064327,0.6557645134914145,0.4752475247524752
18ZC5757,18,0.0634862,1,0,803,53,48,420,0.9380841121495327,0.6565821749795585,0.4752475247524752
18ZC5757,26,0.0622203,1,0,804,53,48,419,0.9381563593932322,0.6573998364677024,0.4752475247524752
18ZC5757,69,0.0620665,1,0,805,53,48,418,0.9382284382284383,0.6582174979558463,0.4752475247524752
18ZC4773,22,0.0619998,1,0,806,53,48,417,0.9383003492433062,0.6590351594439902,0.4752475247524752
18ZC5063,83,0.0600597,0,1,806,54,47,417,0.9372093023255814,0.6590351594439902,0.46534653465346537
18ZC5757,29,0.0600023,1,0,807,54,47,416,0.9372822299651568,0.659852820932134,0.46534653465346537
18ZC4773,79,0.0595741,0,1,807,55,46,416,0.9361948955916474,0.659852820932134,0.45544554455445546
18ZC5064,219,0.0595191,1,0,808,55,46,415,0.936268829663963,0.660670482420278,0.45544554455445546
18ZC5757,6,0.0593327,1,0,809,55,46,414,0.9363425925925926,0.6614881439084219,0.45544554455445546
18ZC5064,17,0.0592552,0,1,809,56,45,414,0.9352601156069364,0.6614881439084219,0.44554455445544555
18ZC5757,71,0.0576341,0,1,809,57,44,414,0.9341801385681293,0.6614881439084219,0.43564356435643564
18ZC5064,354,0.0551275,0,1,809,58,43,414,0.9331026528258363,0.6614881439084219,0.42574257425742573
18ZC5064,92,0.0533807,1,0,810,58,43,413,0.9331797235023042,0.6623058053965658,0.42574257425742573
18ZC5064,355,0.0533376,0,1,810,59,42,413,0.9321058688147296,0.6623058053965658,0.4158415841584158
18ZC5063,27,0.0520139,0,1,810,60,41,413,0.9310344827586207,0.6623058053965658,0.40594059405940597
18ZC5757,209,0.0512066,1,0,811,60,41,412,0.931113662456946,0.6631234668847097,0.40594059405940597
18ZC5063,150,0.0510315,0,1,811,61,40,412,0.930045871559633,0.6631234668847097,0.39603960396039606
18ZC5757,41,0.050671,1,0,812,61,40,411,0.9301260022909508,0.6639411283728537,0.39603960396039606
18ZC5063,151,0.0502665,0,1,812,62,39,411,0.9290617848970252,0.6639411283728537,0.38613861386138615
18ZC5064,356,0.050026,0,1,812,63,38,411,0.928,0.6639411283728537,0.37623762376237624
18ZC5064,289,0.0478785,1,0,813,63,38,410,0.928082191780822,0.6647587898609976,0.37623762376237624
18ZC5757,259,0.0465291,1,0,814,63,38,409,0.928164196123147,0.6655764513491415,0.37623762376237624
18ZC5063,75,0.046352,1,0,815,63,38,408,0.928246013667426,0.6663941128372853,0.37623762376237624
18ZC5757,260,0.0448244,1,0,816,63,38,407,0.9283276450511946,0.6672117743254292,0.37623762376237624
18ZC4890,46,0.0443985,1,0,817,63,38,406,0.928409090909091,0.6680294358135732,0.37623762376237624
18ZC5757,261,0.0439742,1,0,818,63,38,405,0.9284903518728718,0.6688470973017171,0.37623762376237624
18ZC5063,152,0.0436158,0,1,818,64,37,405,0.927437641723356,0.6688470973017171,0.36633663366336633
18ZC5064,32,0.0433427,0,1,818,65,36,405,0.9263873159682899,0.6688470973017171,0.3564356435643564
18ZC5064,149,0.0431778,0,1,818,66,35,405,0.9253393665158371,0.6688470973017171,0.3465346534653465
18ZC5757,159,0.0426646,1,0,819,66,35,404,0.9254237288135593,0.669664758789861,0.3465346534653465
18ZC5757,130,0.0422762,1,0,820,66,35,403,0.9255079006772009,0.6704824202780049,0.3465346534653465
18ZC5063,136,0.0417882,0,1,820,67,34,403,0.9244644870349493,0.6704824202780049,0.33663366336633666
18ZC4773,80,0.0416689,1,0,821,67,34,402,0.9245495495495496,0.6713000817661489,0.33663366336633666
18ZC4890,0,0.0408286,1,0,822,67,34,401,0.9246344206974129,0.6721177432542927,0.33663366336633666
18ZC5064,357,0.038971,0,1,822,68,33,401,0.9235955056179775,0.6721177432542927,0.32673267326732675
18ZC5757,262,0.038288,1,0,823,68,33,400,0.9236812570145904,0.6729354047424366,0.32673267326732675
18ZC5064,233,0.037562,1,0,824,68,33,399,0.9237668161434978,0.6737530662305805,0.32673267326732675
18ZC5063,153,0.0375196,0,1,824,69,32,399,0.9227323628219485,0.6737530662305805,0.31683168316831684
18ZC4773,81,0.0363806,0,1,824,70,31,399,0.9217002237136466,0.6737530662305805,0.3069306930693069
18ZC5757,98,0.0351369,0,1,824,71,30,399,0.9206703910614525,0.6737530662305805,0.297029702970297
18ZC5757,45,0.035011,0,1,824,72,29,399,0.9196428571428571,0.6737530662305805,0.2871287128712871
18ZC5063,76,0.0347471,0,1,824,73,28,399,0.9186176142697882,0.6737530662305805,0.27722772277227725
18ZC4773,27,0.0342338,1,0,825,73,28,398,0.9187082405345212,0.6745707277187244,0.27722772277227725
18ZC4890,58,0.0338813,1,0,826,73,28,397,0.9187986651835373,0.6753883892068684,0.27722772277227725
18ZC5064,81,0.0323247,1,0,827,73,28,396,0.9188888888888889,0.6762060506950123,0.27722772277227725
18ZC4773,82,0.0322433,1,0,828,73,28,395,0.9189789123196448,0.6770237121831562,0.27722772277227725
18ZC5064,337,0.0322077,1,0,829,73,28,394,0.9190687361419069,0.6778413736713,0.27722772277227725
18ZC5063,142,0.0317704,1,0,830,73,28,393,0.9191583610188261,0.678659035159444,0.27722772277227725
18ZC5757,44,0.0312569,0,1,830,74,27,393,0.918141592920354,0.678659035159444,0.26732673267326734
18ZC4773,83,0.0311004,1,0,831,74,27,392,0.918232044198895,0.6794766966475879,0.26732673267326734
18ZC5757,263,0.0307285,0,1,831,75,26,392,0.9172185430463576,0.6794766966475879,0.25742574257425743
18ZC5064,358,0.0302863,0,1,831,76,25,392,0.9162072767364939,0.6794766966475879,0.24752475247524752
18ZC5064,359,0.0290558,0,1,831,77,24,392,0.9151982378854625,0.6794766966475879,0.2376237623762376
18ZC5757,131,0.0290116,0,1,831,78,23,392,0.9141914191419142,0.6794766966475879,0.22772277227722773
18ZC5757,21,0.0284903,1,0,832,78,23,391,0.9142857142857143,0.6802943581357318,0.22772277227722773
18ZC5064,150,0.0280751,1,0,833,78,23,390,0.9143798024149287,0.6811120196238757,0.22772277227722773
18ZC5757,264,0.0274761,1,0,834,78,23,389,0.9144736842105263,0.6819296811120196,0.22772277227722773
18ZC5064,360,0.0269366,0,1,834,79,22,389,0.9134720700985761,0.6819296811120196,0.21782178217821782
18ZC5063,28,0.0255402,1,0,835,79,22,388,0.9135667396061269,0.6827473426001636,0.21782178217821782
18ZC5063,36,0.0254212,0,1,835,80,21,388,0.912568306010929,0.6827473426001636,0.2079207920792079
18ZC4773,53,0.0251026,1,0,836,80,21,387,0.9126637554585153,0.6835650040883074,0.2079207920792079
18ZC4773,84,0.0250718,0,1,836,81,20,387,0.9116684841875682,0.6835650040883074,0.19801980198019803
18ZC5063,154,0.0249461,0,1,836,82,19,387,0.9106753812636166,0.6835650040883074,0.18811881188118812
18ZC5757,132,0.0246376,1,0,837,82,19,386,0.9107725788900979,0.6843826655764513,0.18811881188118812
18ZC4773,85,0.0241808,1,0,838,82,19,385,0.9108695652173913,0.6852003270645952,0.18811881188118812
18ZC5757,221,0.0240917,1,0,839,82,19,384,0.9109663409337676,0.6860179885527392,0.18811881188118812
18ZC5757,79,0.0240881,0,1,839,83,18,384,0.9099783080260304,0.6860179885527392,0.1782178217821782
18ZC5063,129,0.0238774,1,0,840,83,18,383,0.9100758396533044,0.6868356500408831,0.1782178217821782
18ZC5757,265,0.0238352,0,1,840,84,17,383,0.9090909090909091,0.6868356500408831,0.16831683168316833
18ZC4773,11,0.023729,1,0,841,84,17,382,0.9091891891891892,0.687653311529027,0.16831683168316833
18ZC4773,35,0.0236338,0,1,841,85,16,382,0.908207343412527,0.687653311529027,0.15841584158415842
18ZC5064,143,0.0233503,1,0,842,85,16,381,0.9083063646170443,0.6884709730171709,0.15841584158415842
18ZC5757,35,0.0228499,1,0,843,85,16,380,0.9084051724137931,0.6892886345053147,0.15841584158415842
18ZC5064,338,0.0227235,1,0,844,85,16,379,0.9085037674919269,0.6901062959934587,0.15841584158415842
18ZC5064,182,0.0220778,0,1,844,86,15,379,0.9075268817204301,0.6901062959934587,0.1485148514851485
18ZC5063,155,0.0219351,0,1,844,87,14,379,0.9065520945220193,0.6901062959934587,0.13861386138613863
18ZC5757,210,0.021588,1,0,845,87,14,378,0.9066523605150214,0.6909239574816026,0.13861386138613863
18ZC5757,266,0.0207204,1,0,846,87,14,377,0.9067524115755627,0.6917416189697465,0.13861386138613863
18ZC5757,267,0.020433,1,0,847,87,14,376,0.9068522483940042,0.6925592804578904,0.13861386138613863
18ZC5064,361,0.0195718,0,1,847,88,13,376,0.9058823529411765,0.6925592804578904,0.12871287128712872
18ZC5064,362,0.0195551,0,1,847,89,12,376,0.9049145299145299,0.6925592804578904,0.1188118811881188
18ZC5757,268,0.0195488,0,1,847,90,11,376,0.9039487726787621,0.6925592804578904,0.10891089108910891
18ZC5064,363,0.018379,0,1,847,91,10,376,0.9029850746268657,0.6925592804578904,0.09900990099009901
18ZC5757,7,0.0175151,1,0,848,91,10,375,0.9030883919062833,0.6933769419460344,0.09900990099009901
18ZC5063,156,0.0164568,1,0,849,91,10,374,0.9031914893617021,0.6941946034341783,0.09900990099009901
18ZC5064,290,0.0162924,1,0,850,91,10,373,0.9032943676939427,0.6950122649223222,0.09900990099009901
18ZC5064,364,0.0155103,0,1,850,92,9,373,0.9023354564755839,0.6950122649223222,0.0891089108910891
18ZC4773,86,0.0150123,1,0,851,92,9,372,0.9024390243902439,0.695829926410466,0.0891089108910891
18ZC5757,269,0.014917,1,0,852,92,9,371,0.902542372881356,0.6966475878986099,0.0891089108910891
18ZC4890,81,0.0141279,1,0,853,92,9,370,0.9026455026455027,0.6974652493867539,0.0891089108910891
18ZC5757,154,0.0139083,1,0,854,92,9,369,0.9027484143763214,0.6982829108748978,0.0891089108910891
18ZC4773,87,0.0135407,1,0,855,92,9,368,0.9028511087645196,0.6991005723630417,0.0891089108910891
18ZC5064,60,0.0134758,1,0,856,92,9,367,0.9029535864978903,0.6999182338511856,0.0891089108910891
18ZC5757,102,0.0132667,0,1,856,93,8,367,0.9020021074815595,0.6999182338511856,0.07920792079207921
18ZC5063,157,0.0130445,1,0,857,93,8,366,0.9021052631578947,0.7007358953393296,0.07920792079207921
18ZC5757,174,0.0130081,1,0,858,93,8,365,0.9022082018927445,0.7015535568274734,0.07920792079207921
18ZC5064,33,0.012948,1,0,859,93,8,364,0.9023109243697479,0.7023712183156173,0.07920792079207921
18ZC5757,133,0.0126516,1,0,860,93,8,363,0.9024134312696747,0.7031888798037612,0.07920792079207921
18ZC5064,365,0.0126293,0,1,860,94,7,363,0.9014675052410901,0.7031888798037612,0.06930693069306931
18ZC5064,366,0.0125934,0,1,860,95,6,363,0.900523560209424,0.7031888798037612,0.0594059405940594
18ZC5757,233,0.0124234,1,0,861,95,6,362,0.9006276150627615,0.7040065412919051,0.0594059405940594
18ZC4773,28,0.012012,1,0,862,95,6,361,0.9007314524555904,0.7048242027800491,0.0594059405940594
18ZC5063,29,0.0118097,1,0,863,95,6,360,0.9008350730688935,0.705641864268193,0.0594059405940594
18ZC5064,183,0.0114311,1,0,864,95,6,359,0.9009384775808134,0.7064595257563369,0.0594059405940594
18ZC5064,144,0.0114061,1,0,865,95,6,358,0.9010416666666666,0.7072771872444807,0.0594059405940594
18ZC5064,18,0.0113967,1,0,866,95,6,357,0.9011446409989594,0.7080948487326247,0.0594059405940594
18ZC5063,111,0.011354,0,1,866,96,5,357,0.9002079002079002,0.7080948487326247,0.04950495049504951
18ZC5064,163,0.0111834,1,0,867,96,5,356,0.9003115264797508,0.7089125102207686,0.04950495049504951
18ZC5064,184,0.0106318,0,1,867,97,4,356,0.8993775933609959,0.7089125102207686,0.039603960396039604
18ZC5063,158,0.0104945,0,1,867,98,3,356,0.8984455958549222,0.7089125102207686,0.0297029702970297
18ZC5063,159,0.0102235,0,1,867,99,2,356,0.8975155279503105,0.7089125102207686,0.019801980198019802
18ZC4773,88,0.0101281,1,0,868,99,2,355,0.8976215098241985,0.7097301717089125,0.019801980198019802
18ZC4773,89,0.0100433,0,1,868,100,1,355,0.8966942148760331,0.7097301717089125,0.009900990099009901
18ZC5757,155,0.0100425,0,1,868,101,0,355,0.8957688338493293,0.7097301717089125,0.0
