0,18ZC4773.JPG,0,1719,2574.0,1916,2716.0,1,-1,NES_bull,1
1,18ZC4773.JPG,0,1924,2515.0,2149,2646.0,1,-1,NES_bull,1
2,18ZC4773.JPG,0,2214,2372.0,2441,2476.0,1,-1,NES_bull,1
3,18ZC4773.JPG,0,1555,2723.0,1752,2833.0,1,-1,NES_bull,1
4,18ZC4773.JPG,0,1891,2693.0,1954,2890.0,1,-1,NES_bull,1
5,18ZC4773.JPG,0,1411,2350.0,1574,2509.0,1,-1,NES_sam,1
6,18ZC4773.JPG,0,1526,2318.0,1665,2485.0,1,-1,NES_sam,1
7,18ZC4773.JPG,0,1553,2348.0,1693,2487.0,1,-1,NES_sam,1
8,18ZC4773.JPG,0,1741,2176.0,1895,2323.0,1,-1,NES_sam,1
9,18ZC4773.JPG,0,1561,2098.0,1784,2185.0,1,-1,NES_sam,1
10,18ZC4773.JPG,0,1619,2117.0,1789,2204.0,1,-1,NES_sam,1
11,18ZC4773.JPG,0,1762,2418.0,1960,2484.0,1,-1,NES_sam,1
12,18ZC4773.JPG,0,1674,2498.0,1858,2588.0,1,-1,NES_sam,1
13,18ZC4773.JPG,0,2125,2036.0,2235,2226.0,1,-1,NES_sam,1
14,18ZC4773.JPG,0,2098,1898.0,2277,2007.0,1,-1,NES_sam,1
15,18ZC4773.JPG,0,2076,2412.0,2215,2595.0,1,-1,NES_sam,1
16,18ZC4773.JPG,0,2250,2565.0,2462,2669.0,1,-1,NES_sam,1
17,18ZC4773.JPG,0,1741,2626.0,1897,2725.0,1,-1,NES_sam,1
18,18ZC4773.JPG,0,1666,2559.0,1848,2670.0,1,-1,NES_sam,1
19,18ZC4773.JPG,0,1454,2670.0,1560,2854.0,1,-1,NES_sam,1
20,18ZC4773.JPG,0,1785,2890.0,1964,2999.0,1,-1,NES_sam,1
21,18ZC4773.JPG,0,1896,3024.0,2103,3103.0,1,-1,NES_sam,1
22,18ZC4773.JPG,0,1965,3064.0,2144,3137.0,1,-1,NES_sam,1
23,18ZC4773.JPG,0,1770,2724.0,1919,2881.0,1,-1,NES_sam,1
24,18ZC4773.JPG,0,1936,2712.0,2042,2857.0,1,-1,NES_sam,1
25,18ZC4773.JPG,0,2585,2658.0,2691,2839.0,1,-1,NES_sam,1
26,18ZC4773.JPG,0,2540,2474.0,2709,2628.0,1,-1,NES_sam,1
27,18ZC4773.JPG,0,2353,2826.0,2520,2971.0,1,-1,NES_sam,1
28,18ZC4773.JPG,0,3185,2487.0,3319,2632.0,1,-1,NES_sam,1
29,18ZC4773.JPG,0,3164,3181.0,3376,3284.0,1,-1,NES_bull,1
30,18ZC4773.JPG,0,2247,3629.0,2377,3839.0,1,-1,NES_bull,1
31,18ZC4773.JPG,0,1805,3363.0,1988,3459.0,1,-1,NES_sam,1
32,18ZC4773.JPG,0,1849,3430.0,1981,3573.0,1,-1,NES_sam,1
33,18ZC4773.JPG,0,1774,3558.0,1941,3661.0,1,-1,NES_sam,1
34,18ZC4773.JPG,0,1547,1876.0,1710,2069.0,1,-1,NES_bull,1
35,18ZC4773.JPG,0,1589,1641.0,1663,1852.0,1,-1,NES_bull,1
36,18ZC4773.JPG,0,1327,1680.0,1444,1806.0,1,-1,NES_sam,1
37,18ZC4773.JPG,0,1453,1809.0,1597,1977.0,1,-1,NES_sam,1
38,18ZC4773.JPG,0,2461,261.0,2686,383.0,1,-1,NES_bull,1
39,18ZC4773.JPG,0,3473,1195.0,3597,1395.0,1,-1,NES_sam,1
40,18ZC4773.JPG,0,2060,607.0,2223,722.0,1,-1,NES_sam,1
41,18ZC4773.JPG,0,1385,1344.0,1587,1462.0,1,-1,NES_sam,1
42,18ZC4773.JPG,0,1786,1667.0,1847,1712.0,1,-1,CSL_cow,1
43,18ZC4773.JPG,0,1781,1684.0,1842,1729.0,1,-1,CSL_cow,1
44,18ZC4773.JPG,0,1715,1692.0,1739,1758.0,1,-1,CSL_yng_Male,1
45,18ZC4773.JPG,0,1736,1701.0,1761,1762.0,1,-1,CSL_yng_Male,1
46,18ZC4773.JPG,0,1778,1608.0,1836,1644.0,1,-1,CSL_yng_Male,1
47,18ZC4773.JPG,0,1726,1567.0,1771,1605.0,1,-1,CSL_yng_Male,1
48,18ZC4773.JPG,0,1612,1563.0,1636,1615.0,1,-1,CSL_yng_Male,1
49,18ZC4773.JPG,0,1598,1560.0,1622,1626.0,1,-1,CSL_yng_Male,1
50,18ZC4773.JPG,0,1582,1573.0,1603,1632.0,1,-1,CSL_yng_Male,1
51,18ZC4773.JPG,0,1507,1626.0,1568,1643.0,1,-1,CSL_yng_Male,1
52,18ZC4773.JPG,0,1519,1637.0,1580,1661.0,1,-1,CSL_yng_Male,1
53,18ZC4773.JPG,0,1516,1676.0,1577,1711.0,1,-1,CSL_yng_Male,1
54,18ZC4773.JPG,0,1558,1533.0,1619,1571.0,1,-1,CSL_yng_Male,1
55,18ZC4773.JPG,0,1551,1525.0,1605,1555.0,1,-1,CSL_yng_Male,1
56,18ZC4773.JPG,0,1540,1667.0,1588,1687.0,1,-1,CSL_yng_Male,1
57,18ZC4773.JPG,0,1525,1663.0,1578,1674.0,1,-1,CSL_yng_Male,1
58,18ZC4773.JPG,0,1555,1569.0,1590,1616.0,1,-1,CSL_yng_Male,1
59,18ZC4773.JPG,0,1563,1580.0,1588,1628.0,1,-1,CSL_yng_Male,1
60,18ZC4773.JPG,0,1487,795.0,1522,842.0,1,-1,CSL_yng_Male,1
61,18ZC4773.JPG,0,1469,1005.0,1530,1051.0,1,-1,CSL_yng_Male,1
62,18ZC4773.JPG,0,1598,1063.0,1658,1098.0,1,-1,CSL_yng_Male,1
63,18ZC4773.JPG,0,1599,1050.0,1647,1087.0,1,-1,CSL_yng_Male,1
64,18ZC4773.JPG,0,1577,1049.0,1628,1083.0,1,-1,CSL_yng_Male,1
65,18ZC4773.JPG,0,1562,1035.0,1626,1080.0,1,-1,CSL_yng_Male,1
66,18ZC4773.JPG,0,1565,1024.0,1620,1059.0,1,-1,CSL_yng_Male,1
67,18ZC4773.JPG,0,1550,1002.0,1597,1045.0,1,-1,CSL_yng_Male,1
68,18ZC4773.JPG,0,1519,977.0,1580,1001.0,1,-1,CSL_yng_Male,1
69,18ZC4773.JPG,0,1512,961.0,1566,980.0,1,-1,CSL_yng_Male,1
70,18ZC4773.JPG,0,1490,906.0,1533,965.0,1,-1,CSL_yng_Male,1
71,18ZC4773.JPG,0,1437,871.0,1505,888.0,1,-1,CSL_yng_Male,1
72,18ZC4773.JPG,0,1456,849.0,1515,870.0,1,-1,CSL_yng_Male,1
73,18ZC4773.JPG,0,1509,869.0,1567,908.0,1,-1,CSL_yng_Male,1
74,18ZC4773.JPG,0,1522,894.0,1577,911.0,1,-1,CSL_yng_Male,1
75,18ZC4773.JPG,0,1549,922.0,1614,947.0,1,-1,CSL_yng_Male,1
76,18ZC4773.JPG,0,1531,914.0,1582,935.0,1,-1,CSL_yng_Male,1
77,18ZC4773.JPG,0,1598,936.0,1648,969.0,1,-1,CSL_yng_Male,1
78,18ZC4773.JPG,0,1589,960.0,1624,1007.0,1,-1,CSL_yng_Male,1
79,18ZC4773.JPG,0,1596,996.0,1651,1022.0,1,-1,CSL_yng_Male,1
80,18ZC4773.JPG,0,1590,915.0,1654,968.0,1,-1,CSL_sam,1
81,18ZC4773.JPG,0,1380,192.0,1405,235.0,1,-1,CSL_juv,1
82,18ZC4773.JPG,0,1361,355.0,1385,406.0,1,-1,CSL_juv,1
83,18ZC4773.JPG,0,1425,343.0,1456,369.0,1,-1,CSL_juv,1
84,18ZC4773.JPG,0,1466,212.0,1493,276.0,1,-1,CSL_yng_Male,1
85,18ZC4773.JPG,0,1439,233.0,1468,284.0,1,-1,CSL_yng_Male,1
86,18ZC4773.JPG,0,1447,193.0,1472,236.0,1,-1,CSL_yng_Male,1
87,18ZC4773.JPG,0,1408,206.0,1446,268.0,1,-1,CSL_yng_Male,1
88,18ZC4773.JPG,0,1398,190.0,1423,244.0,1,-1,CSL_yng_Male,1
89,18ZC4773.JPG,0,1390,287.0,1431,346.0,1,-1,CSL_yng_Male,1
90,18ZC4773.JPG,0,1403,324.0,1425,403.0,1,-1,CSL_yng_Male,1
91,18ZC4773.JPG,0,1423,322.0,1498,355.0,1,-1,CSL_yng_Male,1
92,18ZC4773.JPG,0,1359,312.0,1383,365.0,1,-1,CSL_yng_Male,1
93,18ZC4773.JPG,0,1340,335.0,1366,416.0,1,-1,CSL_yng_Male,1
94,18ZC4773.JPG,0,1304,377.0,1356,433.0,1,-1,CSL_yng_Male,1
95,18ZC4773.JPG,0,1253,375.0,1331,421.0,1,-1,CSL_yng_Male,1
96,18ZC4773.JPG,0,1417,163.0,1446,206.0,1,-1,CSL_yng_Male,1
97,18ZC4773.JPG,0,1769,1638.0,1818,1665.0,1,-1,CSL_yng_Male,1
98,18ZC4773.JPG,0,1736,1646.0,1770,1678.0,1,-1,CSL_yng_Male,1
99,18ZC4773.JPG,0,1716,1666.0,1781,1706.0,1,-1,CSL_yng_Male,1
100,18ZC4773.JPG,0,1733,1590.0,1777,1625.0,1,-1,CSL_yng_Male,1
101,18ZC4890.JPG,1,4312,1567.0,4429,1641.0,1,-1,CSL_bull,1
102,18ZC4890.JPG,1,3875,2000.0,3974,2054.0,1,-1,CSL_bull,1
103,18ZC4890.JPG,1,3707,1798.0,3778,1872.0,1,-1,CSL_sam,1
104,18ZC4890.JPG,1,3544,1799.0,3612,1860.0,1,-1,CSL_sam,1
105,18ZC4890.JPG,1,3530,1612.0,3585,1677.0,1,-1,CSL_sam,1
106,18ZC4890.JPG,1,3534,1668.0,3604,1713.0,1,-1,CSL_sam,1
107,18ZC4890.JPG,1,4446,1839.0,4536,1890.0,1,-1,CSL_sam,1
108,18ZC4890.JPG,1,3623,2251.0,3659,2292.0,1,-1,CSL_pup,1
109,18ZC4890.JPG,1,3647,2124.0,3675,2166.0,1,-1,CSL_pup,1
110,18ZC4890.JPG,1,3755,1998.0,3798,2031.0,1,-1,CSL_pup,1
111,18ZC4890.JPG,1,3371,2464.0,3403,2497.0,1,-1,CSL_pup,1
112,18ZC4890.JPG,1,3187,2460.0,3218,2488.0,1,-1,CSL_pup,1
113,18ZC4890.JPG,1,3317,2397.0,3355,2430.0,1,-1,CSL_pup,1
114,18ZC4890.JPG,1,3549,2130.0,3601,2156.0,1,-1,CSL_juv,1
115,18ZC4890.JPG,1,3331,2641.0,3388,2662.0,1,-1,CSL_juv,1
116,18ZC4890.JPG,1,3379,2523.0,3445,2548.0,1,-1,CSL_cow,1
117,18ZC4890.JPG,1,3388,2553.0,3456,2600.0,1,-1,CSL_cow,1
118,18ZC4890.JPG,1,3328,2563.0,3406,2609.0,1,-1,CSL_cow,1
119,18ZC4890.JPG,1,3336,2597.0,3397,2623.0,1,-1,CSL_cow,1
120,18ZC4890.JPG,1,3302,2620.0,3385,2647.0,1,-1,CSL_cow,1
121,18ZC4890.JPG,1,3674,1989.0,3735,2027.0,1,-1,CSL_juv,1
122,18ZC4890.JPG,1,3961,1802.0,3992,1854.0,1,-1,CSL_juv,1
123,18ZC4890.JPG,1,3936,1813.0,3962,1864.0,1,-1,CSL_juv,1
124,18ZC4890.JPG,1,3848,2020.0,3885,2078.0,1,-1,CSL_juv,1
125,18ZC4890.JPG,1,3679,1921.0,3718,1985.0,1,-1,CSL_cow,1
126,18ZC4890.JPG,1,3738,1926.0,3784,1979.0,1,-1,CSL_cow,1
127,18ZC4890.JPG,1,3721,1914.0,3754,1989.0,1,-1,CSL_cow,1
128,18ZC4890.JPG,1,3771,2141.0,3817,2200.0,1,-1,CSL_cow,1
129,18ZC4890.JPG,1,3704,2130.0,3763,2186.0,1,-1,CSL_cow,1
130,18ZC4890.JPG,1,3140,2509.0,3199,2580.0,1,-1,CSL_cow,1
131,18ZC4890.JPG,1,3323,2451.0,3357,2524.0,1,-1,CSL_cow,1
132,18ZC4890.JPG,1,3295,2458.0,3321,2526.0,1,-1,CSL_cow,1
133,18ZC4890.JPG,1,3254,2431.0,3302,2506.0,1,-1,CSL_cow,1
134,18ZC4890.JPG,1,3257,2459.0,3289,2527.0,1,-1,CSL_cow,1
135,18ZC4890.JPG,1,3495,2316.0,3536,2392.0,1,-1,CSL_cow,1
136,18ZC4890.JPG,1,3480,2295.0,3517,2377.0,1,-1,CSL_cow,1
137,18ZC4890.JPG,1,3468,2304.0,3494,2380.0,1,-1,CSL_cow,1
138,18ZC4890.JPG,1,3441,2301.0,3472,2378.0,1,-1,CSL_cow,1
139,18ZC4890.JPG,1,3387,2379.0,3446,2432.0,1,-1,CSL_cow,1
140,18ZC4890.JPG,1,3138,2432.0,3177,2479.0,1,-1,CSL_juv,1
141,18ZC4890.JPG,1,3324,2368.0,3372,2394.0,1,-1,CSL_juv,1
142,18ZC4890.JPG,1,3268,2515.0,3343,2554.0,1,-1,CSL_cow,1
143,18ZC4890.JPG,1,3295,2528.0,3357,2558.0,1,-1,CSL_cow,1
144,18ZC4890.JPG,1,3369,2291.0,3427,2347.0,1,-1,CSL_cow,1
145,18ZC4890.JPG,1,3388,2336.0,3438,2377.0,1,-1,CSL_cow,1
146,18ZC4890.JPG,1,3357,2308.0,3388,2374.0,1,-1,CSL_cow,1
147,18ZC4890.JPG,1,3333,2386.0,3382,2441.0,1,-1,CSL_cow,1
148,18ZC4890.JPG,1,3329,2418.0,3374,2465.0,1,-1,CSL_cow,1
149,18ZC4890.JPG,1,3199,2460.0,3244,2532.0,1,-1,CSL_cow,1
150,18ZC4890.JPG,1,3188,2500.0,3253,2562.0,1,-1,CSL_cow,1
151,18ZC4890.JPG,1,3921,1865.0,3985,1916.0,1,-1,CSL_cow,1
152,18ZC4890.JPG,1,3862,1834.0,3923,1873.0,1,-1,CSL_cow,1
153,18ZC4890.JPG,1,3802,1966.0,3874,1999.0,1,-1,CSL_cow,1
154,18ZC4890.JPG,1,3772,2019.0,3833,2078.0,1,-1,CSL_cow,1
155,18ZC4890.JPG,1,3697,2023.0,3762,2090.0,1,-1,CSL_cow,1
156,18ZC4890.JPG,1,3661,2052.0,3738,2093.0,1,-1,CSL_cow,1
157,18ZC4890.JPG,1,3684,2081.0,3744,2117.0,1,-1,CSL_cow,1
158,18ZC4890.JPG,1,3655,2099.0,3702,2166.0,1,-1,CSL_cow,1
159,18ZC4890.JPG,1,3576,2087.0,3637,2131.0,1,-1,CSL_cow,1
160,18ZC4890.JPG,1,3632,2166.0,3704,2199.0,1,-1,CSL_cow,1
161,18ZC4890.JPG,1,3622,2192.0,3693,2233.0,1,-1,CSL_cow,1
162,18ZC4890.JPG,1,3612,2225.0,3701,2267.0,1,-1,CSL_cow,1
163,18ZC4890.JPG,1,3685,2305.0,3728,2338.0,1,-1,CSL_cow,1
164,18ZC4890.JPG,1,3631,1955.0,3674,2019.0,1,-1,CSL_cow,1
165,18ZC4890.JPG,1,3635,1905.0,3693,1993.0,1,-1,CSL_cow,1
166,18ZC4890.JPG,1,3578,2136.0,3655,2177.0,1,-1,CSL_cow,1
167,18ZC4890.JPG,1,3078,2559.0,3134,2618.0,1,-1,CSL_cow,1
168,18ZC4890.JPG,1,3100,2568.0,3148,2616.0,1,-1,CSL_cow,1
169,18ZC4890.JPG,1,3433,2331.0,3469,2391.0,1,-1,CSL_cow,1
170,18ZC4890.JPG,1,3757,2076.0,3811,2141.0,1,-1,CSL_cow,1
171,18ZC4890.JPG,1,3834,2048.0,3874,2119.0,1,-1,CSL_cow,1
172,18ZC4890.JPG,1,3742,1987.0,3772,2073.0,1,-1,CSL_cow,1
173,18ZC4890.JPG,1,3321,2653.0,3378,2687.0,1,-1,CSL_cow,1
174,18ZC4890.JPG,1,2307,1815.0,2355,1900.0,1,-1,CSL_sam,1
175,18ZC4890.JPG,1,3993,715.0,4040,767.0,1,-1,CSL_juv,1
176,18ZC4890.JPG,1,4043,686.0,4072,747.0,1,-1,CSL_juv,1
177,18ZC4890.JPG,1,4009,840.0,4047,884.0,1,-1,CSL_juv,1
178,18ZC4890.JPG,1,3962,832.0,4008,870.0,1,-1,CSL_juv,1
179,18ZC4890.JPG,1,3948,780.0,4002,836.0,1,-1,CSL_juv,1
180,18ZC4890.JPG,1,4130,768.0,4174,838.0,1,-1,CSL_cow,1
181,18ZC4890.JPG,1,4072,778.0,4110,822.0,1,-1,CSL_cow,1
182,18ZC4890.JPG,1,4061,857.0,4147,909.0,1,-1,CSL_cow,1
183,18ZC4890.JPG,1,4063,850.0,4129,895.0,1,-1,CSL_cow,1
184,18ZC4890.JPG,1,4061,836.0,4119,889.0,1,-1,CSL_cow,1
185,18ZC4890.JPG,1,4017,831.0,4087,888.0,1,-1,CSL_cow,1
186,18ZC4890.JPG,1,3993,802.0,4075,837.0,1,-1,CSL_cow,1
187,18ZC4890.JPG,1,4037,635.0,4092,712.0,1,-1,CSL_yng_Male,1
188,18ZC4890.JPG,1,4064,711.0,4118,764.0,1,-1,CSL_juv,1
189,18ZC4890.JPG,1,4367,1032.0,4467,1088.0,1,-1,NES_juv,1
190,18ZC4890.JPG,1,2869,3398.0,2970,3431.0,1,-1,CSL_sam,1
191,18ZC4890.JPG,1,2840,3428.0,2909,3508.0,1,-1,CSL_yng_Male,1
192,18ZC4890.JPG,1,2965,3288.0,3027,3384.0,1,-1,CSL_sam,1
193,18ZC4890.JPG,1,3214,3111.0,3272,3160.0,1,-1,CSL_yng_Male,1
194,18ZC4890.JPG,1,3077,3421.0,3139,3464.0,1,-1,CSL_yng_Male,1
195,18ZC4890.JPG,1,3067,3489.0,3121,3565.0,1,-1,CSL_cow,1
196,18ZC4890.JPG,1,3137,3188.0,3178,3229.0,1,-1,CSL_yng_Male,1
197,18ZC4890.JPG,1,2937,3508.0,2971,3549.0,1,-1,CSL_cow,1
198,18ZC4890.JPG,1,2902,3467.0,2968,3492.0,1,-1,CSL_yng_Male,1
199,18ZC4890.JPG,1,2962,3401.0,3014,3421.0,1,-1,CSL_juv,1
200,18ZC4890.JPG,1,2918,3429.0,2973,3448.0,1,-1,CSL_juv,1
201,18ZC4890.JPG,1,2928,3446.0,2975,3471.0,1,-1,CSL_juv,1
202,18ZC4890.JPG,1,2876,3447.0,2930,3472.0,1,-1,CSL_juv,1
203,18ZC4890.JPG,1,2871,3383.0,2928,3403.0,1,-1,CSL_juv,1
204,18ZC5063.JPG,2,1326,1146.0,1376,1196.0,1,-1,CSL_cow,1
205,18ZC5063.JPG,2,2297,454.0,2353,572.0,1,-1,CSL_cow,1
206,18ZC5063.JPG,2,3018,319.0,3116,369.0,1,-1,CSL_cow,1
207,18ZC5063.JPG,2,3026,377.0,3102,472.0,1,-1,CSL_cow,1
208,18ZC5063.JPG,2,2966,414.0,3068,478.0,1,-1,CSL_cow,1
209,18ZC5063.JPG,2,3900,1522.0,3965,1597.0,1,-1,CSL_cow,1
210,18ZC5063.JPG,2,3858,1589.0,3915,1677.0,1,-1,CSL_cow,1
211,18ZC5063.JPG,2,3853,1672.0,3907,1763.0,1,-1,CSL_cow,1
212,18ZC5063.JPG,2,3699,1694.0,3767,1765.0,1,-1,CSL_cow,1
213,18ZC5063.JPG,2,3688,1748.0,3784,1808.0,1,-1,CSL_cow,1
214,18ZC5063.JPG,2,3177,2080.0,3227,2145.0,1,-1,CSL_cow,1
215,18ZC5063.JPG,2,2565,1490.0,2613,1578.0,1,-1,CSL_cow,1
216,18ZC5063.JPG,2,2529,1448.0,2593,1496.0,1,-1,CSL_cow,1
217,18ZC5063.JPG,2,2515,1364.0,2586,1446.0,1,-1,CSL_cow,1
218,18ZC5063.JPG,2,1374,9.0,1478,77.0,1,-1,CSL_cow,1
219,18ZC5063.JPG,2,3150,2140.0,3229,2217.0,1,-1,CSL_cow,1
220,18ZC5063.JPG,2,3138,2183.0,3218,2250.0,1,-1,CSL_cow,1
221,18ZC5063.JPG,2,3616,2450.0,3694,2501.0,1,-1,CSL_cow,1
222,18ZC5063.JPG,2,3614,2499.0,3679,2579.0,1,-1,CSL_cow,1
223,18ZC5063.JPG,2,3537,2495.0,3620,2577.0,1,-1,CSL_cow,1
224,18ZC5063.JPG,2,3421,2484.0,3517,2535.0,1,-1,CSL_cow,1
225,18ZC5063.JPG,2,2286,2411.0,2353,2439.0,1,-1,CSL_pup,1
226,18ZC5063.JPG,2,2423,2397.0,2462,2425.0,1,-1,CSL_pup,1
227,18ZC5063.JPG,2,2350,2372.0,2417,2400.0,1,-1,CSL_pup,1
228,18ZC5063.JPG,2,2369,2354.0,2417,2370.0,1,-1,CSL_pup,1
229,18ZC5063.JPG,2,2362,2342.0,2429,2370.0,1,-1,CSL_pup,1
230,18ZC5063.JPG,2,2357,2338.0,2388,2360.0,1,-1,CSL_pup,1
231,18ZC5063.JPG,2,2349,2324.0,2401,2340.0,1,-1,CSL_pup,1
232,18ZC5063.JPG,2,2357,2298.0,2402,2323.0,1,-1,CSL_pup,1
233,18ZC5063.JPG,2,2337,2269.0,2404,2297.0,1,-1,CSL_pup,1
234,18ZC5063.JPG,2,2343,2255.0,2410,2283.0,1,-1,CSL_pup,1
235,18ZC5063.JPG,2,2390,2214.0,2414,2254.0,1,-1,CSL_pup,1
236,18ZC5063.JPG,2,2359,2195.0,2402,2226.0,1,-1,CSL_pup,1
237,18ZC5063.JPG,2,2272,2300.0,2313,2325.0,1,-1,CSL_pup,1
238,18ZC5063.JPG,2,2396,2254.0,2418,2279.0,1,-1,CSL_pup,1
239,18ZC5063.JPG,2,2398,2416.0,2440,2456.0,1,-1,CSL_pup,1
240,18ZC5063.JPG,2,2401,2391.0,2429,2418.0,1,-1,CSL_pup,1
241,18ZC5063.JPG,2,1525,1921.0,1566,1946.0,1,-1,CSL_pup,1
242,18ZC5063.JPG,2,1473,1823.0,1505,1865.0,1,-1,CSL_pup,1
243,18ZC5063.JPG,2,1700,1602.0,1738,1639.0,1,-1,CSL_pup,1
244,18ZC5063.JPG,2,1570,1818.0,1611,1843.0,1,-1,CSL_pup,1
245,18ZC5063.JPG,2,1612,1635.0,1653,1660.0,1,-1,CSL_pup,1
246,18ZC5063.JPG,2,1666,1487.0,1702,1525.0,1,-1,CSL_pup,1
247,18ZC5063.JPG,2,1740,1624.0,1768,1659.0,1,-1,CSL_pup,1
248,18ZC5063.JPG,2,1618,1662.0,1646,1706.0,1,-1,CSL_pup,1
249,18ZC5063.JPG,2,1430,1312.0,1469,1337.0,1,-1,CSL_pup,1
250,18ZC5063.JPG,2,1434,1292.0,1466,1318.0,1,-1,CSL_pup,1
251,18ZC5063.JPG,2,1387,1269.0,1441,1301.0,1,-1,CSL_pup,1
252,18ZC5063.JPG,2,1387,1247.0,1444,1272.0,1,-1,CSL_pup,1
253,18ZC5063.JPG,2,1315,1289.0,1342,1337.0,1,-1,CSL_pup,1
254,18ZC5063.JPG,2,1607,1489.0,1639,1515.0,1,-1,CSL_pup,1
255,18ZC5063.JPG,2,1692,1577.0,1728,1600.0,1,-1,CSL_pup,1
256,18ZC5063.JPG,2,1605,1511.0,1662,1536.0,1,-1,CSL_pup,1
257,18ZC5063.JPG,2,1391,1177.0,1448,1202.0,1,-1,CSL_pup,1
258,18ZC5063.JPG,2,1471,1155.0,1499,1202.0,1,-1,CSL_pup,1
259,18ZC5063.JPG,2,1268,1338.0,1304,1378.0,1,-1,CSL_pup,1
260,18ZC5063.JPG,2,1267,1306.0,1300,1341.0,1,-1,CSL_pup,1
261,18ZC5063.JPG,2,1366,1042.0,1402,1065.0,1,-1,CSL_pup,1
262,18ZC5063.JPG,2,1338,1033.0,1374,1056.0,1,-1,CSL_pup,1
263,18ZC5063.JPG,2,1355,1024.0,1400,1042.0,1,-1,CSL_pup,1
264,18ZC5063.JPG,2,1081,765.0,1137,788.0,1,-1,CSL_pup,1
265,18ZC5063.JPG,2,1377,1109.0,1404,1163.0,1,-1,CSL_pup,1
266,18ZC5063.JPG,2,1204,1088.0,1258,1140.0,1,-1,CSL_pup,1
267,18ZC5063.JPG,2,1175,1090.0,1223,1125.0,1,-1,CSL_pup,1
268,18ZC5063.JPG,2,1125,1021.0,1188,1061.0,1,-1,CSL_pup,1
269,18ZC5063.JPG,2,1230,965.0,1272,991.0,1,-1,CSL_pup,1
270,18ZC5063.JPG,2,1178,936.0,1222,972.0,1,-1,CSL_pup,1
271,18ZC5063.JPG,2,1222,942.0,1261,973.0,1,-1,CSL_pup,1
272,18ZC5063.JPG,2,1167,902.0,1219,931.0,1,-1,CSL_pup,1
273,18ZC5063.JPG,2,1338,1006.0,1394,1029.0,1,-1,CSL_pup,1
274,18ZC5063.JPG,2,980,815.0,1032,850.0,1,-1,CSL_pup,1
275,18ZC5063.JPG,2,1290,820.0,1326,861.0,1,-1,CSL_pup,1
276,18ZC5063.JPG,2,1208,773.0,1260,802.0,1,-1,CSL_pup,1
277,18ZC5063.JPG,2,1160,742.0,1195,783.0,1,-1,CSL_pup,1
278,18ZC5063.JPG,2,1185,808.0,1211,858.0,1,-1,CSL_pup,1
279,18ZC5063.JPG,2,1149,808.0,1167,871.0,1,-1,CSL_pup,1
280,18ZC5063.JPG,2,1169,807.0,1191,862.0,1,-1,CSL_pup,1
281,18ZC5063.JPG,2,960,734.0,1007,787.0,1,-1,CSL_pup,1
282,18ZC5063.JPG,2,910,755.0,948,804.0,1,-1,CSL_pup,1
283,18ZC5063.JPG,2,1222,888.0,1258,929.0,1,-1,CSL_pup,1
284,18ZC5063.JPG,2,1194,893.0,1236,914.0,1,-1,CSL_pup,1
285,18ZC5063.JPG,2,1203,870.0,1237,901.0,1,-1,CSL_pup,1
286,18ZC5063.JPG,2,1187,858.0,1209,895.0,1,-1,CSL_pup,1
287,18ZC5063.JPG,2,2597,2904.0,2631,2935.0,1,-1,CSL_pup,1
288,18ZC5063.JPG,2,2721,3015.0,2763,3041.0,1,-1,CSL_pup,1
289,18ZC5063.JPG,2,2733,2978.0,2769,3002.0,1,-1,CSL_pup,1
290,18ZC5063.JPG,2,2732,2960.0,2766,2991.0,1,-1,CSL_pup,1
291,18ZC5063.JPG,2,2726,2941.0,2756,2979.0,1,-1,CSL_pup,1
292,18ZC5063.JPG,2,2696,2966.0,2730,2997.0,1,-1,CSL_pup,1
293,18ZC5063.JPG,2,2706,2937.0,2740,2968.0,1,-1,CSL_pup,1
294,18ZC5063.JPG,2,2683,2922.0,2717,2953.0,1,-1,CSL_pup,1
295,18ZC5063.JPG,2,2651,2943.0,2685,2973.0,1,-1,CSL_pup,1
296,18ZC5063.JPG,2,2637,2936.0,2671,2967.0,1,-1,CSL_pup,1
297,18ZC5063.JPG,2,2599,2937.0,2647,2968.0,1,-1,CSL_pup,1
298,18ZC5063.JPG,2,2660,2968.0,2699,2987.0,1,-1,CSL_pup,1
299,18ZC5063.JPG,2,2678,2982.0,2712,3013.0,1,-1,CSL_pup,1
300,18ZC5063.JPG,2,2646,2975.0,2680,3006.0,1,-1,CSL_pup,1
301,18ZC5063.JPG,2,2641,3003.0,2675,3034.0,1,-1,CSL_pup,1
302,18ZC5063.JPG,2,2519,2873.0,2568,2914.0,1,-1,CSL_pup,1
303,18ZC5063.JPG,2,2435,2936.0,2481,2967.0,1,-1,CSL_pup,1
304,18ZC5063.JPG,2,2358,2919.0,2414,2956.0,1,-1,CSL_pup,1
305,18ZC5063.JPG,2,2690,2866.0,2719,2904.0,1,-1,CSL_pup,1
306,18ZC5063.JPG,2,2668,2848.0,2712,2895.0,1,-1,CSL_pup,1
307,18ZC5063.JPG,2,2656,2840.0,2694,2872.0,1,-1,CSL_pup,1
308,18ZC5063.JPG,2,2641,2809.0,2677,2840.0,1,-1,CSL_pup,1
309,18ZC5063.JPG,2,2620,2819.0,2654,2850.0,1,-1,CSL_pup,1
310,18ZC5063.JPG,2,2594,2792.0,2635,2837.0,1,-1,CSL_pup,1
311,18ZC5063.JPG,2,2769,3064.0,2792,3106.0,1,-1,CSL_pup,1
312,18ZC5063.JPG,2,2714,2994.0,2775,3015.0,1,-1,CSL_pup,1
313,18ZC5063.JPG,2,3220,2151.0,3256,2182.0,1,-1,CSL_pup,1
314,18ZC5063.JPG,2,3219,2221.0,3271,2252.0,1,-1,CSL_pup,1
315,18ZC5063.JPG,2,3267,2251.0,3296,2284.0,1,-1,CSL_pup,1
316,18ZC5063.JPG,2,3129,2266.0,3164,2288.0,1,-1,CSL_pup,1
317,18ZC5063.JPG,2,3459,2512.0,3506,2541.0,1,-1,CSL_pup,1
318,18ZC5063.JPG,2,3805,1752.0,3837,1783.0,1,-1,CSL_pup,1
319,18ZC5063.JPG,2,3781,1741.0,3809,1761.0,1,-1,CSL_pup,1
320,18ZC5063.JPG,2,3715,1777.0,3750,1799.0,1,-1,CSL_pup,1
321,18ZC5063.JPG,2,3645,1786.0,3681,1836.0,1,-1,CSL_pup,1
322,18ZC5063.JPG,2,3720,2650.0,3748,2681.0,1,-1,CSL_pup,1
323,18ZC5063.JPG,2,2189,2017.0,2234,2058.0,1,-1,CSL_pup,1
324,18ZC5063.JPG,2,2273,2202.0,2301,2233.0,1,-1,CSL_pup,1
325,18ZC5063.JPG,2,2354,1492.0,2393,1542.0,1,-1,CSL_pup,1
326,18ZC5063.JPG,2,1086,630.0,1132,659.0,1,-1,CSL_pup,1
327,18ZC5063.JPG,2,1060,610.0,1115,637.0,1,-1,CSL_pup,1
328,18ZC5063.JPG,2,677,605.0,722,646.0,1,-1,CSL_pup,1
329,18ZC5063.JPG,2,385,631.0,430,672.0,1,-1,CSL_pup,1
330,18ZC5063.JPG,2,856,192.0,901,233.0,1,-1,CSL_pup,1
331,18ZC5063.JPG,2,781,207.0,826,248.0,1,-1,CSL_pup,1
332,18ZC5063.JPG,2,757,264.0,802,305.0,1,-1,CSL_pup,1
333,18ZC5063.JPG,2,670,315.0,722,345.0,1,-1,CSL_pup,1
334,18ZC5063.JPG,2,648,311.0,677,356.0,1,-1,CSL_pup,1
335,18ZC5063.JPG,2,675,370.0,703,415.0,1,-1,CSL_pup,1
336,18ZC5063.JPG,2,517,543.0,562,584.0,1,-1,CSL_pup,1
337,18ZC5063.JPG,2,663,231.0,708,272.0,1,-1,CSL_pup,1
338,18ZC5063.JPG,2,590,259.0,635,300.0,1,-1,CSL_pup,1
339,18ZC5063.JPG,2,526,211.0,571,252.0,1,-1,CSL_pup,1
340,18ZC5063.JPG,2,473,206.0,510,253.0,1,-1,CSL_pup,1
341,18ZC5063.JPG,2,408,212.0,450,247.0,1,-1,CSL_pup,1
342,18ZC5063.JPG,2,352,246.0,397,287.0,1,-1,CSL_pup,1
343,18ZC5063.JPG,2,306,262.0,351,303.0,1,-1,CSL_pup,1
344,18ZC5063.JPG,2,262,244.0,302,279.0,1,-1,CSL_pup,1
345,18ZC5063.JPG,2,255,210.0,294,260.0,1,-1,CSL_pup,1
346,18ZC5063.JPG,2,588,108.0,629,164.0,1,-1,CSL_pup,1
347,18ZC5063.JPG,2,621,170.0,649,193.0,1,-1,CSL_pup,1
348,18ZC5063.JPG,2,648,157.0,673,209.0,1,-1,CSL_pup,1
349,18ZC5063.JPG,2,675,177.0,721,214.0,1,-1,CSL_pup,1
350,18ZC5063.JPG,2,638,452.0,683,493.0,1,-1,CSL_pup,1
351,18ZC5063.JPG,2,546,425.0,582,460.0,1,-1,CSL_pup,1
352,18ZC5063.JPG,2,606,391.0,636,429.0,1,-1,CSL_pup,1
353,18ZC5063.JPG,2,616,359.0,661,400.0,1,-1,CSL_pup,1
354,18ZC5063.JPG,2,612,325.0,648,363.0,1,-1,CSL_pup,1
355,18ZC5063.JPG,2,667,404.0,688,442.0,1,-1,CSL_pup,1
356,18ZC5063.JPG,2,647,405.0,667,446.0,1,-1,CSL_pup,1
357,18ZC5063.JPG,2,635,344.0,680,385.0,1,-1,CSL_pup,1
358,18ZC5063.JPG,2,434,298.0,480,327.0,1,-1,CSL_pup,1
359,18ZC5063.JPG,2,530,64.0,576,93.0,1,-1,CSL_pup,1
360,18ZC5063.JPG,2,560,40.0,597,69.0,1,-1,CSL_pup,1
361,18ZC5063.JPG,2,688,127.0,709,155.0,1,-1,CSL_pup,1
362,18ZC5063.JPG,2,653,98.0,695,127.0,1,-1,CSL_pup,1
363,18ZC5063.JPG,2,683,75.0,729,94.0,1,-1,CSL_pup,1
364,18ZC5063.JPG,2,690,155.0,722,178.0,1,-1,CSL_pup,1
365,18ZC5063.JPG,2,673,161.0,694,189.0,1,-1,CSL_pup,1
366,18ZC5063.JPG,2,397,30.0,440,69.0,1,-1,CSL_pup,1
367,18ZC5063.JPG,2,275,10.0,321,57.0,1,-1,CSL_pup,1
368,18ZC5063.JPG,2,339,16.0,384,62.0,1,-1,CSL_pup,1
369,18ZC5063.JPG,2,146,317.0,197,341.0,1,-1,CSL_pup,1
370,18ZC5063.JPG,2,372,175.0,418,204.0,1,-1,CSL_pup,1
371,18ZC5063.JPG,2,668,114.0,714,133.0,1,-1,CSL_pup,1
372,18ZC5063.JPG,2,632,139.0,664,175.0,1,-1,CSL_pup,1
373,18ZC5063.JPG,2,1514,96.0,1555,139.0,1,-1,CSL_pup,1
374,18ZC5063.JPG,2,2038,232.0,2079,270.0,1,-1,CSL_pup,1
375,18ZC5063.JPG,2,839,1139.0,873,1171.0,1,-1,CSL_pup,1
376,18ZC5063.JPG,2,794,1204.0,824,1243.0,1,-1,CSL_pup,1
377,18ZC5063.JPG,2,842,1194.0,875,1225.0,1,-1,CSL_pup,1
378,18ZC5063.JPG,2,1568,1957.0,1591,1992.0,1,-1,CSL_pup,1
379,18ZC5063.JPG,2,1651,1884.0,1690,1912.0,1,-1,CSL_pup,1
380,18ZC5063.JPG,2,1447,1778.0,1489,1833.0,1,-1,CSL_cow,1
381,18ZC5064.JPG,3,3266,1471.0,3348,1518.0,1,-1,CSL_cow,1
382,18ZC5064.JPG,3,3419,1374.0,3501,1421.0,1,-1,CSL_cow,1
383,18ZC5064.JPG,3,3417,1346.0,3498,1373.0,1,-1,CSL_cow,1
384,18ZC5064.JPG,3,3481,1337.0,3553,1384.0,1,-1,CSL_cow,1
385,18ZC5064.JPG,3,3500,1329.0,3587,1398.0,1,-1,CSL_cow,1
386,18ZC5064.JPG,3,3564,1279.0,3646,1326.0,1,-1,CSL_cow,1
387,18ZC5064.JPG,3,3536,1351.0,3608,1410.0,1,-1,CSL_cow,1
388,18ZC5064.JPG,3,3553,1362.0,3623,1432.0,1,-1,CSL_cow,1
389,18ZC5064.JPG,3,3559,1447.0,3641,1494.0,1,-1,CSL_cow,1
390,18ZC5064.JPG,3,3511,1490.0,3593,1537.0,1,-1,CSL_cow,1
391,18ZC5064.JPG,3,3516,1401.0,3561,1470.0,1,-1,CSL_cow,1
392,18ZC5064.JPG,3,3402,1380.0,3478,1454.0,1,-1,CSL_cow,1
393,18ZC5064.JPG,3,3346,1427.0,3415,1506.0,1,-1,CSL_cow,1
394,18ZC5064.JPG,3,3305,1408.0,3347,1485.0,1,-1,CSL_cow,1
395,18ZC5064.JPG,3,3249,1419.0,3308,1496.0,1,-1,CSL_cow,1
396,18ZC5064.JPG,3,3166,1447.0,3213,1517.0,1,-1,CSL_cow,1
397,18ZC5064.JPG,3,3058,1633.0,3119,1699.0,1,-1,CSL_cow,1
398,18ZC5064.JPG,3,3117,1608.0,3163,1677.0,1,-1,CSL_cow,1
399,18ZC5064.JPG,3,3132,1599.0,3213,1648.0,1,-1,CSL_cow,1
400,18ZC5064.JPG,3,3172,1667.0,3254,1714.0,1,-1,CSL_cow,1
401,18ZC5064.JPG,3,3317,1687.0,3399,1734.0,1,-1,CSL_cow,1
402,18ZC5064.JPG,3,3489,1814.0,3576,1868.0,1,-1,CSL_cow,1
403,18ZC5064.JPG,3,3363,1740.0,3449,1800.0,1,-1,CSL_cow,1
404,18ZC5064.JPG,3,3291,1687.0,3336,1756.0,1,-1,CSL_cow,1
405,18ZC5064.JPG,3,3261,1676.0,3306,1745.0,1,-1,CSL_cow,1
406,18ZC5064.JPG,3,3161,1721.0,3247,1760.0,1,-1,CSL_cow,1
407,18ZC5064.JPG,3,3138,1754.0,3241,1789.0,1,-1,CSL_cow,1
408,18ZC5064.JPG,3,3137,1769.0,3190,1807.0,1,-1,CSL_cow,1
409,18ZC5064.JPG,3,3003,1925.0,3080,2015.0,1,-1,CSL_cow,1
410,18ZC5064.JPG,3,3009,2157.0,3061,2240.0,1,-1,CSL_cow,1
411,18ZC5064.JPG,3,2952,2200.0,3019,2266.0,1,-1,CSL_cow,1
412,18ZC5064.JPG,3,2910,2220.0,3000,2269.0,1,-1,CSL_cow,1
413,18ZC5064.JPG,3,2849,2180.0,2938,2246.0,1,-1,CSL_cow,1
414,18ZC5064.JPG,3,2870,2135.0,2939,2218.0,1,-1,CSL_cow,1
415,18ZC5064.JPG,3,2893,2136.0,2970,2188.0,1,-1,CSL_cow,1
416,18ZC5064.JPG,3,2892,2120.0,2974,2148.0,1,-1,CSL_cow,1
417,18ZC5064.JPG,3,2899,2067.0,2993,2147.0,1,-1,CSL_cow,1
418,18ZC5064.JPG,3,2935,2050.0,2997,2099.0,1,-1,CSL_cow,1
419,18ZC5064.JPG,3,2855,2066.0,2901,2132.0,1,-1,CSL_cow,1
420,18ZC5064.JPG,3,2535,1727.0,2624,1767.0,1,-1,CSL_cow,1
421,18ZC5064.JPG,3,2584,1631.0,2644,1709.0,1,-1,CSL_cow,1
422,18ZC5064.JPG,3,2635,1583.0,2691,1667.0,1,-1,CSL_cow,1
423,18ZC5064.JPG,3,2666,1558.0,2698,1624.0,1,-1,CSL_cow,1
424,18ZC5064.JPG,3,2747,1521.0,2822,1574.0,1,-1,CSL_cow,1
425,18ZC5064.JPG,3,2788,1557.0,2889,1592.0,1,-1,CSL_cow,1
426,18ZC5064.JPG,3,2855,1576.0,2928,1617.0,1,-1,CSL_cow,1
427,18ZC5064.JPG,3,2891,1505.0,2962,1571.0,1,-1,CSL_cow,1
428,18ZC5064.JPG,3,2697,1326.0,2768,1392.0,1,-1,CSL_cow,1
429,18ZC5064.JPG,3,2662,1155.0,2697,1258.0,1,-1,CSL_cow,1
430,18ZC5064.JPG,3,2621,1137.0,2666,1231.0,1,-1,CSL_cow,1
431,18ZC5064.JPG,3,2509,1242.0,2587,1321.0,1,-1,CSL_cow,1
432,18ZC5064.JPG,3,2365,975.0,2436,1053.0,1,-1,CSL_cow,1
433,18ZC5064.JPG,3,2384,1022.0,2440,1084.0,1,-1,CSL_cow,1
434,18ZC5064.JPG,3,2937,806.0,2978,859.0,1,-1,CSL_cow,1
435,18ZC5064.JPG,3,2923,842.0,3020,878.0,1,-1,CSL_cow,1
436,18ZC5064.JPG,3,2930,878.0,3008,905.0,1,-1,CSL_cow,1
437,18ZC5064.JPG,3,2915,901.0,2993,929.0,1,-1,CSL_cow,1
438,18ZC5064.JPG,3,1931,2360.0,1966,2403.0,1,-1,CSL_pup,1
439,18ZC5064.JPG,3,1960,2404.0,1998,2447.0,1,-1,CSL_pup,1
440,18ZC5064.JPG,3,1898,2422.0,1930,2482.0,1,-1,CSL_pup,1
441,18ZC5064.JPG,3,1871,2451.0,1903,2494.0,1,-1,CSL_pup,1
442,18ZC5064.JPG,3,1828,2433.0,1860,2476.0,1,-1,CSL_pup,1
443,18ZC5064.JPG,3,1805,2398.0,1849,2448.0,1,-1,CSL_pup,1
444,18ZC5064.JPG,3,2030,2398.0,2062,2446.0,1,-1,CSL_pup,1
445,18ZC5064.JPG,3,2075,2402.0,2112,2445.0,1,-1,CSL_pup,1
446,18ZC5064.JPG,3,2135,2453.0,2183,2496.0,1,-1,CSL_pup,1
447,18ZC5064.JPG,3,2138,2306.0,2174,2355.0,1,-1,CSL_pup,1
448,18ZC5064.JPG,3,2252,2268.0,2295,2311.0,1,-1,CSL_pup,1
449,18ZC5064.JPG,3,2192,2358.0,2224,2401.0,1,-1,CSL_pup,1
450,18ZC5064.JPG,3,2306,2458.0,2338,2501.0,1,-1,CSL_pup,1
451,18ZC5064.JPG,3,2339,2399.0,2371,2442.0,1,-1,CSL_pup,1
452,18ZC5064.JPG,3,2208,2422.0,2240,2465.0,1,-1,CSL_pup,1
453,18ZC5064.JPG,3,2222,2372.0,2254,2415.0,1,-1,CSL_pup,1
454,18ZC5064.JPG,3,2079,2254.0,2122,2297.0,1,-1,CSL_pup,1
455,18ZC5064.JPG,3,2112,2238.0,2144,2281.0,1,-1,CSL_pup,1
456,18ZC5064.JPG,3,2151,2165.0,2191,2208.0,1,-1,CSL_pup,1
457,18ZC5064.JPG,3,1956,2225.0,1995,2268.0,1,-1,CSL_pup,1
458,18ZC5064.JPG,3,1904,2223.0,1936,2266.0,1,-1,CSL_pup,1
459,18ZC5064.JPG,3,1837,2210.0,1880,2253.0,1,-1,CSL_pup,1
460,18ZC5064.JPG,3,1891,2152.0,1923,2195.0,1,-1,CSL_pup,1
461,18ZC5064.JPG,3,1997,2163.0,2029,2206.0,1,-1,CSL_pup,1
462,18ZC5064.JPG,3,2006,2120.0,2038,2163.0,1,-1,CSL_pup,1
463,18ZC5064.JPG,3,1948,2135.0,1980,2178.0,1,-1,CSL_pup,1
464,18ZC5064.JPG,3,1932,2150.0,1964,2193.0,1,-1,CSL_pup,1
465,18ZC5064.JPG,3,1913,2178.0,1945,2221.0,1,-1,CSL_pup,1
466,18ZC5064.JPG,3,1905,2195.0,1937,2238.0,1,-1,CSL_pup,1
467,18ZC5064.JPG,3,1991,2477.0,2023,2520.0,1,-1,CSL_pup,1
468,18ZC5064.JPG,3,2158,2515.0,2190,2558.0,1,-1,CSL_pup,1
469,18ZC5064.JPG,3,2187,2504.0,2219,2547.0,1,-1,CSL_pup,1
470,18ZC5064.JPG,3,2224,2502.0,2256,2545.0,1,-1,CSL_pup,1
471,18ZC5064.JPG,3,2171,2549.0,2203,2592.0,1,-1,CSL_pup,1
472,18ZC5064.JPG,3,2152,2576.0,2184,2619.0,1,-1,CSL_pup,1
473,18ZC5064.JPG,3,2150,2542.0,2182,2585.0,1,-1,CSL_pup,1
474,18ZC5064.JPG,3,2197,2587.0,2229,2630.0,1,-1,CSL_pup,1
475,18ZC5064.JPG,3,2166,2598.0,2198,2641.0,1,-1,CSL_pup,1
476,18ZC5064.JPG,3,2090,2605.0,2122,2648.0,1,-1,CSL_pup,1
477,18ZC5064.JPG,3,1932,2185.0,1964,2228.0,1,-1,CSL_pup,1
478,18ZC5064.JPG,3,2205,2284.0,2237,2327.0,1,-1,CSL_pup,1
479,18ZC5064.JPG,3,2217,2295.0,2249,2338.0,1,-1,CSL_pup,1
480,18ZC5064.JPG,3,2221,2310.0,2253,2353.0,1,-1,CSL_pup,1
481,18ZC5064.JPG,3,2233,2332.0,2265,2375.0,1,-1,CSL_pup,1
482,18ZC5064.JPG,3,2411,2374.0,2443,2417.0,1,-1,CSL_pup,1
483,18ZC5064.JPG,3,2035,1930.0,2075,1973.0,1,-1,CSL_pup,1
484,18ZC5064.JPG,3,2182,1951.0,2222,1994.0,1,-1,CSL_pup,1
485,18ZC5064.JPG,3,2202,2002.0,2242,2045.0,1,-1,CSL_pup,1
486,18ZC5064.JPG,3,2141,2016.0,2181,2059.0,1,-1,CSL_pup,1
487,18ZC5064.JPG,3,2193,2031.0,2233,2074.0,1,-1,CSL_pup,1
488,18ZC5064.JPG,3,2180,2041.0,2220,2084.0,1,-1,CSL_pup,1
489,18ZC5064.JPG,3,2181,2053.0,2221,2096.0,1,-1,CSL_pup,1
490,18ZC5064.JPG,3,2186,2076.0,2226,2119.0,1,-1,CSL_pup,1
491,18ZC5064.JPG,3,2165,2089.0,2205,2132.0,1,-1,CSL_pup,1
492,18ZC5064.JPG,3,2073,2114.0,2113,2157.0,1,-1,CSL_pup,1
493,18ZC5064.JPG,3,1933,1998.0,1973,2041.0,1,-1,CSL_pup,1
494,18ZC5064.JPG,3,1992,1927.0,2032,1970.0,1,-1,CSL_pup,1
495,18ZC5064.JPG,3,2068,2065.0,2108,2108.0,1,-1,CSL_pup,1
496,18ZC5064.JPG,3,1937,2104.0,1977,2147.0,1,-1,CSL_pup,1
497,18ZC5064.JPG,3,2123,1963.0,2163,2006.0,1,-1,CSL_pup,1
498,18ZC5064.JPG,3,1996,1849.0,2036,1892.0,1,-1,CSL_pup,1
499,18ZC5064.JPG,3,1772,1929.0,1812,1972.0,1,-1,CSL_pup,1
500,18ZC5064.JPG,3,1736,1923.0,1776,1966.0,1,-1,CSL_pup,1
501,18ZC5064.JPG,3,1710,1943.0,1750,1986.0,1,-1,CSL_pup,1
502,18ZC5064.JPG,3,1781,2024.0,1821,2067.0,1,-1,CSL_pup,1
503,18ZC5064.JPG,3,1818,2020.0,1858,2063.0,1,-1,CSL_pup,1
504,18ZC5064.JPG,3,1626,2113.0,1666,2156.0,1,-1,CSL_pup,1
505,18ZC5064.JPG,3,1658,1851.0,1698,1894.0,1,-1,CSL_pup,1
506,18ZC5064.JPG,3,2568,2080.0,2608,2123.0,1,-1,CSL_pup,1
507,18ZC5064.JPG,3,813,1922.0,853,1965.0,1,-1,CSL_pup,1
508,18ZC5064.JPG,3,830,1881.0,870,1924.0,1,-1,CSL_pup,1
509,18ZC5064.JPG,3,622,1837.0,662,1885.0,1,-1,CSL_pup,1
510,18ZC5064.JPG,3,671,1806.0,728,1849.0,1,-1,CSL_pup,1
511,18ZC5064.JPG,3,844,1732.0,884,1775.0,1,-1,CSL_pup,1
512,18ZC5064.JPG,3,957,1907.0,997,1950.0,1,-1,CSL_pup,1
513,18ZC5064.JPG,3,897,1852.0,937,1895.0,1,-1,CSL_pup,1
514,18ZC5064.JPG,3,714,1879.0,754,1922.0,1,-1,CSL_pup,1
515,18ZC5064.JPG,3,694,1915.0,734,1958.0,1,-1,CSL_pup,1
516,18ZC5064.JPG,3,558,1848.0,598,1891.0,1,-1,CSL_pup,1
517,18ZC5064.JPG,3,608,1730.0,648,1773.0,1,-1,CSL_pup,1
518,18ZC5064.JPG,3,684,1741.0,736,1767.0,1,-1,CSL_pup,1
519,18ZC5064.JPG,3,674,1753.0,714,1784.0,1,-1,CSL_pup,1
520,18ZC5064.JPG,3,795,1830.0,835,1873.0,1,-1,CSL_pup,1
521,18ZC5064.JPG,3,778,1860.0,818,1903.0,1,-1,CSL_pup,1
522,18ZC5064.JPG,3,597,2050.0,637,2093.0,1,-1,CSL_pup,1
523,18ZC5064.JPG,3,334,1655.0,391,1698.0,1,-1,CSL_pup,1
524,18ZC5064.JPG,3,329,1697.0,386,1740.0,1,-1,CSL_pup,1
525,18ZC5064.JPG,3,405,1681.0,462,1724.0,1,-1,CSL_pup,1
526,18ZC5064.JPG,3,455,1696.0,512,1739.0,1,-1,CSL_pup,1
527,18ZC5064.JPG,3,564,1686.0,621,1729.0,1,-1,CSL_pup,1
528,18ZC5064.JPG,3,555,1656.0,612,1699.0,1,-1,CSL_pup,1
529,18ZC5064.JPG,3,690,1671.0,747,1714.0,1,-1,CSL_pup,1
530,18ZC5064.JPG,3,352,1792.0,409,1835.0,1,-1,CSL_pup,1
531,18ZC5064.JPG,3,353,1756.0,410,1799.0,1,-1,CSL_pup,1
532,18ZC5064.JPG,3,58,1666.0,115,1709.0,1,-1,CSL_pup,1
533,18ZC5064.JPG,3,132,1624.0,167,1655.0,1,-1,CSL_pup,1
534,18ZC5064.JPG,3,656,1316.0,707,1351.0,1,-1,CSL_pup,1
535,18ZC5064.JPG,3,578,1331.0,635,1374.0,1,-1,CSL_pup,1
536,18ZC5064.JPG,3,659,1235.0,716,1270.0,1,-1,CSL_pup,1
537,18ZC5064.JPG,3,765,1183.0,788,1224.0,1,-1,CSL_pup,1
538,18ZC5064.JPG,3,869,1192.0,909,1225.0,1,-1,CSL_pup,1
539,18ZC5064.JPG,3,834,1273.0,861,1316.0,1,-1,CSL_pup,1
540,18ZC5064.JPG,3,1600,1509.0,1627,1552.0,1,-1,CSL_pup,1
541,18ZC5064.JPG,3,1561,1504.0,1588,1547.0,1,-1,CSL_pup,1
542,18ZC5064.JPG,3,1528,1499.0,1555,1542.0,1,-1,CSL_pup,1
543,18ZC5064.JPG,3,1518,1543.0,1566,1578.0,1,-1,CSL_pup,1
544,18ZC5064.JPG,3,1526,1571.0,1553,1614.0,1,-1,CSL_pup,1
545,18ZC5064.JPG,3,1567,1490.0,1594,1524.0,1,-1,CSL_pup,1
546,18ZC5064.JPG,3,1561,1470.0,1588,1513.0,1,-1,CSL_pup,1
547,18ZC5064.JPG,3,1582,1462.0,1609,1505.0,1,-1,CSL_pup,1
548,18ZC5064.JPG,3,1564,1443.0,1593,1476.0,1,-1,CSL_pup,1
549,18ZC5064.JPG,3,1598,1435.0,1625,1478.0,1,-1,CSL_pup,1
550,18ZC5064.JPG,3,1551,1411.0,1578,1454.0,1,-1,CSL_pup,1
551,18ZC5064.JPG,3,1567,1399.0,1594,1442.0,1,-1,CSL_pup,1
552,18ZC5064.JPG,3,1586,1388.0,1613,1431.0,1,-1,CSL_pup,1
553,18ZC5064.JPG,3,1599,1402.0,1626,1445.0,1,-1,CSL_pup,1
554,18ZC5064.JPG,3,1561,1347.0,1588,1390.0,1,-1,CSL_pup,1
555,18ZC5064.JPG,3,1564,1369.0,1591,1412.0,1,-1,CSL_pup,1
556,18ZC5064.JPG,3,1499,1376.0,1526,1419.0,1,-1,CSL_pup,1
557,18ZC5064.JPG,3,1609,1319.0,1636,1363.0,1,-1,CSL_pup,1
558,18ZC5064.JPG,3,1166,1635.0,1193,1679.0,1,-1,CSL_pup,1
559,18ZC5064.JPG,3,1347,1702.0,1374,1746.0,1,-1,CSL_pup,1
560,18ZC5064.JPG,3,1481,1711.0,1508,1755.0,1,-1,CSL_pup,1
561,18ZC5064.JPG,3,1451,1709.0,1478,1753.0,1,-1,CSL_pup,1
562,18ZC5064.JPG,3,1438,1691.0,1469,1721.0,1,-1,CSL_pup,1
563,18ZC5064.JPG,3,1382,1706.0,1409,1750.0,1,-1,CSL_pup,1
564,18ZC5064.JPG,3,1302,1603.0,1329,1647.0,1,-1,CSL_pup,1
565,18ZC5064.JPG,3,1252,1591.0,1279,1635.0,1,-1,CSL_pup,1
566,18ZC5064.JPG,3,1143,1608.0,1189,1631.0,1,-1,CSL_pup,1
567,18ZC5064.JPG,3,1141,1623.0,1196,1648.0,1,-1,CSL_pup,1
568,18ZC5064.JPG,3,1383,1684.0,1422,1714.0,1,-1,CSL_pup,1
569,18ZC5064.JPG,3,1264,1716.0,1295,1746.0,1,-1,CSL_pup,1
570,18ZC5064.JPG,3,1452,1870.0,1506,1900.0,1,-1,CSL_pup,1
571,18ZC5064.JPG,3,441,1192.0,480,1222.0,1,-1,CSL_pup,1
572,18ZC5064.JPG,3,530,1186.0,569,1225.0,1,-1,CSL_pup,1
573,18ZC5064.JPG,3,516,1094.0,555,1124.0,1,-1,CSL_pup,1
574,18ZC5064.JPG,3,390,1149.0,429,1179.0,1,-1,CSL_pup,1
575,18ZC5064.JPG,3,336,1220.0,375,1250.0,1,-1,CSL_pup,1
576,18ZC5064.JPG,3,373,1235.0,412,1265.0,1,-1,CSL_pup,1
577,18ZC5064.JPG,3,388,1295.0,427,1325.0,1,-1,CSL_pup,1
578,18ZC5064.JPG,3,426,1238.0,465,1268.0,1,-1,CSL_pup,1
579,18ZC5064.JPG,3,483,1256.0,522,1286.0,1,-1,CSL_pup,1
580,18ZC5064.JPG,3,603,1276.0,642,1306.0,1,-1,CSL_pup,1
581,18ZC5064.JPG,3,614,1181.0,653,1211.0,1,-1,CSL_pup,1
582,18ZC5064.JPG,3,274,1352.0,315,1386.0,1,-1,CSL_pup,1
583,18ZC5064.JPG,3,261,1344.0,306,1377.0,1,-1,CSL_pup,1
584,18ZC5064.JPG,3,269,1307.0,308,1337.0,1,-1,CSL_pup,1
585,18ZC5064.JPG,3,262,1004.0,301,1034.0,1,-1,CSL_pup,1
586,18ZC5064.JPG,3,245,918.0,284,948.0,1,-1,CSL_pup,1
587,18ZC5064.JPG,3,307,1051.0,346,1069.0,1,-1,CSL_pup,1
588,18ZC5064.JPG,3,301,1278.0,340,1304.0,1,-1,CSL_pup,1
589,18ZC5064.JPG,3,738,1156.0,777,1180.0,1,-1,CSL_pup,1
590,18ZC5064.JPG,3,365,318.0,416,353.0,1,-1,CSL_pup,1
591,18ZC5064.JPG,3,407,378.0,458,422.0,1,-1,CSL_pup,1
592,18ZC5064.JPG,3,459,396.0,510,431.0,1,-1,CSL_pup,1
593,18ZC5064.JPG,3,490,440.0,525,482.0,1,-1,CSL_pup,1
594,18ZC5064.JPG,3,583,504.0,634,539.0,1,-1,CSL_pup,1
595,18ZC5064.JPG,3,615,465.0,639,500.0,1,-1,CSL_pup,1
596,18ZC5064.JPG,3,638,451.0,689,486.0,1,-1,CSL_pup,1
597,18ZC5064.JPG,3,622,413.0,648,452.0,1,-1,CSL_pup,1
598,18ZC5064.JPG,3,607,404.0,630,447.0,1,-1,CSL_pup,1
599,18ZC5064.JPG,3,550,401.0,601,436.0,1,-1,CSL_pup,1
600,18ZC5064.JPG,3,527,413.0,554,448.0,1,-1,CSL_pup,1
601,18ZC5064.JPG,3,529,382.0,580,417.0,1,-1,CSL_pup,1
602,18ZC5064.JPG,3,511,363.0,562,398.0,1,-1,CSL_pup,1
603,18ZC5064.JPG,3,548,354.0,579,389.0,1,-1,CSL_pup,1
604,18ZC5064.JPG,3,522,334.0,573,369.0,1,-1,CSL_pup,1
605,18ZC5064.JPG,3,518,294.0,569,329.0,1,-1,CSL_pup,1
606,18ZC5064.JPG,3,567,268.0,618,312.0,1,-1,CSL_pup,1
607,18ZC5064.JPG,3,611,271.0,662,306.0,1,-1,CSL_pup,1
608,18ZC5064.JPG,3,599,246.0,650,281.0,1,-1,CSL_pup,1
609,18ZC5064.JPG,3,514,243.0,565,278.0,1,-1,CSL_pup,1
610,18ZC5064.JPG,3,478,253.0,518,310.0,1,-1,CSL_pup,1
611,18ZC5064.JPG,3,564,459.0,598,498.0,1,-1,CSL_pup,1
612,18ZC5064.JPG,3,534,461.0,585,483.0,1,-1,CSL_pup,1
613,18ZC5064.JPG,3,532,449.0,583,466.0,1,-1,CSL_pup,1
614,18ZC5064.JPG,3,661,504.0,712,539.0,1,-1,CSL_pup,1
615,18ZC5064.JPG,3,561,526.0,584,569.0,1,-1,CSL_pup,1
616,18ZC5064.JPG,3,564,197.0,599,239.0,1,-1,CSL_pup,1
617,18ZC5064.JPG,3,639,173.0,674,215.0,1,-1,CSL_pup,1
618,18ZC5064.JPG,3,645,116.0,680,158.0,1,-1,CSL_pup,1
619,18ZC5064.JPG,3,667,137.0,702,179.0,1,-1,CSL_pup,1
620,18ZC5064.JPG,3,705,150.0,740,192.0,1,-1,CSL_pup,1
621,18ZC5064.JPG,3,686,199.0,721,241.0,1,-1,CSL_pup,1
622,18ZC5064.JPG,3,704,77.0,739,119.0,1,-1,CSL_pup,1
623,18ZC5064.JPG,3,466,101.0,501,143.0,1,-1,CSL_pup,1
624,18ZC5064.JPG,3,556,135.0,591,177.0,1,-1,CSL_pup,1
625,18ZC5064.JPG,3,526,138.0,561,180.0,1,-1,CSL_pup,1
626,18ZC5064.JPG,3,523,77.0,558,119.0,1,-1,CSL_pup,1
627,18ZC5064.JPG,3,427,166.0,462,224.0,1,-1,CSL_pup,1
628,18ZC5064.JPG,3,466,238.0,496,274.0,1,-1,CSL_pup,1
629,18ZC5064.JPG,3,484,220.0,519,253.0,1,-1,CSL_pup,1
630,18ZC5064.JPG,3,501,183.0,536,225.0,1,-1,CSL_pup,1
631,18ZC5064.JPG,3,527,177.0,562,219.0,1,-1,CSL_pup,1
632,18ZC5064.JPG,3,492,137.0,527,179.0,1,-1,CSL_pup,1
633,18ZC5064.JPG,3,314,324.0,349,366.0,1,-1,CSL_pup,1
634,18ZC5064.JPG,3,476,48.0,511,90.0,1,-1,CSL_pup,1
635,18ZC5064.JPG,3,441,79.0,476,121.0,1,-1,CSL_pup,1
636,18ZC5064.JPG,3,511,229.0,546,251.0,1,-1,CSL_pup,1
637,18ZC5064.JPG,3,695,106.0,743,142.0,1,-1,CSL_pup,1
638,18ZC5064.JPG,3,483,8.0,531,44.0,1,-1,CSL_pup,1
639,18ZC5064.JPG,3,179,378.0,227,429.0,1,-1,CSL_pup,1
640,18ZC5064.JPG,3,209,505.0,257,541.0,1,-1,CSL_pup,1
641,18ZC5064.JPG,3,231,595.0,279,631.0,1,-1,CSL_pup,1
642,18ZC5064.JPG,3,278,659.0,309,704.0,1,-1,CSL_pup,1
643,18ZC5064.JPG,3,201,654.0,249,690.0,1,-1,CSL_pup,1
644,18ZC5064.JPG,3,275,793.0,323,829.0,1,-1,CSL_pup,1
645,18ZC5064.JPG,3,265,821.0,313,857.0,1,-1,CSL_pup,1
646,18ZC5064.JPG,3,460,702.0,495,750.0,1,-1,CSL_pup,1
647,18ZC5064.JPG,3,522,669.0,573,700.0,1,-1,CSL_pup,1
648,18ZC5064.JPG,3,573,709.0,621,745.0,1,-1,CSL_pup,1
649,18ZC5064.JPG,3,535,640.0,587,670.0,1,-1,CSL_pup,1
650,18ZC5064.JPG,3,545,623.0,593,659.0,1,-1,CSL_pup,1
651,18ZC5064.JPG,3,572,587.0,620,623.0,1,-1,CSL_pup,1
652,18ZC5064.JPG,3,536,577.0,576,618.0,1,-1,CSL_pup,1
653,18ZC5064.JPG,3,503,578.0,538,619.0,1,-1,CSL_pup,1
654,18ZC5064.JPG,3,591,616.0,622,644.0,1,-1,CSL_pup,1
655,18ZC5064.JPG,3,558,724.0,585,760.0,1,-1,CSL_pup,1
656,18ZC5064.JPG,3,491,706.0,516,755.0,1,-1,CSL_pup,1
657,18ZC5064.JPG,3,1152,1223.0,1187,1264.0,1,-1,CSL_pup,1
658,18ZC5064.JPG,3,1200,1161.0,1235,1202.0,1,-1,CSL_pup,1
659,18ZC5064.JPG,3,1191,1275.0,1244,1302.0,1,-1,CSL_pup,1
660,18ZC5064.JPG,3,1231,1296.0,1266,1337.0,1,-1,CSL_pup,1
661,18ZC5064.JPG,3,1166,1292.0,1201,1333.0,1,-1,CSL_pup,1
662,18ZC5064.JPG,3,1108,1220.0,1143,1261.0,1,-1,CSL_pup,1
663,18ZC5064.JPG,3,1070,1204.0,1105,1245.0,1,-1,CSL_pup,1
664,18ZC5064.JPG,3,1078,1150.0,1113,1191.0,1,-1,CSL_pup,1
665,18ZC5064.JPG,3,1014,1155.0,1049,1196.0,1,-1,CSL_pup,1
666,18ZC5064.JPG,3,1013,1221.0,1048,1262.0,1,-1,CSL_pup,1
667,18ZC5064.JPG,3,971,1101.0,1006,1142.0,1,-1,CSL_pup,1
668,18ZC5064.JPG,3,941,1125.0,976,1166.0,1,-1,CSL_pup,1
669,18ZC5064.JPG,3,890,1300.0,925,1341.0,1,-1,CSL_pup,1
670,18ZC5064.JPG,3,883,1354.0,918,1395.0,1,-1,CSL_pup,1
671,18ZC5064.JPG,3,845,1325.0,880,1366.0,1,-1,CSL_pup,1
672,18ZC5064.JPG,3,855,1279.0,875,1325.0,1,-1,CSL_pup,1
673,18ZC5064.JPG,3,1120,1378.0,1164,1408.0,1,-1,CSL_pup,1
674,18ZC5064.JPG,3,1130,1401.0,1176,1427.0,1,-1,CSL_pup,1
675,18ZC5064.JPG,3,921,1376.0,956,1417.0,1,-1,CSL_pup,1
676,18ZC5064.JPG,3,918,994.0,953,1035.0,1,-1,CSL_pup,1
677,18ZC5064.JPG,3,1287,1351.0,1325,1385.0,1,-1,CSL_pup,1
678,18ZC5064.JPG,3,1377,1418.0,1404,1445.0,1,-1,CSL_pup,1
679,18ZC5064.JPG,3,900,1713.0,927,1740.0,1,-1,CSL_pup,1
680,18ZC5064.JPG,3,669,1870.0,701,1913.0,1,-1,CSL_pup,1
681,18ZC5064.JPG,3,653,1867.0,680,1902.0,1,-1,CSL_pup,1
682,18ZC5064.JPG,3,755,1886.0,782,1937.0,1,-1,CSL_pup,1
683,18ZC5064.JPG,3,864,1810.0,891,1837.0,1,-1,CSL_pup,1
684,18ZC5064.JPG,3,852,1836.0,879,1863.0,1,-1,CSL_pup,1
685,18ZC5064.JPG,3,823,1818.0,850,1845.0,1,-1,CSL_pup,1
686,18ZC5064.JPG,3,635,2002.0,662,2029.0,1,-1,CSL_pup,1
687,18ZC5064.JPG,3,579,2044.0,606,2071.0,1,-1,CSL_pup,1
688,18ZC5064.JPG,3,848,1760.0,875,1811.0,1,-1,CSL_pup,1
689,18ZC5064.JPG,3,392,1590.0,441,1622.0,1,-1,CSL_pup,1
690,18ZC5064.JPG,3,150,1393.0,204,1420.0,1,-1,CSL_pup,1
691,18ZC5064.JPG,3,750,2106.0,804,2133.0,1,-1,CSL_pup,1
692,18ZC5064.JPG,3,1138,1946.0,1192,1973.0,1,-1,CSL_pup,1
693,18ZC5064.JPG,3,1299,1975.0,1353,2002.0,1,-1,CSL_pup,1
694,18ZC5064.JPG,3,2812,3005.0,2838,3044.0,1,-1,CSL_pup,1
695,18ZC5064.JPG,3,2729,2958.0,2783,2985.0,1,-1,CSL_pup,1
696,18ZC5064.JPG,3,2608,2945.0,2662,2972.0,1,-1,CSL_pup,1
697,18ZC5064.JPG,3,2478,2915.0,2532,2968.0,1,-1,CSL_pup,1
698,18ZC5064.JPG,3,2503,2995.0,2557,3033.0,1,-1,CSL_pup,1
699,18ZC5064.JPG,3,2701,2984.0,2726,3040.0,1,-1,CSL_pup,1
700,18ZC5064.JPG,3,2584,2795.0,2638,2824.0,1,-1,CSL_pup,1
701,18ZC5064.JPG,3,2606,2821.0,2652,2844.0,1,-1,CSL_pup,1
702,18ZC5064.JPG,3,2439,2929.0,2470,2982.0,1,-1,CSL_pup,1
703,18ZC5064.JPG,3,2679,2920.0,2710,2973.0,1,-1,CSL_pup,1
704,18ZC5064.JPG,3,2666,2995.0,2689,3048.0,1,-1,CSL_pup,1
705,18ZC5064.JPG,3,2686,2992.0,2710,3043.0,1,-1,CSL_pup,1
706,18ZC5064.JPG,3,2227,2788.0,2253,2827.0,1,-1,CSL_pup,1
707,18ZC5064.JPG,3,2100,2864.0,2126,2903.0,1,-1,CSL_pup,1
708,18ZC5064.JPG,3,2070,2733.0,2096,2772.0,1,-1,CSL_pup,1
709,18ZC5064.JPG,3,2186,2637.0,2212,2676.0,1,-1,CSL_pup,1
710,18ZC5064.JPG,3,2273,2648.0,2299,2687.0,1,-1,CSL_pup,1
711,18ZC5064.JPG,3,2130,2990.0,2156,3029.0,1,-1,CSL_pup,1
712,18ZC5064.JPG,3,2739,3143.0,2788,3167.0,1,-1,CSL_pup,1
713,18ZC5064.JPG,3,2734,3124.0,2773,3156.0,1,-1,CSL_pup,1
714,18ZC5064.JPG,3,2695,3118.0,2735,3157.0,1,-1,CSL_pup,1
715,18ZC5064.JPG,3,2698,3083.0,2724,3122.0,1,-1,CSL_pup,1
716,18ZC5064.JPG,3,2720,3068.0,2746,3107.0,1,-1,CSL_pup,1
717,18ZC5064.JPG,3,2741,3071.0,2767,3110.0,1,-1,CSL_pup,1
718,18ZC5064.JPG,3,2724,3048.0,2755,3080.0,1,-1,CSL_pup,1
719,18ZC5064.JPG,3,2704,3042.0,2730,3081.0,1,-1,CSL_pup,1
720,18ZC5064.JPG,3,2640,3202.0,2698,3241.0,1,-1,CSL_pup,1
721,18ZC5064.JPG,3,2689,3268.0,2732,3300.0,1,-1,CSL_pup,1
722,18ZC5064.JPG,3,2715,3261.0,2757,3317.0,1,-1,CSL_pup,1
723,18ZC5064.JPG,3,2846,3181.0,2906,3207.0,1,-1,CSL_pup,1
724,18ZC5064.JPG,3,2853,3200.0,2907,3217.0,1,-1,CSL_pup,1
725,18ZC5064.JPG,3,2848,3214.0,2892,3236.0,1,-1,CSL_pup,1
726,18ZC5064.JPG,3,2884,3300.0,2910,3339.0,1,-1,CSL_pup,1
727,18ZC5064.JPG,3,2901,3348.0,2953,3378.0,1,-1,CSL_pup,1
728,18ZC5064.JPG,3,2981,3342.0,3007,3381.0,1,-1,CSL_pup,1
729,18ZC5064.JPG,3,2865,3222.0,2909,3244.0,1,-1,CSL_pup,1
730,18ZC5064.JPG,3,3491,1611.0,3549,1650.0,1,-1,CSL_pup,1
731,18ZC5064.JPG,3,3543,1657.0,3601,1696.0,1,-1,CSL_pup,1
732,18ZC5064.JPG,3,3422,1717.0,3480,1756.0,1,-1,CSL_pup,1
733,18ZC5064.JPG,3,3379,1765.0,3406,1808.0,1,-1,CSL_pup,1
734,18ZC5064.JPG,3,3357,1768.0,3385,1807.0,1,-1,CSL_pup,1
735,18ZC5064.JPG,3,3315,1780.0,3349,1819.0,1,-1,CSL_pup,1
736,18ZC5064.JPG,3,3242,1723.0,3300,1762.0,1,-1,CSL_pup,1
737,18ZC5064.JPG,3,3601,1799.0,3659,1838.0,1,-1,CSL_pup,1
738,18ZC5064.JPG,3,3592,1502.0,3628,1544.0,1,-1,CSL_pup,1
739,18ZC5064.JPG,3,3548,1546.0,3598,1578.0,1,-1,CSL_pup,1
740,18ZC5064.JPG,3,3485,1475.0,3520,1521.0,1,-1,CSL_pup,1
741,18ZC5064.JPG,3,3364,1503.0,3403,1542.0,1,-1,CSL_pup,1
742,18ZC5064.JPG,3,3220,1491.0,3258,1533.0,1,-1,CSL_pup,1
743,18ZC5064.JPG,3,3218,1446.0,3267,1478.0,1,-1,CSL_pup,1
744,18ZC5064.JPG,3,3091,1550.0,3149,1589.0,1,-1,CSL_pup,1
745,18ZC5064.JPG,3,3115,1735.0,3149,1774.0,1,-1,CSL_pup,1
746,18ZC5064.JPG,3,3123,1789.0,3165,1851.0,1,-1,CSL_pup,1
747,18ZC5064.JPG,3,3190,1709.0,3222,1731.0,1,-1,CSL_pup,1
748,18ZC5064.JPG,3,3449,1808.0,3480,1847.0,1,-1,CSL_pup,1
749,18ZC5064.JPG,3,3628,1846.0,3686,1885.0,1,-1,CSL_pup,1
750,18ZC5064.JPG,3,3329,1667.0,3387,1706.0,1,-1,CSL_pup,1
751,18ZC5064.JPG,3,3173,1640.0,3221,1670.0,1,-1,CSL_pup,1
752,18ZC5064.JPG,3,3505,1457.0,3547,1496.0,1,-1,CSL_pup,1
753,18ZC5064.JPG,3,3031,2121.0,3063,2143.0,1,-1,CSL_pup,1
754,18ZC5064.JPG,3,3057,2156.0,3089,2192.0,1,-1,CSL_pup,1
755,18ZC5064.JPG,3,3040,2306.0,3076,2335.0,1,-1,CSL_pup,1
756,18ZC5064.JPG,3,2843,2111.0,2875,2133.0,1,-1,CSL_pup,1
757,18ZC5064.JPG,3,2779,2003.0,2815,2034.0,1,-1,CSL_pup,1
758,18ZC5064.JPG,3,2944,1860.0,2976,1895.0,1,-1,CSL_pup,1
759,18ZC5064.JPG,3,3097,2098.0,3129,2130.0,1,-1,CSL_pup,1
760,18ZC5064.JPG,3,2792,2125.0,2830,2159.0,1,-1,CSL_pup,1
761,18ZC5064.JPG,3,2736,1488.0,2768,1524.0,1,-1,CSL_pup,1
762,18ZC5064.JPG,3,2697,1538.0,2729,1574.0,1,-1,CSL_pup,1
763,18ZC5064.JPG,3,2834,1534.0,2866,1570.0,1,-1,CSL_pup,1
764,18ZC5064.JPG,3,2547,1594.0,2579,1630.0,1,-1,CSL_pup,1
765,18ZC5064.JPG,3,2557,1541.0,2589,1577.0,1,-1,CSL_pup,1
766,18ZC5064.JPG,3,2600,1603.0,2632,1639.0,1,-1,CSL_pup,1
767,18ZC5064.JPG,3,2638,1617.0,2670,1653.0,1,-1,CSL_pup,1
768,18ZC5064.JPG,3,2980,1660.0,3012,1696.0,1,-1,CSL_pup,1
769,18ZC5064.JPG,3,3011,1649.0,3043,1685.0,1,-1,CSL_pup,1
770,18ZC5064.JPG,3,2547,1423.0,2579,1459.0,1,-1,CSL_pup,1
771,18ZC5064.JPG,3,2530,1388.0,2562,1424.0,1,-1,CSL_pup,1
772,18ZC5064.JPG,3,2463,1404.0,2495,1440.0,1,-1,CSL_pup,1
773,18ZC5064.JPG,3,2499,1445.0,2531,1481.0,1,-1,CSL_pup,1
774,18ZC5064.JPG,3,2487,1315.0,2519,1351.0,1,-1,CSL_pup,1
775,18ZC5064.JPG,3,2497,1274.0,2529,1310.0,1,-1,CSL_pup,1
776,18ZC5064.JPG,3,3111,1365.0,3143,1401.0,1,-1,CSL_pup,1
777,18ZC5064.JPG,3,2677,1227.0,2709,1263.0,1,-1,CSL_pup,1
778,18ZC5064.JPG,3,2812,1065.0,2844,1101.0,1,-1,CSL_pup,1
779,18ZC5064.JPG,3,3308,1208.0,3368,1244.0,1,-1,CSL_pup,1
780,18ZC5064.JPG,3,3363,1364.0,3395,1400.0,1,-1,CSL_pup,1
781,18ZC5064.JPG,3,3396,1326.0,3428,1362.0,1,-1,CSL_pup,1
782,18ZC5064.JPG,3,3232,1404.0,3264,1440.0,1,-1,CSL_pup,1
783,18ZC5064.JPG,3,2985,910.0,3014,951.0,1,-1,CSL_pup,1
784,18ZC5064.JPG,3,2893,818.0,2923,850.0,1,-1,CSL_pup,1
785,18ZC5064.JPG,3,2921,782.0,2970,814.0,1,-1,CSL_pup,1
786,18ZC5064.JPG,3,2938,3466.0,2968,3498.0,1,-1,CSL_pup,1
787,18ZC5064.JPG,3,2891,3448.0,2944,3472.0,1,-1,CSL_pup,1
788,18ZC5064.JPG,3,2897,3431.0,2948,3450.0,1,-1,CSL_pup,1
789,18ZC5064.JPG,3,2817,3464.0,2847,3512.0,1,-1,CSL_pup,1
790,18ZC5064.JPG,3,2774,3480.0,2804,3512.0,1,-1,CSL_pup,1
791,18ZC5064.JPG,3,2771,3515.0,2801,3547.0,1,-1,CSL_pup,1
792,18ZC5064.JPG,3,3105,3666.0,3135,3698.0,1,-1,CSL_pup,1
793,18ZC5064.JPG,3,3166,3671.0,3196,3703.0,1,-1,CSL_pup,1
794,18ZC5064.JPG,3,3109,3811.0,3142,3835.0,1,-1,CSL_pup,1
795,18ZC5064.JPG,3,3185,3751.0,3219,3775.0,1,-1,CSL_pup,1
796,18ZC5064.JPG,3,3223,3802.0,3259,3829.0,1,-1,CSL_pup,1
797,18ZC5064.JPG,3,3193,3785.0,3233,3809.0,1,-1,CSL_pup,1
798,18ZC5064.JPG,3,840,774.0,874,798.0,1,-1,CSL_pup,1
799,18ZC5064.JPG,3,4056,3692.0,4103,3767.0,1,-1,CSL_cow,1
800,18ZC5064.JPG,3,4018,3556.0,4087,3643.0,1,-1,CSL_cow,1
801,18ZC5064.JPG,3,4032,3632.0,4087,3686.0,1,-1,CSL_cow,1
802,18ZC5064.JPG,3,3815,2659.0,3862,2775.0,1,-1,CSL_cow,1
803,18ZC5064.JPG,3,4482,2614.0,4577,2668.0,1,-1,CSL_cow,1
804,18ZC5064.JPG,3,4545,2586.0,4612,2674.0,1,-1,CSL_cow,1
805,18ZC5064.JPG,3,4533,2528.0,4626,2578.0,1,-1,CSL_cow,1
806,18ZC5064.JPG,3,2825,3319.0,2886,3402.0,1,-1,CSL_cow,1
807,18ZC5064.JPG,3,3845,3677.0,3886,3723.0,1,-1,CSL_pup,1
808,18ZC5064.JPG,3,3561,2444.0,3597,2473.0,1,-1,CSL_pup,1
809,18ZC5064.JPG,3,1418,1735.0,1439,1777.0,1,-1,CSL_pup,1
810,18ZC5064.JPG,3,1531,2107.0,1567,2136.0,1,-1,CSL_pup,1
811,18ZC5064.JPG,3,1656,2192.0,1675,2221.0,1,-1,CSL_pup,1
812,18ZC5064.JPG,3,1613,2189.0,1649,2214.0,1,-1,CSL_pup,1
813,18ZC5064.JPG,3,1581,2147.0,1615,2177.0,1,-1,CSL_pup,1
814,18ZC5064.JPG,3,1442,1981.0,1463,2023.0,1,-1,CSL_pup,1
815,18ZC5064.JPG,3,1562,2030.0,1583,2072.0,1,-1,CSL_cow,1
816,18ZC5064.JPG,3,1490,1958.0,1524,2048.0,1,-1,CSL_cow,1
817,18ZC5064.JPG,3,1467,1917.0,1529,1998.0,1,-1,CSL_cow,1
818,18ZC5064.JPG,3,1413,1935.0,1438,2016.0,1,-1,CSL_cow,1
819,18ZC5064.JPG,3,1568,1741.0,1629,1803.0,1,-1,CSL_cow,1
820,18ZC5064.JPG,3,1580,1703.0,1650,1751.0,1,-1,CSL_cow,1
821,18ZC5064.JPG,3,1981,1814.0,2060,1857.0,1,-1,CSL_cow,1
822,18ZC5064.JPG,3,1256,1561.0,1332,1608.0,1,-1,CSL_cow,1
823,18ZC5064.JPG,3,1282,1596.0,1314,1669.0,1,-1,CSL_cow,1
824,18ZC5064.JPG,3,256,1497.0,299,1581.0,1,-1,CSL_cow,1
825,18ZC5064.JPG,3,344,1352.0,395,1439.0,1,-1,CSL_cow,1
826,18ZC5064.JPG,3,548,1358.0,624,1405.0,1,-1,CSL_cow,1
827,18ZC5064.JPG,3,421,1305.0,467,1379.0,1,-1,CSL_cow,1
828,18ZC5064.JPG,3,456,1283.0,499,1371.0,1,-1,CSL_cow,1
829,18ZC5064.JPG,3,481,1279.0,514,1351.0,1,-1,CSL_cow,1
830,18ZC5064.JPG,3,508,1258.0,537,1333.0,1,-1,CSL_cow,1
831,18ZC5064.JPG,3,486,1207.0,590,1250.0,1,-1,CSL_cow,1
832,18ZC5064.JPG,3,589,1229.0,651,1294.0,1,-1,CSL_cow,1
833,18ZC5064.JPG,3,637,1234.0,712,1287.0,1,-1,CSL_cow,1
834,18ZC5064.JPG,3,591,1188.0,667,1235.0,1,-1,CSL_cow,1
835,18ZC5064.JPG,3,252,1205.0,340,1260.0,1,-1,CSL_cow,1
836,18ZC5064.JPG,3,259,1184.0,363,1207.0,1,-1,CSL_cow,1
837,18ZC5064.JPG,3,254,1172.0,351,1188.0,1,-1,CSL_cow,1
838,18ZC5064.JPG,3,258,1149.0,333,1170.0,1,-1,CSL_cow,1
839,18ZC5064.JPG,3,310,1151.0,379,1173.0,1,-1,CSL_cow,1
840,18ZC5064.JPG,3,349,997.0,437,1027.0,1,-1,CSL_cow,1
841,18ZC5064.JPG,3,363,931.0,425,995.0,1,-1,CSL_cow,1
842,18ZC5064.JPG,3,309,913.0,385,960.0,1,-1,CSL_cow,1
843,18ZC5064.JPG,3,262,965.0,337,998.0,1,-1,CSL_cow,1
844,18ZC5064.JPG,3,268,999.0,344,1020.0,1,-1,CSL_cow,1
845,18ZC5064.JPG,3,178,1018.0,245,1062.0,1,-1,CSL_cow,1
846,18ZC5064.JPG,3,189,1113.0,231,1161.0,1,-1,CSL_cow,1
847,18ZC5064.JPG,3,823,1362.0,872,1436.0,1,-1,CSL_juv,1
848,18ZC5064.JPG,3,885,1029.0,961,1064.0,1,-1,CSL_cow,1
849,18ZC5064.JPG,3,307,1060.0,382,1081.0,1,-1,CSL_cow,1
850,18ZC5064.JPG,3,304,1035.0,379,1056.0,1,-1,CSL_cow,1
851,18ZC5064.JPG,3,309,1126.0,384,1147.0,1,-1,CSL_cow,1
852,18ZC5064.JPG,3,265,1114.0,340,1135.0,1,-1,CSL_cow,1
853,18ZC5064.JPG,3,282,1065.0,349,1116.0,1,-1,CSL_cow,1
854,18ZC5064.JPG,3,236,1043.0,276,1150.0,1,-1,CSL_cow,1
855,18ZC5064.JPG,3,255,1065.0,278,1142.0,1,-1,CSL_cow,1
856,18ZC5064.JPG,3,276,1065.0,301,1134.0,1,-1,CSL_cow,1
857,18ZC5064.JPG,3,217,1020.0,261,1103.0,1,-1,CSL_cow,1
858,18ZC5064.JPG,3,163,962.0,198,1008.0,1,-1,CSL_pup,1
859,18ZC5064.JPG,3,144,1074.0,179,1120.0,1,-1,CSL_pup,1
860,18ZC5064.JPG,3,69,1749.0,123,1808.0,1,-1,CSL_cow,1
861,18ZC5064.JPG,3,222,1750.0,312,1815.0,1,-1,CSL_cow,1
862,18ZC5064.JPG,3,344,1585.0,390,1631.0,1,-1,CSL_cow,1
863,18ZC5064.JPG,3,607,1630.0,668,1674.0,1,-1,CSL_cow,1
864,18ZC5064.JPG,3,311,1400.0,357,1428.0,1,-1,CSL_pup,1
865,18ZC5064.JPG,3,541,1294.0,588,1368.0,1,-1,CSL_cow,1
866,18ZC5064.JPG,3,541,1266.0,600,1338.0,1,-1,CSL_cow,1
867,18ZC5064.JPG,3,250,1245.0,335,1295.0,1,-1,CSL_cow,1
868,18ZC5064.JPG,3,400,502.0,484,531.0,1,-1,CSL_cow,1
869,18ZC5064.JPG,3,799,823.0,849,897.0,1,-1,CSL_cow,1
870,18ZC5064.JPG,3,785,719.0,834,801.0,1,-1,CSL_cow,1
871,18ZC5064.JPG,3,617,584.0,702,634.0,1,-1,CSL_cow,1
872,18ZC5064.JPG,3,436,518.0,491,558.0,1,-1,CSL_juv,1
873,18ZC5064.JPG,3,592,620.0,666,644.0,1,-1,CSL_cow,1
874,18ZC5064.JPG,3,201,743.0,244,792.0,1,-1,CSL_juv,1
875,18ZC5064.JPG,3,869,775.0,894,813.0,1,-1,CSL_pup,1
876,18ZC5064.JPG,3,731,571.0,775,601.0,1,-1,CSL_pup,1
877,18ZC5064.JPG,3,747,549.0,781,585.0,1,-1,CSL_pup,1
878,18ZC5064.JPG,3,714,508.0,738,552.0,1,-1,CSL_pup,1
879,18ZC5064.JPG,3,733,506.0,757,545.0,1,-1,CSL_pup,1
880,18ZC5064.JPG,3,1030,1579.0,1082,1630.0,1,-1,CSL_juv,1
881,18ZC5064.JPG,3,191,1189.0,296,1243.0,1,-1,CSL_bull,1
882,18ZC5064.JPG,3,1253,1364.0,1315,1432.0,1,-1,CSL_cow,1
883,18ZC5064.JPG,3,1181,1353.0,1249,1482.0,1,-1,CSL_sam,1
884,18ZC5064.JPG,3,1106,2682.0,1211,2773.0,1,-1,CSL_cow,1
885,18ZC5064.JPG,3,1590,2679.0,1641,2717.0,1,-1,CSL_pup,1
886,18ZC5064.JPG,3,1071,3293.0,1132,3380.0,1,-1,CSL_cow,1
887,18ZC5064.JPG,3,3658,1267.0,3708,1320.0,1,-1,CSL_juv,1
888,18ZC5064.JPG,3,5410,3745.0,5478,3800.0,1,-1,CSL_cow,1
889,18ZC5757.JPG,4,2692,2095,2702,2105,1,-1,CSL_pup,1
890,18ZC5757.JPG,4,2496,2021,2506,2031,1,-1,CSL_pup,1
891,18ZC5757.JPG,4,2841,1871,2851,1881,1,-1,CSL_pup,1
892,18ZC5757.JPG,4,2780,1728,2790,1738,1,-1,CSL_pup,1
893,18ZC5757.JPG,4,2786,1703,2796,1713,1,-1,CSL_pup,1
894,18ZC5757.JPG,4,2782,1671,2792,1681,1,-1,CSL_pup,1
895,18ZC5757.JPG,4,2741,1660,2751,1670,1,-1,CSL_pup,1
896,18ZC5757.JPG,4,2840,1767,2850,1777,1,-1,CSL_pup,1
897,18ZC5757.JPG,4,2698,1623,2708,1633,1,-1,CSL_pup,1
898,18ZC5757.JPG,4,2662,1565,2672,1575,1,-1,CSL_pup,1
899,18ZC5757.JPG,4,2752,1605,2762,1615,1,-1,CSL_pup,1
900,18ZC5757.JPG,4,2769,1556,2779,1566,1,-1,CSL_pup,1
901,18ZC5757.JPG,4,2811,1620,2821,1630,1,-1,CSL_pup,1
902,18ZC5757.JPG,4,3314,2221,3324,2231,1,-1,CSL_pup,1
903,18ZC5757.JPG,4,3260,2273,3270,2283,1,-1,CSL_pup,1
904,18ZC5757.JPG,4,3515,1425,3525,1435,1,-1,CSL_pup,1
905,18ZC5757.JPG,4,3479,947,3489,957,1,-1,CSL_pup,1
906,18ZC5757.JPG,4,3332,1054,3342,1064,1,-1,CSL_pup,1
907,18ZC5757.JPG,4,3321,1023,3331,1033,1,-1,CSL_pup,1
908,18ZC5757.JPG,4,3283,1050,3293,1060,1,-1,CSL_pup,1
909,18ZC5757.JPG,4,3269,1076,3279,1086,1,-1,CSL_pup,1
910,18ZC5757.JPG,4,3066,1048,3076,1058,1,-1,CSL_pup,1
911,18ZC5757.JPG,4,3073,1016,3083,1026,1,-1,CSL_pup,1
912,18ZC5757.JPG,4,3073,953,3083,963,1,-1,CSL_pup,1
913,18ZC5757.JPG,4,1911,1568,1921,1578,1,-1,CSL_pup,1
914,18ZC5757.JPG,4,1885,1529,1895,1539,1,-1,CSL_pup,1
915,18ZC5757.JPG,4,1847,1547,1857,1557,1,-1,CSL_pup,1
916,18ZC5757.JPG,4,1830,1525,1840,1535,1,-1,CSL_pup,1
917,18ZC5757.JPG,4,1815,1556,1825,1566,1,-1,CSL_pup,1
918,18ZC5757.JPG,4,1810,1518,1820,1528,1,-1,CSL_pup,1
919,18ZC5757.JPG,4,1796,1514,1806,1524,1,-1,CSL_pup,1
920,18ZC5757.JPG,4,1811,1502,1821,1512,1,-1,CSL_pup,1
921,18ZC5757.JPG,4,1859,1441,1869,1451,1,-1,CSL_pup,1
922,18ZC5757.JPG,4,1877,1432,1887,1442,1,-1,CSL_pup,1
923,18ZC5757.JPG,4,1910,1474,1920,1484,1,-1,CSL_pup,1
924,18ZC5757.JPG,4,1996,1482,2006,1492,1,-1,CSL_pup,1
925,18ZC5757.JPG,4,1960,1390,1970,1400,1,-1,CSL_pup,1
926,18ZC5757.JPG,4,1972,1371,1982,1381,1,-1,CSL_pup,1
927,18ZC5757.JPG,4,1962,1360,1972,1370,1,-1,CSL_pup,1
928,18ZC5757.JPG,4,2045,1403,2055,1413,1,-1,CSL_pup,1
929,18ZC5757.JPG,4,2041,1421,2051,1431,1,-1,CSL_pup,1
930,18ZC5757.JPG,4,2077,1431,2087,1441,1,-1,CSL_pup,1
931,18ZC5757.JPG,4,2083,1413,2093,1423,1,-1,CSL_pup,1
932,18ZC5757.JPG,4,2108,1404,2118,1414,1,-1,CSL_pup,1
933,18ZC5757.JPG,4,2143,1401,2153,1411,1,-1,CSL_pup,1
934,18ZC5757.JPG,4,2116,1380,2126,1390,1,-1,CSL_pup,1
935,18ZC5757.JPG,4,2115,1367,2125,1377,1,-1,CSL_pup,1
936,18ZC5757.JPG,4,2109,1349,2119,1359,1,-1,CSL_pup,1
937,18ZC5757.JPG,4,2144,1372,2154,1382,1,-1,CSL_pup,1
938,18ZC5757.JPG,4,2145,1329,2155,1339,1,-1,CSL_pup,1
939,18ZC5757.JPG,4,2196,1333,2206,1343,1,-1,CSL_pup,1
940,18ZC5757.JPG,4,2229,1324,2239,1334,1,-1,CSL_pup,1
941,18ZC5757.JPG,4,2249,1331,2259,1341,1,-1,CSL_pup,1
942,18ZC5757.JPG,4,2303,1345,2313,1355,1,-1,CSL_pup,1
943,18ZC5757.JPG,4,2321,1375,2331,1385,1,-1,CSL_pup,1
944,18ZC5757.JPG,4,2227,1352,2237,1362,1,-1,CSL_pup,1
945,18ZC5757.JPG,4,2214,1366,2224,1376,1,-1,CSL_pup,1
946,18ZC5757.JPG,4,2217,1388,2227,1398,1,-1,CSL_pup,1
947,18ZC5757.JPG,4,2126,1451,2136,1461,1,-1,CSL_pup,1
948,18ZC5757.JPG,4,2185,1454,2195,1464,1,-1,CSL_pup,1
949,18ZC5757.JPG,4,2157,1498,2167,1508,1,-1,CSL_pup,1
950,18ZC5757.JPG,4,2153,1543,2163,1553,1,-1,CSL_pup,1
951,18ZC5757.JPG,4,2139,1554,2149,1564,1,-1,CSL_pup,1
952,18ZC5757.JPG,4,2077,1396,2087,1406,1,-1,CSL_pup,1
953,18ZC5757.JPG,4,1782,1513,1792,1523,1,-1,CSL_pup,1
954,18ZC5757.JPG,4,1769,1521,1779,1531,1,-1,CSL_pup,1
955,18ZC5757.JPG,4,1744,1444,1754,1454,1,-1,CSL_pup,1
956,18ZC5757.JPG,4,1770,1432,1780,1442,1,-1,CSL_pup,1
957,18ZC5757.JPG,4,1720,1285,1730,1295,1,-1,CSL_pup,1
958,18ZC5757.JPG,4,1693,1293,1703,1303,1,-1,CSL_pup,1
959,18ZC5757.JPG,4,1630,1259,1640,1269,1,-1,CSL_pup,1
960,18ZC5757.JPG,4,1603,1288,1613,1298,1,-1,CSL_pup,1
961,18ZC5757.JPG,4,1357,1398,1367,1408,1,-1,CSL_pup,1
962,18ZC5757.JPG,4,1328,1419,1338,1429,1,-1,CSL_pup,1
963,18ZC5757.JPG,4,1403,1335,1413,1345,1,-1,CSL_pup,1
964,18ZC5757.JPG,4,1446,1245,1456,1255,1,-1,CSL_pup,1
965,18ZC5757.JPG,4,1487,1226,1497,1236,1,-1,CSL_pup,1
966,18ZC5757.JPG,4,1493,1183,1503,1193,1,-1,CSL_pup,1
967,18ZC5757.JPG,4,1538,1084,1548,1094,1,-1,CSL_pup,1
968,18ZC5757.JPG,4,1697,971,1707,981,1,-1,CSL_pup,1
969,18ZC5757.JPG,4,2943,984,2953,994,1,-1,CSL_pup,1
970,18ZC5757.JPG,4,2936,1013,2946,1023,1,-1,CSL_pup,1
971,18ZC5757.JPG,4,1528,1936,1538,1946,1,-1,CSL_pup,1
972,18ZC5757.JPG,4,1392,1805,1402,1815,1,-1,CSL_pup,1
973,18ZC5757.JPG,4,1579,1413,1589,1423,1,-1,CSL_pup,1
974,18ZC5757.JPG,4,2738,3628,2748,3638,1,-1,CSL_pup,1
975,18ZC5757.JPG,4,2761,3629,2771,3639,1,-1,CSL_pup,1
976,18ZC5757.JPG,4,2757,3601,2767,3611,1,-1,CSL_pup,1
977,18ZC5757.JPG,4,2766,3576,2776,3586,1,-1,CSL_pup,1
978,18ZC5757.JPG,4,2735,3554,2745,3564,1,-1,CSL_pup,1
979,18ZC5757.JPG,4,2687,3532,2697,3542,1,-1,CSL_pup,1
980,18ZC5757.JPG,4,2764,3512,2774,3522,1,-1,CSL_pup,1
981,18ZC5757.JPG,4,2769,3490,2779,3500,1,-1,CSL_pup,1
982,18ZC5757.JPG,4,2888,3484,2898,3494,1,-1,CSL_pup,1
983,18ZC5757.JPG,4,2842,3462,2852,3472,1,-1,CSL_pup,1
984,18ZC5757.JPG,4,2826,3447,2836,3457,1,-1,CSL_pup,1
985,18ZC5757.JPG,4,2856,3448,2866,3458,1,-1,CSL_pup,1
986,18ZC5757.JPG,4,2819,3433,2829,3443,1,-1,CSL_pup,1
987,18ZC5757.JPG,4,2841,3426,2851,3436,1,-1,CSL_pup,1
988,18ZC5757.JPG,4,2855,3403,2865,3413,1,-1,CSL_pup,1
989,18ZC5757.JPG,4,2840,3399,2850,3409,1,-1,CSL_pup,1
990,18ZC5757.JPG,4,2810,3398,2820,3408,1,-1,CSL_pup,1
991,18ZC5757.JPG,4,2803,3385,2813,3395,1,-1,CSL_pup,1
992,18ZC5757.JPG,4,2760,3338,2770,3348,1,-1,CSL_pup,1
993,18ZC5757.JPG,4,2892,3355,2902,3365,1,-1,CSL_pup,1
994,18ZC5757.JPG,4,2753,3395,2763,3405,1,-1,CSL_pup,1
995,18ZC5757.JPG,4,2754,3379,2764,3389,1,-1,CSL_pup,1
996,18ZC5757.JPG,4,2740,3373,2750,3383,1,-1,CSL_pup,1
997,18ZC5757.JPG,4,2721,3363,2731,3373,1,-1,CSL_pup,1
998,18ZC5757.JPG,4,2664,3395,2674,3405,1,-1,CSL_pup,1
999,18ZC5757.JPG,4,2592,3352,2602,3362,1,-1,CSL_pup,1
1000,18ZC5757.JPG,4,2586,3372,2596,3382,1,-1,CSL_pup,1
1001,18ZC5757.JPG,4,2561,3356,2571,3366,1,-1,CSL_pup,1
1002,18ZC5757.JPG,4,2536,3361,2546,3371,1,-1,CSL_pup,1
1003,18ZC5757.JPG,4,2522,3358,2532,3368,1,-1,CSL_pup,1
1004,18ZC5757.JPG,4,2514,3336,2524,3346,1,-1,CSL_pup,1
1005,18ZC5757.JPG,4,2558,3320,2568,3330,1,-1,CSL_pup,1
1006,18ZC5757.JPG,4,2459,3442,2469,3452,1,-1,CSL_pup,1
1007,18ZC5757.JPG,4,2459,3423,2469,3433,1,-1,CSL_pup,1
1008,18ZC5757.JPG,4,2442,3419,2452,3429,1,-1,CSL_pup,1
1009,18ZC5757.JPG,4,2425,3391,2435,3401,1,-1,CSL_pup,1
1010,18ZC5757.JPG,4,2450,3394,2460,3404,1,-1,CSL_pup,1
1011,18ZC5757.JPG,4,2370,3424,2380,3434,1,-1,CSL_pup,1
1012,18ZC5757.JPG,4,2289,3445,2299,3455,1,-1,CSL_pup,1
1013,18ZC5757.JPG,4,2293,3420,2303,3430,1,-1,CSL_pup,1
1014,18ZC5757.JPG,4,3210,3528,3220,3538,1,-1,CSL_pup,1
1015,18ZC5757.JPG,4,3123,3508,3133,3518,1,-1,CSL_pup,1
1016,18ZC5757.JPG,4,3115,3485,3125,3495,1,-1,CSL_pup,1
1017,18ZC5757.JPG,4,3122,3468,3132,3478,1,-1,CSL_pup,1
1018,18ZC5757.JPG,4,3097,3443,3107,3453,1,-1,CSL_pup,1
1019,18ZC5757.JPG,4,3076,3474,3086,3484,1,-1,CSL_pup,1
1020,18ZC5757.JPG,4,3047,3435,3057,3445,1,-1,CSL_pup,1
1021,18ZC5757.JPG,4,3114,3237,3124,3247,1,-1,CSL_pup,1
1022,18ZC5757.JPG,4,3176,3231,3186,3241,1,-1,CSL_pup,1
1023,18ZC5757.JPG,4,3165,3334,3175,3344,1,-1,CSL_pup,1
1024,18ZC5757.JPG,4,3140,3330,3150,3340,1,-1,CSL_pup,1
1025,18ZC5757.JPG,4,3631,3635,3641,3645,1,-1,CSL_pup,1
1026,18ZC5757.JPG,4,4136,3662,4146,3672,1,-1,CSL_pup,1
1027,18ZC5757.JPG,4,4148,3818,4158,3828,1,-1,CSL_pup,1
1028,18ZC5757.JPG,4,4215,3666,4225,3676,1,-1,CSL_pup,1
1029,18ZC5757.JPG,4,4215,3697,4225,3707,1,-1,CSL_pup,1
1030,18ZC5757.JPG,4,4315,3606,4325,3616,1,-1,CSL_pup,1
1031,18ZC5757.JPG,4,4520,3748,4530,3758,1,-1,CSL_pup,1
1032,18ZC5757.JPG,4,4468,3733,4478,3743,1,-1,CSL_pup,1
1033,18ZC5757.JPG,4,4495,3781,4505,3791,1,-1,CSL_pup,1
1034,18ZC5757.JPG,4,4484,3792,4494,3802,1,-1,CSL_pup,1
1035,18ZC5757.JPG,4,4481,3814,4491,3824,1,-1,CSL_pup,1
1036,18ZC5757.JPG,4,4454,3766,4464,3776,1,-1,CSL_pup,1
1037,18ZC5757.JPG,4,4246,3765,4256,3775,1,-1,CSL_pup,1
1038,18ZC5757.JPG,4,4184,3736,4194,3746,1,-1,CSL_pup,1
1039,18ZC5757.JPG,4,4171,3777,4181,3787,1,-1,CSL_pup,1
1040,18ZC5757.JPG,4,4197,3756,4207,3766,1,-1,CSL_pup,1
1041,18ZC5757.JPG,4,4199,3782,4209,3792,1,-1,CSL_pup,1
1042,18ZC5757.JPG,4,4159,3787,4169,3797,1,-1,CSL_pup,1
1043,18ZC5757.JPG,4,4182,3798,4192,3808,1,-1,CSL_pup,1
1044,18ZC5757.JPG,4,4190,3818,4200,3828,1,-1,CSL_pup,1
1045,18ZC5757.JPG,4,4204,3802,4214,3812,1,-1,CSL_pup,1
1046,18ZC5757.JPG,4,4221,3813,4231,3823,1,-1,CSL_pup,1
1047,18ZC5757.JPG,4,4337,3828,4347,3838,1,-1,CSL_pup,1
1048,18ZC5757.JPG,4,2729,2968,2739,2978,1,-1,CSL_pup,1
1049,18ZC5757.JPG,4,2711,2935,2721,2945,1,-1,CSL_pup,1
1050,18ZC5757.JPG,4,2655,3028,2665,3038,1,-1,CSL_pup,1
1051,18ZC5757.JPG,4,2630,3019,2640,3029,1,-1,CSL_pup,1
1052,18ZC5757.JPG,4,2739,2922,2749,2932,1,-1,CSL_pup,1
1053,18ZC5757.JPG,4,2755,2889,2765,2899,1,-1,CSL_pup,1
1054,18ZC5757.JPG,4,2723,2860,2733,2870,1,-1,CSL_pup,1
1055,18ZC5757.JPG,4,2725,2881,2735,2891,1,-1,CSL_pup,1
1056,18ZC5757.JPG,4,2735,2841,2745,2851,1,-1,CSL_pup,1
1057,18ZC5757.JPG,4,2707,2787,2717,2797,1,-1,CSL_pup,1
1058,18ZC5757.JPG,4,2815,2566,2825,2576,1,-1,CSL_pup,1
1059,18ZC5757.JPG,4,2819,2541,2829,2551,1,-1,CSL_pup,1
1060,18ZC5757.JPG,4,2674,2591,2684,2601,1,-1,CSL_pup,1
1061,18ZC5757.JPG,4,2652,2571,2662,2581,1,-1,CSL_pup,1
1062,18ZC5757.JPG,4,2640,2684,2650,2694,1,-1,CSL_pup,1
1063,18ZC5757.JPG,4,2187,2777,2197,2787,1,-1,CSL_juv,1
1064,18ZC5757.JPG,4,2220,2775,2230,2785,1,-1,CSL_pup,1
1065,18ZC5757.JPG,4,2211,2484,2221,2494,1,-1,CSL_pup,1
1066,18ZC5757.JPG,4,2192,2511,2202,2521,1,-1,CSL_pup,1
1067,18ZC5757.JPG,4,449,3551,459,3561,1,-1,CSL_pup,1
1068,18ZC5757.JPG,4,324,3482,334,3492,1,-1,CSL_pup,1
1069,18ZC5757.JPG,4,287,3769,297,3779,1,-1,CSL_pup,1
1070,18ZC5757.JPG,4,249,3802,259,3812,1,-1,CSL_pup,1
1071,18ZC5757.JPG,4,197,3786,207,3796,1,-1,CSL_pup,1
1072,18ZC5757.JPG,4,173,3795,183,3805,1,-1,CSL_pup,1
1073,18ZC5757.JPG,4,532,3770,542,3780,1,-1,CSL_pup,1
1074,18ZC5757.JPG,4,542,3779,552,3789,1,-1,CSL_pup,1
1075,18ZC5757.JPG,4,584,3779,594,3789,1,-1,CSL_pup,1
1076,18ZC5757.JPG,4,574,3801,584,3811,1,-1,CSL_pup,1
1077,18ZC5757.JPG,4,589,3804,599,3814,1,-1,CSL_pup,1
1078,18ZC5757.JPG,4,650,3832,660,3842,1,-1,CSL_pup,1
1079,18ZC5757.JPG,4,657,3805,667,3815,1,-1,CSL_pup,1
1080,18ZC5757.JPG,4,594,3829,604,3839,1,-1,CSL_pup,1
1081,18ZC5757.JPG,4,473,3829,483,3839,1,-1,CSL_pup,1
1082,18ZC5757.JPG,4,679,3810,689,3820,1,-1,CSL_pup,1
1083,18ZC5757.JPG,4,685,3798,695,3808,1,-1,CSL_pup,1
1084,18ZC5757.JPG,4,703,3795,713,3805,1,-1,CSL_pup,1
1085,18ZC5757.JPG,4,714,3789,724,3799,1,-1,CSL_pup,1
1086,18ZC5757.JPG,4,727,3800,737,3810,1,-1,CSL_pup,1
1087,18ZC5757.JPG,4,742,3797,752,3807,1,-1,CSL_pup,1
1088,18ZC5757.JPG,4,761,3811,771,3821,1,-1,CSL_pup,1
1089,18ZC5757.JPG,4,780,3821,790,3831,1,-1,CSL_pup,1
1090,18ZC5757.JPG,4,808,3807,818,3817,1,-1,CSL_pup,1
1091,18ZC5757.JPG,4,945,3830,955,3840,1,-1,CSL_pup,1
1092,18ZC5757.JPG,4,1103,3824,1113,3834,1,-1,CSL_pup,1
1093,18ZC5757.JPG,4,120,3788,130,3798,1,-1,CSL_pup,1
1094,18ZC5757.JPG,4,78,3800,88,3810,1,-1,CSL_pup,1
1095,18ZC5757.JPG,4,153,3792,163,3802,1,-1,CSL_pup,1
1096,18ZC5757.JPG,4,1422,3820,1432,3830,1,-1,CSL_pup,1
1097,18ZC5757.JPG,4,1603,3760,1613,3770,1,-1,CSL_pup,1
1098,18ZC5757.JPG,4,1654,3702,1664,3712,1,-1,CSL_pup,1
1099,18ZC5757.JPG,4,1874,3383,1884,3393,1,-1,CSL_pup,1
1100,18ZC5757.JPG,4,2216,3227,2226,3237,1,-1,CSL_pup,1
1101,18ZC5757.JPG,4,2266,3261,2276,3271,1,-1,CSL_pup,1
1102,18ZC5757.JPG,4,2287,3272,2297,3282,1,-1,CSL_pup,1
1103,18ZC5757.JPG,4,2311,3542,2321,3552,1,-1,CSL_pup,1
1104,18ZC5757.JPG,4,669,2971,679,2981,1,-1,CSL_pup,1
1105,18ZC5757.JPG,4,233,3419,243,3429,1,-1,CSL_pup,1
1106,18ZC5757.JPG,4,75,3111,85,3121,1,-1,CSL_pup,1
1107,18ZC5757.JPG,4,54,3083,64,3093,1,-1,CSL_pup,1
1108,18ZC5757.JPG,4,15,2304,25,2314,1,-1,CSL_pup,1
1109,18ZC5757.JPG,4,2047,770,2057,780,1,-1,CSL_pup,1
1110,18ZC5757.JPG,4,2091,774,2101,784,1,-1,CSL_pup,1
1111,18ZC5757.JPG,4,2199,803,2209,813,1,-1,CSL_pup,1
1112,18ZC5757.JPG,4,2561,817,2571,827,1,-1,CSL_pup,1
1113,18ZC5757.JPG,4,2552,795,2562,805,1,-1,CSL_pup,1
1114,18ZC5757.JPG,4,3578,1083,3588,1093,1,-1,CSL_pup,1
1115,18ZC5757.JPG,4,3023,3296,3033,3306,1,-1,CSL_juv,1
1116,18ZC5757.JPG,4,4386,3797,4396,3807,1,-1,CSL_cow,1
1117,18ZC5757.JPG,4,4374,3744,4384,3754,1,-1,CSL_cow,1
1118,18ZC5757.JPG,4,4313,3768,4323,3778,1,-1,CSL_cow,1
1119,18ZC5757.JPG,4,4270,3791,4280,3801,1,-1,CSL_cow,1
1120,18ZC5757.JPG,4,4266,3735,4276,3745,1,-1,CSL_cow,1
1121,18ZC5757.JPG,4,4264,3679,4274,3689,1,-1,CSL_cow,1
1122,18ZC5757.JPG,4,4299,3682,4309,3692,1,-1,CSL_cow,1
1123,18ZC5757.JPG,4,4327,3705,4337,3715,1,-1,CSL_cow,1
1124,18ZC5757.JPG,4,4226,3833,4236,3843,1,-1,CSL_cow,1
1125,18ZC5757.JPG,4,4101,3628,4111,3638,1,-1,CSL_cow,1
1126,18ZC5757.JPG,4,3956,3682,3966,3692,1,-1,CSL_cow,1
1127,18ZC5757.JPG,4,3981,3625,3991,3635,1,-1,CSL_cow,1
1128,18ZC5757.JPG,4,3900,3777,3910,3787,1,-1,CSL_cow,1
1129,18ZC5757.JPG,4,3666,3757,3676,3767,1,-1,CSL_cow,1
1130,18ZC5757.JPG,4,3427,3654,3437,3664,1,-1,CSL_cow,1
1131,18ZC5757.JPG,4,3133,3612,3143,3622,1,-1,CSL_cow,1
1132,18ZC5757.JPG,4,3107,3534,3117,3544,1,-1,CSL_cow,1
1133,18ZC5757.JPG,4,3118,3415,3128,3425,1,-1,CSL_cow,1
1134,18ZC5757.JPG,4,3153,3368,3163,3378,1,-1,CSL_cow,1
1135,18ZC5757.JPG,4,3098,3335,3108,3345,1,-1,CSL_cow,1
1136,18ZC5757.JPG,4,3195,3324,3205,3334,1,-1,CSL_cow,1
1137,18ZC5757.JPG,4,3201,3283,3211,3293,1,-1,CSL_cow,1
1138,18ZC5757.JPG,4,3189,3262,3199,3272,1,-1,CSL_cow,1
1139,18ZC5757.JPG,4,3132,3274,3142,3284,1,-1,CSL_cow,1
1140,18ZC5757.JPG,4,3248,3432,3258,3442,1,-1,CSL_cow,1
1141,18ZC5757.JPG,4,3120,3167,3130,3177,1,-1,CSL_cow,1
1142,18ZC5757.JPG,4,2926,3353,2936,3363,1,-1,CSL_cow,1
1143,18ZC5757.JPG,4,2771,3444,2781,3454,1,-1,CSL_cow,1
1144,18ZC5757.JPG,4,2703,3548,2713,3558,1,-1,CSL_cow,1
1145,18ZC5757.JPG,4,2695,3361,2705,3371,1,-1,CSL_cow,1
1146,18ZC5757.JPG,4,2681,3369,2691,3379,1,-1,CSL_cow,1
1147,18ZC5757.JPG,4,2638,3385,2648,3395,1,-1,CSL_cow,1
1148,18ZC5757.JPG,4,2463,3304,2473,3314,1,-1,CSL_cow,1
1149,18ZC5757.JPG,4,2425,3326,2435,3336,1,-1,CSL_cow,1
1150,18ZC5757.JPG,4,2417,3280,2427,3290,1,-1,CSL_cow,1
1151,18ZC5757.JPG,4,2374,3307,2384,3317,1,-1,CSL_cow,1
1152,18ZC5757.JPG,4,2354,3288,2364,3298,1,-1,CSL_cow,1
1153,18ZC5757.JPG,4,2342,3399,2352,3409,1,-1,CSL_cow,1
1154,18ZC5757.JPG,4,2278,3376,2288,3386,1,-1,CSL_cow,1
1155,18ZC5757.JPG,4,2240,3372,2250,3382,1,-1,CSL_cow,1
1156,18ZC5757.JPG,4,2234,3323,2244,3333,1,-1,CSL_cow,1
1157,18ZC5757.JPG,4,2197,3321,2207,3331,1,-1,CSL_cow,1
1158,18ZC5757.JPG,4,2221,3287,2231,3297,1,-1,CSL_cow,1
1159,18ZC5757.JPG,4,2236,3264,2246,3274,1,-1,CSL_cow,1
1160,18ZC5757.JPG,4,2701,3059,2711,3069,1,-1,CSL_cow,1
1161,18ZC5757.JPG,4,2272,3238,2282,3248,1,-1,CSL_cow,1
1162,18ZC5757.JPG,4,2180,3383,2190,3393,1,-1,CSL_cow,1
1163,18ZC5757.JPG,4,1850,3403,1860,3413,1,-1,CSL_cow,1
1164,18ZC5757.JPG,4,1722,3585,1732,3595,1,-1,CSL_cow,1
1165,18ZC5757.JPG,4,1643,3597,1653,3607,1,-1,CSL_cow,1
1166,18ZC5757.JPG,4,1550,3586,1560,3596,1,-1,CSL_cow,1
1167,18ZC5757.JPG,4,1649,3652,1659,3662,1,-1,CSL_cow,1
1168,18ZC5757.JPG,4,1632,3723,1642,3733,1,-1,CSL_cow,1
1169,18ZC5757.JPG,4,1669,3746,1679,3756,1,-1,CSL_cow,1
1170,18ZC5757.JPG,4,2161,2819,2171,2829,1,-1,CSL_cow,1
1171,18ZC5757.JPG,4,2757,2596,2767,2606,1,-1,CSL_cow,1
1172,18ZC5757.JPG,4,2783,2635,2793,2645,1,-1,CSL_cow,1
1173,18ZC5757.JPG,4,2825,2625,2835,2635,1,-1,CSL_cow,1
1174,18ZC5757.JPG,4,2822,2701,2832,2711,1,-1,CSL_cow,1
1175,18ZC5757.JPG,4,2804,2742,2814,2752,1,-1,CSL_cow,1
1176,18ZC5757.JPG,4,2766,2734,2776,2744,1,-1,CSL_cow,1
1177,18ZC5757.JPG,4,2737,2770,2747,2780,1,-1,CSL_cow,1
1178,18ZC5757.JPG,4,516,3808,526,3818,1,-1,CSL_cow,1
1179,18ZC5757.JPG,4,362,3820,372,3830,1,-1,CSL_cow,1
1180,18ZC5757.JPG,4,57,3818,67,3828,1,-1,CSL_cow,1
1181,18ZC5757.JPG,4,2513,2062,2523,2072,1,-1,CSL_cow,1
1182,18ZC5757.JPG,4,3505,1294,3515,1304,1,-1,CSL_cow,1
1183,18ZC5757.JPG,4,3049,961,3059,971,1,-1,CSL_cow,1
1184,18ZC5757.JPG,4,2972,1029,2982,1039,1,-1,CSL_cow,1
1185,18ZC5757.JPG,4,2943,1055,2953,1065,1,-1,CSL_cow,1
1186,18ZC5757.JPG,4,1366,1784,1376,1794,1,-1,CSL_cow,1
1187,18ZC5757.JPG,4,1840,2049,1850,2059,1,-1,CSL_cow,1
1188,18ZC5757.JPG,4,2203,1408,2213,1418,1,-1,CSL_juv,1
1189,18ZC5757.JPG,4,80,2490,90,2500,1,-1,NES_bull,1
1190,18ZC5757.JPG,4,152,2482,162,2492,1,-1,NES_bull,1
1191,18ZC5757.JPG,4,257,2399,267,2409,1,-1,NES_bull,1
1192,18ZC5757.JPG,4,297,2392,307,2402,1,-1,NES_bull,1
1193,18ZC5757.JPG,4,386,2323,396,2333,1,-1,NES_bull,1
1194,18ZC5757.JPG,4,455,2572,465,2582,1,-1,NES_bull,1
1195,18ZC5757.JPG,4,410,2254,420,2264,1,-1,NES_bull,1
1196,18ZC5757.JPG,4,615,2240,625,2250,1,-1,NES_bull,1
1197,18ZC5757.JPG,4,616,2172,626,2182,1,-1,NES_bull,1
1198,18ZC5757.JPG,4,670,2172,680,2182,1,-1,NES_bull,1
1199,18ZC5757.JPG,4,712,2087,722,2097,1,-1,NES_bull,1
1200,18ZC5757.JPG,4,638,2603,648,2613,1,-1,NES_bull,1
1201,18ZC5757.JPG,4,864,2655,874,2665,1,-1,NES_bull,1
1202,18ZC5757.JPG,4,1005,2438,1015,2448,1,-1,NES_bull,1
1203,18ZC5757.JPG,4,1076,2287,1086,2297,1,-1,NES_bull,1
1204,18ZC5757.JPG,4,1239,2436,1249,2446,1,-1,NES_bull,1
1205,18ZC5757.JPG,4,1274,2082,1284,2092,1,-1,NES_bull,1
1206,18ZC5757.JPG,4,852,2027,862,2037,1,-1,NES_bull,1
1207,18ZC5757.JPG,4,920,2025,930,2035,1,-1,NES_bull,1
1208,18ZC5757.JPG,4,966,1997,976,2007,1,-1,NES_bull,1
1209,18ZC5757.JPG,4,799,2058,809,2068,1,-1,NES_bull,1
1210,18ZC5757.JPG,4,1151,1789,1161,1799,1,-1,NES_bull,1
1211,18ZC5757.JPG,4,624,2812,634,2822,1,-1,NES_bull,1
1212,18ZC5757.JPG,4,537,2932,547,2942,1,-1,NES_bull,1
1213,18ZC5757.JPG,4,2149,1180,2159,1190,1,-1,NES_bull,1
1214,18ZC5757.JPG,4,2621,573,2631,583,1,-1,NES_bull,1
1215,18ZC5757.JPG,4,1111,2226,1121,2236,1,-1,NES_sam,1
1216,18ZC5757.JPG,4,1029,2315,1039,2325,1,-1,NES_sam,1
1217,18ZC5757.JPG,4,752,2374,762,2384,1,-1,NES_sam,1
1218,18ZC5757.JPG,4,725,2426,735,2436,1,-1,NES_sam,1
1219,18ZC5757.JPG,4,476,2219,486,2229,1,-1,NES_sam,1
1220,18ZC5757.JPG,4,1656,1644,1666,1654,1,-1,NES_sam,1
1221,18ZC5757.JPG,4,296,2812,306,2822,1,-1,NES_young,1
1222,18ZC5757.JPG,4,1498,1787,1508,1797,1,-1,NES_juv,1
