6644,18ZC4773.JPG,0,1326.4,1760,1445.6,1806.4,0.999999,-1,epoch_35,0.999999
6645,18ZC4773.JPG,0,1452,1810.4,1595.2,1973.6,0.999999,-1,epoch_35,0.999999
6646,18ZC4773.JPG,0,2123.2,2037.6,2229.6,2226.4,0.999999,-1,epoch_35,0.999999
6647,18ZC4773.JPG,0,1932.8,2712,2025.6,2860,0.999999,-1,epoch_35,0.999999
6648,18ZC4773.JPG,0,3480.8,1205.6,3590.4,1386.4,0.999998,-1,epoch_35,0.999998
6649,18ZC4773.JPG,0,1744.8,2176.8,1896.8,2324,0.999998,-1,epoch_35,0.999998
6650,18ZC4773.JPG,0,1413.6,315.2,1499.2,352.8,0.999998,-1,epoch_35,0.999998
6651,18ZC4773.JPG,0,3160.8,3179.2,3378.4,3273.6,0.999998,-1,epoch_35,0.999998
6652,18ZC4773.JPG,0,1619.2,2116.8,1788.8,2210.4,0.999997,-1,epoch_35,0.999997
6653,18ZC4773.JPG,0,1255.2,370.4,1332,428,0.999997,-1,epoch_35,0.999997
6654,18ZC4773.JPG,0,1489.6,904,1533.6,975.2,0.999996,-1,epoch_35,0.999996
6655,18ZC4773.JPG,0,1440,1364,1589.6,1452.8,0.999993,-1,epoch_35,0.999993
6656,18ZC4773.JPG,0,1465.6,1006.4,1528.8,1051.2,0.999993,-1,epoch_35,0.999993
6657,18ZC4773.JPG,0,1547.2,920.8,1616,948,0.999992,-1,epoch_35,0.999992
6658,18ZC4773.JPG,0,2071.2,605.6,2212,639.2,0.999991,-1,epoch_35,0.999991
6659,18ZC4773.JPG,0,1387.2,287.2,1432,348,0.999991,-1,epoch_35,0.999991
6660,18ZC4773.JPG,0,1461.6,208,1493.6,277.6,0.99999,-1,epoch_35,0.99999
6661,18ZC4773.JPG,0,1568,1035.2,1630.4,1082.4,0.999989,-1,epoch_35,0.999989
6662,18ZC4773.JPG,0,1555.2,1883.2,1680,2061.6,0.999988,-1,epoch_35,0.999988
6663,18ZC4773.JPG,0,1440,180.8,1468.8,290.4,0.999987,-1,epoch_35,0.999987
6664,18ZC4773.JPG,0,1953.6,3052,2025.6,3147.2,0.999983,-1,epoch_35,0.999983
6665,18ZC4773.JPG,0,1518.4,976,1580.8,1000.8,0.999981,-1,epoch_35,0.999981
6666,18ZC4773.JPG,0,1725.6,2640,1883.2,2751.2,0.999978,-1,epoch_35,0.999978
6667,18ZC4773.JPG,0,1588,912.8,1650.4,972.8,0.999975,-1,epoch_35,0.999975
6668,18ZC4773.JPG,0,1440,2349.6,1574.4,2399.2,0.999974,-1,epoch_35,0.999974
6669,18ZC4773.JPG,0,1453.6,2674.4,1545.6,2868.8,0.999974,-1,epoch_35,0.999974
6670,18ZC4773.JPG,0,2101.6,1898.4,2276.8,1998.4,0.999973,-1,epoch_35,0.999973
6671,18ZC4773.JPG,0,2427.2,2640,2460.8,2658.4,0.999971,-1,epoch_35,0.999971
6672,18ZC4773.JPG,0,1784.8,2878.4,1957.6,2998.4,0.999964,-1,epoch_35,0.999964
6673,18ZC4773.JPG,0,1480.8,3613.6,1527.2,3642.4,0.999958,-1,epoch_35,0.999958
6674,18ZC4773.JPG,0,1152.8,3520,1196.8,3548,0.999954,-1,epoch_35,0.999954
6675,18ZC4773.JPG,0,1591.2,995.2,1649.6,1023.2,0.99995,-1,epoch_35,0.99995
6676,18ZC4773.JPG,0,1606.4,2345.6,1682.4,2399.2,0.999947,-1,epoch_35,0.999947
6677,18ZC4773.JPG,0,1440,1016.8,1456.8,1059.2,0.999945,-1,epoch_35,0.999945
6678,18ZC4773.JPG,0,2588.8,2656.8,2690.4,2845.6,0.999919,-1,epoch_35,0.999919
6679,18ZC4773.JPG,0,1767.2,2716.8,1917.6,2856,0.999898,-1,epoch_35,0.999898
6680,18ZC4773.JPG,0,1546.4,996.8,1599.2,1045.6,0.999858,-1,epoch_35,0.999858
6681,18ZC4773.JPG,0,1593.6,1063.2,1656.8,1100,0.999841,-1,epoch_35,0.999841
6682,18ZC4773.JPG,0,2533,2467,2709,2630,0.999818,-1,epoch_35,0.999818
6683,18ZC4773.JPG,0,1381.6,191.2,1407.2,242.4,0.999788,-1,epoch_35,0.999788
6684,18ZC4773.JPG,0,1532,3246.4,1574.4,3276,0.999786,-1,epoch_35,0.999786
6685,18ZC4773.JPG,0,1756,2406,1973,2493,0.999782,-1,epoch_35,0.999782
6686,18ZC4773.JPG,0,1556,2724.8,1763.2,2837.6,0.99978,-1,epoch_35,0.99978
6687,18ZC4773.JPG,0,2086,2406,2216,2591,0.999737,-1,epoch_35,0.999737
6688,18ZC4773.JPG,0,2400.8,2829.6,2517.6,2954.4,0.999712,-1,epoch_35,0.999712
6689,18ZC4773.JPG,0,1586.4,967.2,1622.4,999.2,0.999691,-1,epoch_35,0.999691
6690,18ZC4773.JPG,0,1302.4,332.8,1365.6,428,0.999593,-1,epoch_35,0.999593
6691,18ZC4773.JPG,0,1432,880,1504.8,890.4,0.999421,-1,epoch_35,0.999421
6692,18ZC4773.JPG,0,1777.6,3564,1939.2,3680,0.999338,-1,epoch_35,0.999338
6693,18ZC4773.JPG,0,2319.2,2640,2342.4,2664.8,0.999323,-1,epoch_35,0.999323
6694,18ZC4773.JPG,0,1530,2332,1693,2492,0.999312,-1,epoch_35,0.999312
6695,18ZC4773.JPG,0,1458.4,3126.4,1504.8,3161.6,0.999262,-1,epoch_35,0.999262
6696,18ZC4773.JPG,0,1528,911.2,1584,936.8,0.999203,-1,epoch_35,0.999203
6697,18ZC4773.JPG,0,1400,188.8,1422.4,247.2,0.999137,-1,epoch_35,0.999137
6698,18ZC4773.JPG,0,1415.2,164,1444,208.8,0.99899,-1,epoch_35,0.99899
6699,18ZC4773.JPG,0,1898.4,3005.6,2024.8,3097.6,0.998933,-1,epoch_35,0.998933
6700,18ZC4773.JPG,0,1517.6,3210.4,1549.6,3239.2,0.998909,-1,epoch_35,0.998909
6701,18ZC4773.JPG,0,1508.8,955.2,1567.2,975.2,0.9985,-1,epoch_35,0.9985
6702,18ZC4773.JPG,0,1578,1632,1666,1847,0.998026,-1,epoch_35,0.998026
6703,18ZC4773.JPG,0,2479.2,260.8,2688.8,382.4,0.997796,-1,epoch_35,0.997796
6704,18ZC4773.JPG,0,2199,2364,2433,2483,0.997719,-1,epoch_35,0.997719
6705,18ZC4773.JPG,0,1565.6,3250.4,1612.8,3276.8,0.996185,-1,epoch_35,0.996185
6706,18ZC4773.JPG,0,1476.8,3758.4,1516.8,3783.2,0.995701,-1,epoch_35,0.995701
6707,18ZC4773.JPG,0,1515.2,889.6,1580.8,911.2,0.995016,-1,epoch_35,0.995016
6708,18ZC4773.JPG,0,1468.8,3733.6,1493.6,3758.4,0.994901,-1,epoch_35,0.994901
6709,18ZC4773.JPG,0,2253.6,3628,2355.2,3828.8,0.991679,-1,epoch_35,0.991679
6710,18ZC4773.JPG,0,1660.8,1888.8,1708,1996.8,0.991047,-1,epoch_35,0.991047
6711,18ZC4773.JPG,0,1200.8,216.8,1229.6,242.4,0.989407,-1,epoch_35,0.989407
6712,18ZC4773.JPG,0,1614.4,3520.8,1659.2,3563.2,0.98388,-1,epoch_35,0.98388
6713,18ZC4773.JPG,0,2237,2558,2359,2666,0.97956,-1,epoch_35,0.97956
6714,18ZC4773.JPG,0,1096,260,1141.6,283.2,0.978689,-1,epoch_35,0.978689
6715,18ZC4773.JPG,0,1508.8,2005.6,1534.4,2025.6,0.977109,-1,epoch_35,0.977109
6716,18ZC4773.JPG,0,1963.2,1289.6,1992,1310.4,0.976376,-1,epoch_35,0.976376
6717,18ZC4773.JPG,0,1593.6,3232,1634.4,3257.6,0.975187,-1,epoch_35,0.975187
6718,18ZC4773.JPG,0,1459.2,1889.6,1482.4,1920,0.971389,-1,epoch_35,0.971389
6719,18ZC4773.JPG,0,1400,313.6,1444,405.6,0.963364,-1,epoch_35,0.963364
6720,18ZC4773.JPG,0,1916,2640,2007.2,2644.8,0.963098,-1,epoch_35,0.963098
6721,18ZC4773.JPG,0,1740,1282,1813,1362,0.962472,-1,epoch_35,0.962472
6722,18ZC4773.JPG,0,2096.8,1436,2125.6,1467.2,0.955932,-1,epoch_35,0.955932
6723,18ZC4773.JPG,0,1656,2488,1842,2579,0.949952,-1,epoch_35,0.949952
6724,18ZC4773.JPG,0,1841,3405,1971,3579,0.946573,-1,epoch_35,0.946573
6725,18ZC4773.JPG,0,3176,2483,3320,2635,0.946382,-1,epoch_35,0.946382
6726,18ZC4773.JPG,0,2257.6,2374.4,2417.6,2398.4,0.944138,-1,epoch_35,0.944138
6727,18ZC4773.JPG,0,959,3321,1053,3412,0.92058,-1,epoch_35,0.92058
6728,18ZC4773.JPG,0,1932,2503,2117,2658,0.913593,-1,epoch_35,0.913593
6729,18ZC4773.JPG,0,1539,1522,1619,1624,0.908737,-1,epoch_35,0.908737
6730,18ZC4773.JPG,0,1920,2691.2,1935.2,2719.2,0.899159,-1,epoch_35,0.899159
6731,18ZC4773.JPG,0,1908,602,2033,667,0.89817,-1,epoch_35,0.89817
6732,18ZC4773.JPG,0,1771,3350,1948,3439,0.871369,-1,epoch_35,0.871369
6733,18ZC4773.JPG,0,1467,3206,1581,3293,0.861696,-1,epoch_35,0.861696
6734,18ZC4773.JPG,0,2038,816,2109,900,0.835553,-1,epoch_35,0.835553
6735,18ZC4773.JPG,0,1920,1240,1924.8,1283.2,0.830219,-1,epoch_35,0.830219
6736,18ZC4773.JPG,0,1383,1674,1445,1787,0.829573,-1,epoch_35,0.829573
6737,18ZC4773.JPG,0,1826,459,1892,547,0.810616,-1,epoch_35,0.810616
6738,18ZC4773.JPG,0,1428,838,1515,884,0.806077,-1,epoch_35,0.806077
6739,18ZC4773.JPG,0,2400,2386.4,2440,2398.4,0.801659,-1,epoch_35,0.801659
6740,18ZC4773.JPG,0,1440,1458.4,1448.8,1477.6,0.763797,-1,epoch_35,0.763797
6741,18ZC4773.JPG,0,2347,2850,2424,2961,0.742904,-1,epoch_35,0.742904
6742,18ZC4773.JPG,0,1044.8,17.6001,1064.8,69.6001,0.742459,-1,epoch_35,0.742459
6743,18ZC4773.JPG,0,1926.4,2640,1939.2,2644,0.741289,-1,epoch_35,0.741289
6744,18ZC4773.JPG,0,1924.8,2881.6,1957.6,2915.2,0.721084,-1,epoch_35,0.721084
6745,18ZC4773.JPG,0,1704,1667,1758,1768,0.706288,-1,epoch_35,0.706288
6746,18ZC4773.JPG,0,1433,778,1526,840,0.703581,-1,epoch_35,0.703581
6747,18ZC4773.JPG,0,1478.4,3208,1522.4,3235.2,0.698506,-1,epoch_35,0.698506
6748,18ZC4773.JPG,0,1190,189,1257,243,0.640406,-1,epoch_35,0.640406
6749,18ZC4773.JPG,0,1497,3310,1599,3359,0.615257,-1,epoch_35,0.615257
6750,18ZC4773.JPG,0,2069,1112,2153,1171,0.59828,-1,epoch_35,0.59828
6751,18ZC4773.JPG,0,1443,3669,1522,3774,0.545273,-1,epoch_35,0.545273
6752,18ZC4773.JPG,0,1503.2,2714.4,1550.4,2738.4,0.544707,-1,epoch_35,0.544707
6753,18ZC4773.JPG,0,2013,1008,2095,1059,0.52447,-1,epoch_35,0.52447
6754,18ZC4773.JPG,0,2170,1127,2240,1198,0.523802,-1,epoch_35,0.523802
6755,18ZC4773.JPG,0,1644,2572,1814,2665,0.496204,-1,epoch_35,0.496204
6756,18ZC4773.JPG,0,2107,995,2188,1050,0.480036,-1,epoch_35,0.480036
6757,18ZC4773.JPG,0,1460,3359,1565,3418,0.479331,-1,epoch_35,0.479331
6758,18ZC4773.JPG,0,1978.4,3022.4,2099.2,3081.6,0.462056,-1,epoch_35,0.462056
6759,18ZC4773.JPG,0,2403,2613,2465,2660,0.459701,-1,epoch_35,0.459701
6760,18ZC4773.JPG,0,1510,1636,1595,1698,0.43042,-1,epoch_35,0.43042
6761,18ZC4773.JPG,0,1577.6,3736.8,1619.2,3760,0.426372,-1,epoch_35,0.426372
6762,18ZC4773.JPG,0,1509.6,880,1579.2,894.4,0.408441,-1,epoch_35,0.408441
6763,18ZC4773.JPG,0,1376,1364,1473,1430,0.397773,-1,epoch_35,0.397773
6764,18ZC4773.JPG,0,960,519.2,968.8,584.8,0.396661,-1,epoch_35,0.396661
6765,18ZC4773.JPG,0,1848.8,3029.6,1884,3052,0.395827,-1,epoch_35,0.395827
6766,18ZC4773.JPG,0,1806.4,880,1856,887.2,0.394281,-1,epoch_35,0.394281
6767,18ZC4773.JPG,0,1329,824,1429,873,0.378758,-1,epoch_35,0.378758
6768,18ZC4773.JPG,0,1532.8,973.6,1544.8,1037.6,0.350357,-1,epoch_35,0.350357
6769,18ZC4773.JPG,0,1077.6,633.6,1127.2,639.2,0.318378,-1,epoch_35,0.318378
6770,18ZC4773.JPG,0,2064,960,2136,1049,0.31796,-1,epoch_35,0.31796
6771,18ZC4773.JPG,0,1920,1170.4,1924.8,1216.8,0.286089,-1,epoch_35,0.286089
6772,18ZC4773.JPG,0,1511.2,1095.2,1537.6,1133.6,0.277393,-1,epoch_35,0.277393
6773,18ZC4773.JPG,0,1623,1509,1687,1565,0.274101,-1,epoch_35,0.274101
6774,18ZC4773.JPG,0,1798,2567,1915,2632,0.272302,-1,epoch_35,0.272302
6775,18ZC4773.JPG,0,1478.4,3273.6,1525.6,3278.4,0.260788,-1,epoch_35,0.260788
6776,18ZC4773.JPG,0,1877.6,2703.2,1952,2887.2,0.259274,-1,epoch_35,0.259274
6777,18ZC4773.JPG,0,1492,3272,1579,3320,0.235989,-1,epoch_35,0.235989
6778,18ZC4773.JPG,0,1460,3232.8,1501.6,3259.2,0.221472,-1,epoch_35,0.221472
6779,18ZC4773.JPG,0,1620,3775,1725,3832,0.217171,-1,epoch_35,0.217171
6780,18ZC4773.JPG,0,1920,3588,1938.4,3651.2,0.216102,-1,epoch_35,0.216102
6781,18ZC4773.JPG,0,1682.4,524.8,1709.6,555.2,0.185514,-1,epoch_35,0.185514
6782,18ZC4773.JPG,0,1328,1690,1392,1769,0.177536,-1,epoch_35,0.177536
6783,18ZC4773.JPG,0,2139,907,2190,985,0.176151,-1,epoch_35,0.176151
6784,18ZC4773.JPG,0,1528.8,1055.2,1544.8,1067.2,0.170221,-1,epoch_35,0.170221
6785,18ZC4773.JPG,0,1503.2,3734.4,1520.8,3748,0.163988,-1,epoch_35,0.163988
6786,18ZC4773.JPG,0,1740,1760,1751.2,1762.4,0.147384,-1,epoch_35,0.147384
6787,18ZC4773.JPG,0,1744.8,2863.2,1779.2,2888,0.128626,-1,epoch_35,0.128626
6788,18ZC4773.JPG,0,1319.2,3630.4,1347.2,3676.8,0.119811,-1,epoch_35,0.119811
6789,18ZC4773.JPG,0,1124.8,224,1150.4,248,0.119014,-1,epoch_35,0.119014
6790,18ZC4773.JPG,0,1452,1451.2,1480.8,1476.8,0.118477,-1,epoch_35,0.118477
6791,18ZC4773.JPG,0,1920,2843.2,1924.8,2882.4,0.107591,-1,epoch_35,0.107591
6792,18ZC4773.JPG,0,1920,2720.8,1926.4,2880,0.0994048,-1,epoch_35,0.0994048
6793,18ZC4773.JPG,0,1539.2,1100.8,1545.6,1115.2,0.0810647,-1,epoch_35,0.0810647
6794,18ZC4773.JPG,0,1541.6,986.4,1544.8,1039.2,0.0807538,-1,epoch_35,0.0807538
6795,18ZC4773.JPG,0,1480.8,3715.2,1494.4,3733.6,0.0747491,-1,epoch_35,0.0747491
6796,18ZC4773.JPG,0,3231.2,3273.6,3279.2,3278.4,0.0622278,-1,epoch_35,0.0622278
6797,18ZC4773.JPG,0,1541.6,1846.4,1544.8,1976.8,0.0621557,-1,epoch_35,0.0621557
6798,18ZC4773.JPG,0,1519.2,1065.6,1536.8,1085.6,0.0601272,-1,epoch_35,0.0601272
6799,18ZC4773.JPG,0,1440,1364,1445.6,1408,0.0583896,-1,epoch_35,0.0583896
6800,18ZC4773.JPG,0,1836.8,380.8,1857.6,408,0.0576347,-1,epoch_35,0.0576347
6801,18ZC4773.JPG,0,1588,3273.6,1632,3278.4,0.0544131,-1,epoch_35,0.0544131
6802,18ZC4773.JPG,0,1440,188.8,1448,274.4,0.0535833,-1,epoch_35,0.0535833
6803,18ZC4773.JPG,0,1604.8,3520,1621.6,3522.4,0.0502716,-1,epoch_35,0.0502716
6804,18ZC4890.JPG,1,3062.4,3520,3125.6,3565.6,0.999999,-1,epoch_35,0.999999
6805,18ZC4890.JPG,1,3872,1999.2,3968.8,2051.2,0.999999,-1,epoch_35,0.999999
6806,18ZC4890.JPG,1,3628.8,2187.2,3694.4,2236,0.999998,-1,epoch_35,0.999998
6807,18ZC4890.JPG,1,3629.6,2163.2,3704.8,2192,0.999998,-1,epoch_35,0.999998
6808,18ZC4890.JPG,1,3696,2021.6,3760,2083.2,0.999998,-1,epoch_35,0.999998
6809,18ZC4890.JPG,1,3918.4,1863.2,3986.4,1916,0.999998,-1,epoch_35,0.999998
6810,18ZC4890.JPG,1,3544,1796.8,3611.2,1860,0.999998,-1,epoch_35,0.999998
6811,18ZC4890.JPG,1,3752.8,1998.4,3796.8,2024.8,0.999998,-1,epoch_35,0.999998
6812,18ZC4890.JPG,1,4445.6,1836,4530.4,1889.6,0.999998,-1,epoch_35,0.999998
6813,18ZC4890.JPG,1,3655.2,2050.4,3739.2,2092.8,0.999997,-1,epoch_35,0.999997
6814,18ZC4890.JPG,1,4057.6,880,4135.2,910.4,0.999997,-1,epoch_35,0.999997
6815,18ZC4890.JPG,1,3699.2,1793.6,3776,1874.4,0.999996,-1,epoch_35,0.999996
6816,18ZC4890.JPG,1,3771.2,2140.8,3816.8,2196.8,0.999996,-1,epoch_35,0.999996
6817,18ZC4890.JPG,1,3107.2,3188,3180.8,3226.4,0.999996,-1,epoch_35,0.999996
6818,18ZC4890.JPG,1,3794.4,1964,3872,2000.8,0.999995,-1,epoch_35,0.999995
6819,18ZC4890.JPG,1,3680.8,2077.6,3744,2115.2,0.999995,-1,epoch_35,0.999995
6820,18ZC4890.JPG,1,2920,3520,2973.6,3549.6,0.999994,-1,epoch_35,0.999994
6821,18ZC4890.JPG,1,3571.2,2090.4,3637.6,2136,0.999994,-1,epoch_35,0.999994
6822,18ZC4890.JPG,1,3734.4,1920,3782.4,1980.8,0.999994,-1,epoch_35,0.999994
6823,18ZC4890.JPG,1,3363.2,2287.2,3424.8,2342.4,0.999993,-1,epoch_35,0.999993
6824,18ZC4890.JPG,1,3608.8,2224.8,3707.2,2268.8,0.999992,-1,epoch_35,0.999992
6825,18ZC4890.JPG,1,3776,2016,3832.8,2079.2,0.999992,-1,epoch_35,0.999992
6826,18ZC4890.JPG,1,3586.4,2132.8,3654.4,2168,0.999988,-1,epoch_35,0.999988
6827,18ZC4890.JPG,1,3860.8,1832,3925.6,1873.6,0.999982,-1,epoch_35,0.999982
6828,18ZC4890.JPG,1,3544,2128.8,3600.8,2155.2,0.999971,-1,epoch_35,0.999971
6829,18ZC4890.JPG,1,3631.2,1900.8,3692,2024.8,0.999969,-1,epoch_35,0.999969
6830,18ZC4890.JPG,1,3484,2297.6,3534.4,2392,0.999958,-1,epoch_35,0.999958
6831,18ZC4890.JPG,1,3625.6,2248,3654.4,2295.2,0.999956,-1,epoch_35,0.999956
6832,18ZC4890.JPG,1,3932,1784.8,3944.8,1862.4,0.999952,-1,epoch_35,0.999952
6833,18ZC4890.JPG,1,3677.6,1915.2,3719.2,1988.8,0.999951,-1,epoch_35,0.999951
6834,18ZC4890.JPG,1,4366.4,1032,4470.4,1082.4,0.99994,-1,epoch_35,0.99994
6835,18ZC4890.JPG,1,3835.2,2018.4,3882.4,2068,0.999939,-1,epoch_35,0.999939
6836,18ZC4890.JPG,1,3840,2038.4,3875.2,2125.6,0.99991,-1,epoch_35,0.99991
6837,18ZC4890.JPG,1,3948,1798.4,3990.4,1854.4,0.999861,-1,epoch_35,0.999861
6838,18ZC4890.JPG,1,3205.6,3102.4,3259.2,3161.6,0.99978,-1,epoch_35,0.99978
6839,18ZC4890.JPG,1,2296.8,1812,2354.4,1901.6,0.999772,-1,epoch_35,0.999772
6840,18ZC4890.JPG,1,3432,2300,3470.4,2393.6,0.999726,-1,epoch_35,0.999726
6841,18ZC4890.JPG,1,4302,1559,4430,1641,0.999718,-1,epoch_35,0.999718
6842,18ZC4890.JPG,1,3645.6,2097.6,3688,2164,0.999668,-1,epoch_35,0.999668
6843,18ZC4890.JPG,1,3678.4,1980,3734.4,2029.6,0.999526,-1,epoch_35,0.999526
6844,18ZC4890.JPG,1,3756,2076.8,3808.8,2125.6,0.999261,-1,epoch_35,0.999261
6845,18ZC4890.JPG,1,3067,2555,3142,2622,0.998683,-1,epoch_35,0.998683
6846,18ZC4890.JPG,1,3464.8,2296.8,3500,2384.8,0.996948,-1,epoch_35,0.996948
6847,18ZC4890.JPG,1,3644,2285,3725,2336,0.990794,-1,epoch_35,0.990794
6848,18ZC4890.JPG,1,4028,628,4101,762,0.990753,-1,epoch_35,0.990753
6849,18ZC4890.JPG,1,4098,763,4166,821,0.985548,-1,epoch_35,0.985548
6850,18ZC4890.JPG,1,3074,3415,3133,3469,0.974993,-1,epoch_35,0.974993
6851,18ZC4890.JPG,1,2960,3290,3008,3385,0.974629,-1,epoch_35,0.974629
6852,18ZC4890.JPG,1,3328.8,2384,3372.8,2398.4,0.973124,-1,epoch_35,0.973124
6853,18ZC4890.JPG,1,3506,1623,3601,1720,0.964495,-1,epoch_35,0.964495
6854,18ZC4890.JPG,1,3270,2441,3337,2535,0.963225,-1,epoch_35,0.963225
6855,18ZC4890.JPG,1,3347,2531,3458,2598,0.962254,-1,epoch_35,0.962254
6856,18ZC4890.JPG,1,3360,2640,3384,2663.2,0.961475,-1,epoch_35,0.961475
6857,18ZC4890.JPG,1,3305,2588,3385,2683,0.961331,-1,epoch_35,0.961331
6858,18ZC4890.JPG,1,2841,3443,2911,3518,0.958326,-1,epoch_35,0.958326
6859,18ZC4890.JPG,1,3254,2516,3339,2566,0.930723,-1,epoch_35,0.930723
6860,18ZC4890.JPG,1,3181,2462,3235,2581,0.928594,-1,epoch_35,0.928594
6861,18ZC4890.JPG,1,3317,2297,3381,2401,0.904824,-1,epoch_35,0.904824
6862,18ZC4890.JPG,1,3698.4,2131.2,3778.4,2194.4,0.887218,-1,epoch_35,0.887218
6863,18ZC4890.JPG,1,3866.4,2042.4,3881.6,2076,0.882274,-1,epoch_35,0.882274
6864,18ZC4890.JPG,1,4054.4,880,4095.2,892.8,0.878667,-1,epoch_35,0.878667
6865,18ZC4890.JPG,1,3632,1928.8,3655.2,1965.6,0.782652,-1,epoch_35,0.782652
6866,18ZC4890.JPG,1,3311,2365,3372,2455,0.77383,-1,epoch_35,0.77383
6867,18ZC4890.JPG,1,3940,771,3996,866,0.728993,-1,epoch_35,0.728993
6868,18ZC4890.JPG,1,2853,3376,2969,3444,0.725462,-1,epoch_35,0.725462
6869,18ZC4890.JPG,1,3736.8,1981.6,3768.8,2079.2,0.707224,-1,epoch_35,0.707224
6870,18ZC4890.JPG,1,3384,2378,3447,2436,0.668137,-1,epoch_35,0.668137
6871,18ZC4890.JPG,1,3985,820,4057,888,0.654909,-1,epoch_35,0.654909
6872,18ZC4890.JPG,1,3124,2428,3189,2482,0.572164,-1,epoch_35,0.572164
6873,18ZC4890.JPG,1,3140,2503,3205,2578,0.521788,-1,epoch_35,0.521788
6874,18ZC4890.JPG,1,4010.4,880,4063.2,888.8,0.490939,-1,epoch_35,0.490939
6875,18ZC4890.JPG,1,3959,797,4027,876,0.485046,-1,epoch_35,0.485046
6876,18ZC4890.JPG,1,3387.2,2323.2,3436.8,2379.2,0.375237,-1,epoch_35,0.375237
6877,18ZC4890.JPG,1,2910,3430,2977,3492,0.28951,-1,epoch_35,0.28951
6878,18ZC4890.JPG,1,2928,3383,3012,3434,0.288654,-1,epoch_35,0.288654
6879,18ZC4890.JPG,1,2880,3538.4,2884.8,3566.4,0.214963,-1,epoch_35,0.214963
6880,18ZC4890.JPG,1,3244,2439,3281,2560,0.167733,-1,epoch_35,0.167733
6881,18ZC4890.JPG,1,3459.2,2308.8,3464.8,2380,0.151923,-1,epoch_35,0.151923
6882,18ZC4890.JPG,1,3985,707,4037,761,0.13599,-1,epoch_35,0.13599
6883,18ZC4890.JPG,1,3360,2304,3369.6,2380.8,0.117241,-1,epoch_35,0.117241
6884,18ZC4890.JPG,1,3211,2448,3269,2524,0.103714,-1,epoch_35,0.103714
6885,18ZC4890.JPG,1,3664,1986,3810,2196,0.0643845,-1,epoch_35,0.0643845
6886,18ZC4890.JPG,1,3338,2377,3406,2445,0.0635337,-1,epoch_35,0.0635337
6887,18ZC4890.JPG,1,3393.6,2392.8,3436,2398.4,0.0525402,-1,epoch_35,0.0525402
6888,18ZC4890.JPG,1,960,2704,965.6,2756.8,0.0511397,-1,epoch_35,0.0511397
6889,18ZC5063.JPG,2,3027.2,371.2,3095.2,476,0.999999,-1,epoch_35,0.999999
6890,18ZC5063.JPG,2,2519.2,1367.2,2597.6,1448,0.999999,-1,epoch_35,0.999999
6891,18ZC5063.JPG,2,2532.8,1436.8,2596.8,1494.4,0.999998,-1,epoch_35,0.999998
6892,18ZC5063.JPG,2,1325.6,1142.4,1373.6,1222.4,0.999997,-1,epoch_35,0.999997
6893,18ZC5063.JPG,2,2971.2,413.6,3062.4,476.8,0.999997,-1,epoch_35,0.999997
6894,18ZC5063.JPG,2,3150.4,2144.8,3228,2223.2,0.999997,-1,epoch_35,0.999997
6895,18ZC5063.JPG,2,2389.6,2206.4,2413.6,2259.2,0.999996,-1,epoch_35,0.999996
6896,18ZC5063.JPG,2,2302.4,458.4,2343.2,578.4,0.999996,-1,epoch_35,0.999996
6897,18ZC5063.JPG,2,1664.8,1488.8,1714.4,1519.2,0.999996,-1,epoch_35,0.999996
6898,18ZC5063.JPG,2,3644,1788,3679.2,1836,0.999995,-1,epoch_35,0.999995
6899,18ZC5063.JPG,2,480.8,204.8,509.6,258.4,0.999995,-1,epoch_35,0.999995
6900,18ZC5063.JPG,2,276,8,320,54.3999,0.999995,-1,epoch_35,0.999995
6901,18ZC5063.JPG,2,0,1760,93.6,1810.4,0.999995,-1,epoch_35,0.999995
6902,18ZC5063.JPG,2,588,264.8,637.6,297.6,0.999993,-1,epoch_35,0.999993
6903,18ZC5063.JPG,2,2359.2,2196,2403.2,2224,0.999992,-1,epoch_35,0.999992
6904,18ZC5063.JPG,2,3013.6,328,3108,374.4,0.999992,-1,epoch_35,0.999992
6905,18ZC5063.JPG,2,1268,1308,1302.4,1345.6,0.999991,-1,epoch_35,0.999991
6906,18ZC5063.JPG,2,645.6,155.2,669.6,211.2,0.99999,-1,epoch_35,0.99999
6907,18ZC5063.JPG,2,2675.2,2979.2,2698.4,3016.8,0.99999,-1,epoch_35,0.99999
6908,18ZC5063.JPG,2,1226.4,962.4,1271.2,990.4,0.99999,-1,epoch_35,0.99999
6909,18ZC5063.JPG,2,3136,2196,3220.8,2253.6,0.999989,-1,epoch_35,0.999989
6910,18ZC5063.JPG,2,1128,1021.6,1187.2,1062.4,0.999984,-1,epoch_35,0.999984
6911,18ZC5063.JPG,2,2686.4,2864.8,2717.6,2900.8,0.999983,-1,epoch_35,0.999983
6912,18ZC5063.JPG,2,2657.6,2968,2697.6,2993.6,0.999981,-1,epoch_35,0.999981
6913,18ZC5063.JPG,2,2352,2321.6,2400.8,2343.2,0.999978,-1,epoch_35,0.999978
6914,18ZC5063.JPG,2,589.6,108.8,625.6,165.6,0.999977,-1,epoch_35,0.999977
6915,18ZC5063.JPG,2,1268,1335.2,1301.6,1376,0.999976,-1,epoch_35,0.999976
6916,18ZC5063.JPG,2,2349.6,2244.8,2414.4,2279.2,0.999976,-1,epoch_35,0.999976
6917,18ZC5063.JPG,2,1203.2,1086.4,1242.4,1141.6,0.999975,-1,epoch_35,0.999975
6918,18ZC5063.JPG,2,2433.6,2934.4,2480,2964.8,0.999971,-1,epoch_35,0.999971
6919,18ZC5063.JPG,2,2676,2923.2,2714.4,2956,0.99997,-1,epoch_35,0.99997
6920,18ZC5063.JPG,2,1316,1285.6,1337.6,1336,0.999965,-1,epoch_35,0.999965
6921,18ZC5063.JPG,2,525.6,208.8,573.6,255.2,0.999963,-1,epoch_35,0.999963
6922,18ZC5063.JPG,2,1315.2,1243.2,1337.6,1283.2,0.999961,-1,epoch_35,0.999961
6923,18ZC5063.JPG,2,3176,2080.8,3226.4,2151.2,0.99996,-1,epoch_35,0.99996
6924,18ZC5063.JPG,2,346.4,228.8,371.2,292.8,0.999955,-1,epoch_35,0.999955
6925,18ZC5063.JPG,2,2400.8,886.4,2436,913.6,0.999949,-1,epoch_35,0.999949
6926,18ZC5063.JPG,2,2588,2905.6,2629.6,2935.2,0.999949,-1,epoch_35,0.999949
6927,18ZC5063.JPG,2,339.2,14.3999,381.6,63.2,0.999948,-1,epoch_35,0.999948
6928,18ZC5063.JPG,2,1372.8,1115.2,1402.4,1160.8,0.99994,-1,epoch_35,0.99994
6929,18ZC5063.JPG,2,304,260.8,354.4,296,0.999937,-1,epoch_35,0.999937
6930,18ZC5063.JPG,2,522.4,39.2,588.8,93.6001,0.999932,-1,epoch_35,0.999932
6931,18ZC5063.JPG,2,2362.4,2918.4,2415.2,2953.6,0.999924,-1,epoch_35,0.999924
6932,18ZC5063.JPG,2,1192.8,889.6,1239.2,911.2,0.999922,-1,epoch_35,0.999922
6933,18ZC5063.JPG,2,404.8,217.6,456.8,265.6,0.99992,-1,epoch_35,0.99992
6934,18ZC5063.JPG,2,2727.2,2940.8,2755.2,2976.8,0.999915,-1,epoch_35,0.999915
6935,18ZC5063.JPG,2,2192,2015.2,2230.4,2060.8,0.999915,-1,epoch_35,0.999915
6936,18ZC5063.JPG,2,2712,2993.6,2771.2,3016,0.999879,-1,epoch_35,0.999879
6937,18ZC5063.JPG,2,398.4,33.6001,438.4,70.3999,0.999874,-1,epoch_35,0.999874
6938,18ZC5063.JPG,2,1339.2,1035.2,1401.6,1068,0.999862,-1,epoch_35,0.999862
6939,18ZC5063.JPG,2,1391.2,1175.2,1448,1202.4,0.999847,-1,epoch_35,0.999847
6940,18ZC5063.JPG,2,1216,941.6,1261.6,977.6,0.999846,-1,epoch_35,0.999846
6941,18ZC5063.JPG,2,2400,2348,2414.4,2382.4,0.999824,-1,epoch_35,0.999824
6942,18ZC5063.JPG,2,2344.8,2268,2386.4,2298.4,0.99981,-1,epoch_35,0.99981
6943,18ZC5063.JPG,2,1441.6,1292,1472.8,1341.6,0.999809,-1,epoch_35,0.999809
6944,18ZC5063.JPG,2,1520,96,1544.8,141.6,0.999799,-1,epoch_35,0.999799
6945,18ZC5063.JPG,2,2702.4,2956.8,2725.6,3000,0.999799,-1,epoch_35,0.999799
6946,18ZC5063.JPG,2,255.2,209.6,294.4,262.4,0.999792,-1,epoch_35,0.999792
6947,18ZC5063.JPG,2,1216.8,889.6,1256.8,928.8,0.999788,-1,epoch_35,0.999788
6948,18ZC5063.JPG,2,1384,2.3999,1475.2,74.3999,0.999758,-1,epoch_35,0.999758
6949,18ZC5063.JPG,2,2560.8,1494.4,2610.4,1519.2,0.999754,-1,epoch_35,0.999754
6950,18ZC5063.JPG,2,660.8,233.6,698.4,271.2,0.999735,-1,epoch_35,0.999735
6951,18ZC5063.JPG,2,782.4,210.4,816.8,252,0.999717,-1,epoch_35,0.999717
6952,18ZC5063.JPG,2,1387.2,1267.2,1439.2,1296.8,0.99969,-1,epoch_35,0.99969
6953,18ZC5063.JPG,2,2721.6,3016.8,2764,3041.6,0.999681,-1,epoch_35,0.999681
6954,18ZC5063.JPG,2,3218.4,2148.8,3255.2,2193.6,0.999628,-1,epoch_35,0.999628
6955,18ZC5063.JPG,2,2358.4,2296,2402.4,2320,0.999609,-1,epoch_35,0.999609
6956,18ZC5063.JPG,2,2363.2,2339.2,2397.6,2372,0.999074,-1,epoch_35,0.999074
6957,18ZC5063.JPG,2,3973,3271,4076,3337,0.999006,-1,epoch_35,0.999006
6958,18ZC5063.JPG,2,3676,1760,3775.2,1818.4,0.998873,-1,epoch_35,0.998873
6959,18ZC5063.JPG,2,4288,3312,4374,3374,0.998459,-1,epoch_35,0.998459
6960,18ZC5063.JPG,2,2764.8,3064,2798.4,3125.6,0.998311,-1,epoch_35,0.998311
6961,18ZC5063.JPG,2,2275.2,2298.4,2314.4,2332.8,0.998146,-1,epoch_35,0.998146
6962,18ZC5063.JPG,2,256,236.8,308.8,279.2,0.997718,-1,epoch_35,0.997718
6963,18ZC5063.JPG,2,1742.4,2221.6,1788,2243.2,0.997665,-1,epoch_35,0.997665
6964,18ZC5063.JPG,2,1060,612.8,1112,637.6,0.997015,-1,epoch_35,0.997015
6965,18ZC5063.JPG,2,5301,2946,5386,2995,0.996807,-1,epoch_35,0.996807
6966,18ZC5063.JPG,2,2627.2,2820,2656,2846.4,0.996715,-1,epoch_35,0.996715
6967,18ZC5063.JPG,2,141,311,240,386,0.996427,-1,epoch_35,0.996427
6968,18ZC5063.JPG,2,2657.6,2840,2689.6,2873.6,0.995687,-1,epoch_35,0.995687
6969,18ZC5063.JPG,2,3008,1833,3097,1883,0.995502,-1,epoch_35,0.995502
6970,18ZC5063.JPG,2,2367.2,2388,2435.2,2398.4,0.99546,-1,epoch_35,0.99546
6971,18ZC5063.JPG,2,3437,2772,3525,2902,0.995365,-1,epoch_35,0.995365
6972,18ZC5063.JPG,2,3406,2485,3514,2531,0.994632,-1,epoch_35,0.994632
6973,18ZC5063.JPG,2,3893,1545,3964,1607,0.994321,-1,epoch_35,0.994321
6974,18ZC5063.JPG,2,2851,1496,2972,1566,0.991945,-1,epoch_35,0.991945
6975,18ZC5063.JPG,2,650.4,312,674.4,356,0.989265,-1,epoch_35,0.989265
6976,18ZC5063.JPG,2,684,193.6,716.8,218.4,0.987648,-1,epoch_35,0.987648
6977,18ZC5063.JPG,2,1105.6,2143.2,1140.8,2163.2,0.987276,-1,epoch_35,0.987276
6978,18ZC5063.JPG,2,4604,1444,4686,1496,0.986524,-1,epoch_35,0.986524
6979,18ZC5063.JPG,2,3086,1796,3189,1872,0.985121,-1,epoch_35,0.985121
6980,18ZC5063.JPG,2,906,735,999,801,0.98428,-1,epoch_35,0.98428
6981,18ZC5063.JPG,2,2721.6,2959.2,2765.6,2996.8,0.983509,-1,epoch_35,0.983509
6982,18ZC5063.JPG,2,3504,3119,3557,3259,0.983313,-1,epoch_35,0.983313
6983,18ZC5063.JPG,2,1336.8,1000.8,1392,1029.6,0.982868,-1,epoch_35,0.982868
6984,18ZC5063.JPG,2,345.6,542.4,423.2,600.8,0.982399,-1,epoch_35,0.982399
6985,18ZC5063.JPG,2,2359.2,2362.4,2406.4,2396,0.982084,-1,epoch_35,0.982084
6986,18ZC5063.JPG,2,3307,2476,3382,2536,0.980664,-1,epoch_35,0.980664
6987,18ZC5063.JPG,2,1181.6,938.4,1219.2,976,0.980074,-1,epoch_35,0.980074
6988,18ZC5063.JPG,2,1439,1787,1514,1847,0.979554,-1,epoch_35,0.979554
6989,18ZC5063.JPG,2,1607.2,1490.4,1640,1518.4,0.977531,-1,epoch_35,0.977531
6990,18ZC5063.JPG,2,1075.2,1159.2,1116.8,1181.6,0.973548,-1,epoch_35,0.973548
6991,18ZC5063.JPG,2,1136,809,1208,874,0.9692,-1,epoch_35,0.9692
6992,18ZC5063.JPG,2,3153,1891,3224,1980,0.968063,-1,epoch_35,0.968063
6993,18ZC5063.JPG,2,863.2,192.8,898.4,239.2,0.967817,-1,epoch_35,0.967817
6994,18ZC5063.JPG,2,2647.2,2948.8,2681.6,2974.4,0.967272,-1,epoch_35,0.967272
6995,18ZC5063.JPG,2,3837,1824,3907,1902,0.967035,-1,epoch_35,0.967035
6996,18ZC5063.JPG,2,3609,2458,3687,2531,0.966896,-1,epoch_35,0.966896
6997,18ZC5063.JPG,2,655.2,100.8,711.2,136,0.966073,-1,epoch_35,0.966073
6998,18ZC5063.JPG,2,671.2,189.6,692.8,219.2,0.964121,-1,epoch_35,0.964121
6999,18ZC5063.JPG,2,3436.8,2790.4,3464.8,2825.6,0.958516,-1,epoch_35,0.958516
7000,18ZC5063.JPG,2,3854,1619,3923,1683,0.955461,-1,epoch_35,0.955461
7001,18ZC5063.JPG,2,4060,1989,4152,2045,0.955076,-1,epoch_35,0.955076
7002,18ZC5063.JPG,2,3906,1326,3959,1396,0.954308,-1,epoch_35,0.954308
7003,18ZC5063.JPG,2,3577,535,3670,589,0.95199,-1,epoch_35,0.95199
7004,18ZC5063.JPG,2,2777,1372,2871,1413,0.949482,-1,epoch_35,0.949482
7005,18ZC5063.JPG,2,2288,1337,2352,1395,0.949064,-1,epoch_35,0.949064
7006,18ZC5063.JPG,2,2634.4,2981.6,2682.4,3027.2,0.946976,-1,epoch_35,0.946976
7007,18ZC5063.JPG,2,1583,1645,1656,1740,0.943412,-1,epoch_35,0.943412
7008,18ZC5063.JPG,2,2598.4,2794.4,2644,2841.6,0.926698,-1,epoch_35,0.926698
7009,18ZC5063.JPG,2,1637,2175,1716,2290,0.912036,-1,epoch_35,0.912036
7010,18ZC5063.JPG,2,1549,1779,1611,1847,0.908668,-1,epoch_35,0.908668
7011,18ZC5063.JPG,2,4239,2193,4321,2273,0.908408,-1,epoch_35,0.908408
7012,18ZC5063.JPG,2,3819,1737,3891,1809,0.901988,-1,epoch_35,0.901988
7013,18ZC5063.JPG,2,1690,2003,1803,2076,0.898883,-1,epoch_35,0.898883
7014,18ZC5063.JPG,2,1196.8,880,1233.6,897.6,0.895526,-1,epoch_35,0.895526
7015,18ZC5063.JPG,2,3645,2539,3755,2606,0.894418,-1,epoch_35,0.894418
7016,18ZC5063.JPG,2,1750.4,2264.8,1792,2287.2,0.874332,-1,epoch_35,0.874332
7017,18ZC5063.JPG,2,4541,2947,4632,3022,0.867922,-1,epoch_35,0.867922
7018,18ZC5063.JPG,2,4188,2255,4258,2314,0.867714,-1,epoch_35,0.867714
7019,18ZC5063.JPG,2,3678,620,3799,689,0.857791,-1,epoch_35,0.857791
7020,18ZC5063.JPG,2,1799,433,1922,488,0.856506,-1,epoch_35,0.856506
7021,18ZC5063.JPG,2,3965,1340,4031,1428,0.848897,-1,epoch_35,0.848897
7022,18ZC5063.JPG,2,671.2,176.8,716,202.4,0.839316,-1,epoch_35,0.839316
7023,18ZC5063.JPG,2,1067,754,1151,796,0.838187,-1,epoch_35,0.838187
7024,18ZC5063.JPG,2,3722,2550,3799,2618,0.836864,-1,epoch_35,0.836864
7025,18ZC5063.JPG,2,409,286,494,373,0.835605,-1,epoch_35,0.835605
7026,18ZC5063.JPG,2,3817,1425,3911,1494,0.831956,-1,epoch_35,0.831956
7027,18ZC5063.JPG,2,823,1130,942,1192,0.827462,-1,epoch_35,0.827462
7028,18ZC5063.JPG,2,1502,2053,1624,2117,0.825425,-1,epoch_35,0.825425
7029,18ZC5063.JPG,2,1341.6,1019.2,1394.4,1040.8,0.81595,-1,epoch_35,0.81595
7030,18ZC5063.JPG,2,3499,2576,3585,2640,0.810363,-1,epoch_35,0.810363
7031,18ZC5063.JPG,2,3200,2232,3310,2323,0.806982,-1,epoch_35,0.806982
7032,18ZC5063.JPG,2,1098,1399,1144,1468,0.802277,-1,epoch_35,0.802277
7033,18ZC5063.JPG,2,2976,1615,3060,1703,0.801114,-1,epoch_35,0.801114
7034,18ZC5063.JPG,2,1020,1394.4,1073.6,1431.2,0.79783,-1,epoch_35,0.79783
7035,18ZC5063.JPG,2,3140,1375,3216,1432,0.795784,-1,epoch_35,0.795784
7036,18ZC5063.JPG,2,1656,1871,1755,1933,0.794456,-1,epoch_35,0.794456
7037,18ZC5063.JPG,2,3579,1857,3669,1928,0.788125,-1,epoch_35,0.788125
7038,18ZC5063.JPG,2,685.6,143.2,722.4,180.8,0.784006,-1,epoch_35,0.784006
7039,18ZC5063.JPG,2,4320,3064.8,4410.4,3146.4,0.781586,-1,epoch_35,0.781586
7040,18ZC5063.JPG,2,1440,2316.8,1446.4,2380.8,0.779855,-1,epoch_35,0.779855
7041,18ZC5063.JPG,2,1769,1421,1850,1509,0.772327,-1,epoch_35,0.772327
7042,18ZC5063.JPG,2,2137,1014,2236,1066,0.74835,-1,epoch_35,0.74835
7043,18ZC5063.JPG,2,4687,3022,4807,3071,0.746737,-1,epoch_35,0.746737
7044,18ZC5063.JPG,2,1164,873,1259,980,0.738397,-1,epoch_35,0.738397
7045,18ZC5063.JPG,2,2544,1595,2666,1646,0.732824,-1,epoch_35,0.732824
7046,18ZC5063.JPG,2,3121,920,3215,967,0.725403,-1,epoch_35,0.725403
7047,18ZC5063.JPG,2,4306,2298,4375,2362,0.72226,-1,epoch_35,0.72226
7048,18ZC5063.JPG,2,1527,2200,1603,2300,0.719087,-1,epoch_35,0.719087
7049,18ZC5063.JPG,2,1542,2260,1631,2317,0.718697,-1,epoch_35,0.718697
7050,18ZC5063.JPG,2,2641.6,2812,2676.8,2832.8,0.718689,-1,epoch_35,0.718689
7051,18ZC5063.JPG,2,1995.2,880,2024.8,901.6,0.703615,-1,epoch_35,0.703615
7052,18ZC5063.JPG,2,3197,3607,3298,3668,0.691998,-1,epoch_35,0.691998
7053,18ZC5063.JPG,2,3094,2251,3177,2328,0.686639,-1,epoch_35,0.686639
7054,18ZC5063.JPG,2,1654.4,296,1729.6,359.2,0.650196,-1,epoch_35,0.650196
7055,18ZC5063.JPG,2,1902,595,1971,659,0.641013,-1,epoch_35,0.641013
7056,18ZC5063.JPG,2,1595,1495,1688,1551,0.63988,-1,epoch_35,0.63988
7057,18ZC5063.JPG,2,546,691,623,772,0.639618,-1,epoch_35,0.639618
7058,18ZC5063.JPG,2,2519.2,2876,2561.6,2916,0.635354,-1,epoch_35,0.635354
7059,18ZC5063.JPG,2,3052,1730,3115,1804,0.611849,-1,epoch_35,0.611849
7060,18ZC5063.JPG,2,3354,2312,3450,2369,0.610253,-1,epoch_35,0.610253
7061,18ZC5063.JPG,2,655,211,759,268,0.598489,-1,epoch_35,0.598489
7062,18ZC5063.JPG,2,679.2,880,718.4,901.6,0.597413,-1,epoch_35,0.597413
7063,18ZC5063.JPG,2,2090.4,889.6,2156.8,961.6,0.583674,-1,epoch_35,0.583674
7064,18ZC5063.JPG,2,672,76.8,725.6,113.6,0.566304,-1,epoch_35,0.566304
7065,18ZC5063.JPG,2,3550,2568,3663,2641,0.557432,-1,epoch_35,0.557432
7066,18ZC5063.JPG,2,654,467,779,518,0.556761,-1,epoch_35,0.556761
7067,18ZC5063.JPG,2,3384,3648,3472,3701,0.553507,-1,epoch_35,0.553507
7068,18ZC5063.JPG,2,880,1038,941,1114,0.549055,-1,epoch_35,0.549055
7069,18ZC5063.JPG,2,3259,2629,3357,2680,0.54642,-1,epoch_35,0.54642
7070,18ZC5063.JPG,2,3039.2,1352,3065.6,1380,0.483119,-1,epoch_35,0.483119
7071,18ZC5063.JPG,2,1440,1238.4,1444.8,1277.6,0.458408,-1,epoch_35,0.458408
7072,18ZC5063.JPG,2,2740.8,2983.2,2761.6,2996.8,0.436756,-1,epoch_35,0.436756
7073,18ZC5063.JPG,2,1586.4,2379.2,1652.8,2398.4,0.330117,-1,epoch_35,0.330117
7074,18ZC5063.JPG,2,1379.2,0,1432.8,13.6001,0.304406,-1,epoch_35,0.304406
7075,18ZC5063.JPG,2,1736.8,1951.2,1767.2,1976,0.264886,-1,epoch_35,0.264886
7076,18ZC5063.JPG,2,3671.2,2651.2,3837.6,2731.2,0.260172,-1,epoch_35,0.260172
7077,18ZC5063.JPG,2,587.2,883.2,673.6,966.4,0.229953,-1,epoch_35,0.229953
7078,18ZC5063.JPG,2,629.6,452,682.4,482.4,0.228605,-1,epoch_35,0.228605
7079,18ZC5063.JPG,2,343.2,0,359.2,3.19995,0.182273,-1,epoch_35,0.182273
7080,18ZC5063.JPG,2,3472,3268.8,3497.6,3278.4,0.162077,-1,epoch_35,0.162077
7081,18ZC5063.JPG,2,2304,2394.4,2340,2399.2,0.153067,-1,epoch_35,0.153067
7082,18ZC5063.JPG,2,1387.2,1253.6,1442.4,1276,0.144537,-1,epoch_35,0.144537
7083,18ZC5063.JPG,2,1547.2,1841.6,1578.4,1855.2,0.139191,-1,epoch_35,0.139191
7084,18ZC5063.JPG,2,2400,2372.8,2406.4,2398.4,0.13571,-1,epoch_35,0.13571
7085,18ZC5063.JPG,2,1398.4,2385.6,1436,2398.4,0.121551,-1,epoch_35,0.121551
7086,18ZC5063.JPG,2,3136,2224,3176.8,2252.8,0.108675,-1,epoch_35,0.108675
7087,18ZC5063.JPG,2,1612,1512.8,1648,1518.4,0.103456,-1,epoch_35,0.103456
7088,18ZC5063.JPG,2,1532.8,2320.8,1544.8,2352.8,0.0923812,-1,epoch_35,0.0923812
7089,18ZC5063.JPG,2,1830.4,632.8,1874.4,638.4,0.0832188,-1,epoch_35,0.0832188
7090,18ZC5063.JPG,2,2664.8,2872.8,2691.2,2891.2,0.0818445,-1,epoch_35,0.0818445
7091,18ZC5063.JPG,2,1540.8,163.2,1544.8,178.4,0.0784834,-1,epoch_35,0.0784834
7092,18ZC5063.JPG,2,4104,3524.8,4222.4,3635.2,0.0751888,-1,epoch_35,0.0751888
7093,18ZC5063.JPG,2,1070.4,1770.4,1108,1803.2,0.07308,-1,epoch_35,0.07308
7094,18ZC5063.JPG,2,370.4,628.8,425.6,637.6,0.0510724,-1,epoch_35,0.0510724
7095,18ZC5063.JPG,2,1472.8,1155.2,1493.6,1202.4,0.0505222,-1,epoch_35,0.0505222
7096,18ZC5063.JPG,2,3748,1981.6,3822.4,2049.6,0.0502176,-1,epoch_35,0.0502176
7097,18ZC5064.JPG,3,3002.4,1924.8,3080.8,2015.2,1,-1,epoch_35,1
7098,18ZC5064.JPG,3,3310.4,1212,3366.4,1240.8,0.999999,-1,epoch_35,0.999999
7099,18ZC5064.JPG,3,303.2,901.6,381.6,958.4,0.999999,-1,epoch_35,0.999999
7100,18ZC5064.JPG,3,3265.6,1459.2,3342.4,1516,0.999999,-1,epoch_35,0.999999
7101,18ZC5064.JPG,3,3252,1416,3306.4,1500,0.999999,-1,epoch_35,0.999999
7102,18ZC5064.JPG,3,4012,3558.4,4089.6,3640.8,0.999998,-1,epoch_35,0.999998
7103,18ZC5064.JPG,3,2511.2,1243.2,2582.4,1320,0.999998,-1,epoch_35,0.999998
7104,18ZC5064.JPG,3,3346.4,1428,3413.6,1511.2,0.999998,-1,epoch_35,0.999998
7105,18ZC5064.JPG,3,1248.8,1349.6,1324,1442.4,0.999998,-1,epoch_35,0.999998
7106,18ZC5064.JPG,3,3815.2,2658.4,3855.2,2778.4,0.999998,-1,epoch_35,0.999998
7107,18ZC5064.JPG,3,1174.4,1353.6,1252,1497.6,0.999998,-1,epoch_35,0.999998
7108,18ZC5064.JPG,3,608.8,584,681.6,638.4,0.999998,-1,epoch_35,0.999998
7109,18ZC5064.JPG,3,4054.4,3684.8,4100.8,3772,0.999998,-1,epoch_35,0.999998
7110,18ZC5064.JPG,3,2438.4,2935.2,2470.4,2979.2,0.999997,-1,epoch_35,0.999997
7111,18ZC5064.JPG,3,255.2,960.8,342.4,1002.4,0.999997,-1,epoch_35,0.999997
7112,18ZC5064.JPG,3,590.4,1226.4,655.2,1302.4,0.999997,-1,epoch_35,0.999997
7113,18ZC5064.JPG,3,3404,1376.8,3462.4,1456,0.999997,-1,epoch_35,0.999997
7114,18ZC5064.JPG,3,697.6,85.6001,739.2,116.8,0.999997,-1,epoch_35,0.999997
7115,18ZC5064.JPG,3,360.8,933.6,416.8,1001.6,0.999996,-1,epoch_35,0.999996
7116,18ZC5064.JPG,3,2361.6,979.2,2439.2,1051.2,0.999996,-1,epoch_35,0.999996
7117,18ZC5064.JPG,3,3600.8,1794.4,3648,1848,0.999996,-1,epoch_35,0.999996
7118,18ZC5064.JPG,3,2504.8,2993.6,2553.6,3032,0.999996,-1,epoch_35,0.999996
7119,18ZC5064.JPG,3,3552,1446.4,3640,1496,0.999995,-1,epoch_35,0.999995
7120,18ZC5064.JPG,3,518.4,333.6,568,366.4,0.999995,-1,epoch_35,0.999995
7121,18ZC5064.JPG,3,3516,1392,3561.6,1472.8,0.999995,-1,epoch_35,0.999995
7122,18ZC5064.JPG,3,4025.6,3629.6,4089.6,3688.8,0.999994,-1,epoch_35,0.999994
7123,18ZC5064.JPG,3,2003.2,2120,2025.6,2162.4,0.999994,-1,epoch_35,0.999994
7124,18ZC5064.JPG,3,1834.4,2204,1878.4,2250.4,0.999994,-1,epoch_35,0.999994
7125,18ZC5064.JPG,3,2620,1134.4,2668,1236,0.999994,-1,epoch_35,0.999994
7126,18ZC5064.JPG,3,2781.6,2125.6,2831.2,2167.2,0.999993,-1,epoch_35,0.999993
7127,18ZC5064.JPG,3,3657.6,1265.6,3701.6,1319.2,0.999993,-1,epoch_35,0.999993
7128,18ZC5064.JPG,3,298.4,1035.2,380,1066.4,0.999993,-1,epoch_35,0.999993
7129,18ZC5064.JPG,3,2487.2,2917.6,2528,2969.6,0.999992,-1,epoch_35,0.999992
7130,18ZC5064.JPG,3,2655.2,1152.8,2704.8,1265.6,0.999992,-1,epoch_35,0.999992
7131,18ZC5064.JPG,3,2846.4,2068,2900,2138.4,0.99999,-1,epoch_35,0.99999
7132,18ZC5064.JPG,3,459.2,396,508.8,436.8,0.99999,-1,epoch_35,0.99999
7133,18ZC5064.JPG,3,3361.6,1364.8,3395.2,1405.6,0.999989,-1,epoch_35,0.999989
7134,18ZC5064.JPG,3,636.8,1233.6,708.8,1295.2,0.999989,-1,epoch_35,0.999989
7135,18ZC5064.JPG,3,3308,1407.2,3346.4,1489.6,0.999988,-1,epoch_35,0.999988
7136,18ZC5064.JPG,3,3488.8,1813.6,3574.4,1869.6,0.999988,-1,epoch_35,0.999988
7137,18ZC5064.JPG,3,2040.8,1928.8,2067.2,1973.6,0.999988,-1,epoch_35,0.999988
7138,18ZC5064.JPG,3,2899.2,2062.4,2992,2144,0.999988,-1,epoch_35,0.999988
7139,18ZC5064.JPG,3,416,1296.8,467.2,1373.6,0.999988,-1,epoch_35,0.999988
7140,18ZC5064.JPG,3,3552.8,1356,3619.2,1450.4,0.999988,-1,epoch_35,0.999988
7141,18ZC5064.JPG,3,2190.4,2352,2215.2,2398.4,0.999987,-1,epoch_35,0.999987
7142,18ZC5064.JPG,3,3124,1793.6,3163.2,1854.4,0.999987,-1,epoch_35,0.999987
7143,18ZC5064.JPG,3,2690.4,1324,2758.4,1448,0.999986,-1,epoch_35,0.999986
7144,18ZC5064.JPG,3,3377.6,1765.6,3402.4,1810.4,0.999986,-1,epoch_35,0.999986
7145,18ZC5064.JPG,3,2168.8,2082.4,2199.2,2137.6,0.999985,-1,epoch_35,0.999985
7146,18ZC5064.JPG,3,2812,3006.4,2836.8,3043.2,0.999985,-1,epoch_35,0.999985
7147,18ZC5064.JPG,3,576,266.4,607.2,311.2,0.999984,-1,epoch_35,0.999984
7148,18ZC5064.JPG,3,1203.2,1163.2,1228,1202.4,0.999984,-1,epoch_35,0.999984
7149,18ZC5064.JPG,3,2407.2,2377.6,2445.6,2399.2,0.999984,-1,epoch_35,0.999984
7150,18ZC5064.JPG,3,2918.4,880.8,2985.6,909.6,0.999984,-1,epoch_35,0.999984
7151,18ZC5064.JPG,3,3427.2,1344.8,3496.8,1379.2,0.999981,-1,epoch_35,0.999981
7152,18ZC5064.JPG,3,1715.2,1940.8,1742.4,1993.6,0.999981,-1,epoch_35,0.999981
7153,18ZC5064.JPG,3,2640.8,3197.6,2698.4,3237.6,0.99998,-1,epoch_35,0.99998
7154,18ZC5064.JPG,3,2100.8,2864,2126.4,2904,0.999979,-1,epoch_35,0.999979
7155,18ZC5064.JPG,3,1896,2148,1918.4,2199.2,0.999979,-1,epoch_35,0.999979
7156,18ZC5064.JPG,3,1190.4,1274.4,1243.2,1300.8,0.999977,-1,epoch_35,0.999977
7157,18ZC5064.JPG,3,2735.2,1485.6,2760.8,1518.4,0.999977,-1,epoch_35,0.999977
7158,18ZC5064.JPG,3,658.4,1316.8,704.8,1351.2,0.999974,-1,epoch_35,0.999974
7159,18ZC5064.JPG,3,656.8,144.8,704,175.2,0.999971,-1,epoch_35,0.999971
7160,18ZC5064.JPG,3,1993.6,2160,2024.8,2204,0.999971,-1,epoch_35,0.999971
7161,18ZC5064.JPG,3,182.4,376,224.8,430.4,0.999971,-1,epoch_35,0.999971
7162,18ZC5064.JPG,3,480,1255.2,530.4,1298.4,0.99997,-1,epoch_35,0.99997
7163,18ZC5064.JPG,3,1980,1813.6,2058.4,1868,0.99997,-1,epoch_35,0.99997
7164,18ZC5064.JPG,3,2484,1263.2,2534.4,1304,0.999969,-1,epoch_35,0.999969
7165,18ZC5064.JPG,3,3045.6,2301.6,3076,2341.6,0.999968,-1,epoch_35,0.999968
7166,18ZC5064.JPG,3,3479.2,1336.8,3551.2,1384,0.999967,-1,epoch_35,0.999967
7167,18ZC5064.JPG,3,2939.2,1860.8,2974.4,1912.8,0.999962,-1,epoch_35,0.999962
7168,18ZC5064.JPG,3,561.6,458.4,597.6,497.6,0.999962,-1,epoch_35,0.999962
7169,18ZC5064.JPG,3,3164,1447.2,3219.2,1516.8,0.999959,-1,epoch_35,0.999959
7170,18ZC5064.JPG,3,428.8,171.2,451.2,224.8,0.999958,-1,epoch_35,0.999958
7171,18ZC5064.JPG,3,560.8,194.4,603.2,236.8,0.999958,-1,epoch_35,0.999958
7172,18ZC5064.JPG,3,1556,1359.2,1594.4,1392.8,0.999957,-1,epoch_35,0.999957
7173,18ZC5064.JPG,3,2737.6,3122.4,2776,3154.4,0.999955,-1,epoch_35,0.999955
7174,18ZC5064.JPG,3,5408.8,3740.8,5474.4,3821.6,0.999953,-1,epoch_35,0.999953
7175,18ZC5064.JPG,3,2110.4,2236.8,2140.8,2266.4,0.999951,-1,epoch_35,0.999951
7176,18ZC5064.JPG,3,318.4,1113.6,379.2,1160.8,0.99995,-1,epoch_35,0.99995
7177,18ZC5064.JPG,3,2400,1042.4,2432.8,1093.6,0.999947,-1,epoch_35,0.999947
7178,18ZC5064.JPG,3,3628.8,1845.6,3659.2,1888.8,0.999946,-1,epoch_35,0.999946
7179,18ZC5064.JPG,3,497.6,138.4,518.4,171.2,0.999945,-1,epoch_35,0.999945
7180,18ZC5064.JPG,3,587.2,505.6,628,539.2,0.999944,-1,epoch_35,0.999944
7181,18ZC5064.JPG,3,604.8,248,647.2,276.8,0.999941,-1,epoch_35,0.999941
7182,18ZC5064.JPG,3,611.2,269.6,660.8,299.2,0.999939,-1,epoch_35,0.999939
7183,18ZC5064.JPG,3,271.2,1053.6,351.2,1122.4,0.999939,-1,epoch_35,0.999939
7184,18ZC5064.JPG,3,435.2,515.2,490.4,565.6,0.999938,-1,epoch_35,0.999938
7185,18ZC5064.JPG,3,525.6,284.8,558.4,334.4,0.999935,-1,epoch_35,0.999935
7186,18ZC5064.JPG,3,1073.6,1148.8,1108,1192.8,0.999934,-1,epoch_35,0.999934
7187,18ZC5064.JPG,3,652,117.6,676,156.8,0.999934,-1,epoch_35,0.999934
7188,18ZC5064.JPG,3,695.2,102.4,741.6,141.6,0.999933,-1,epoch_35,0.999933
7189,18ZC5064.JPG,3,2737.6,3138.4,2784.8,3170.4,0.999933,-1,epoch_35,0.999933
7190,18ZC5064.JPG,3,4486.4,2640,4581.6,2677.6,0.999931,-1,epoch_35,0.999931
7191,18ZC5064.JPG,3,485.6,1205.6,585.6,1246.4,0.999929,-1,epoch_35,0.999929
7192,18ZC5064.JPG,3,595.2,1175.2,657.6,1247.2,0.999927,-1,epoch_35,0.999927
7193,18ZC5064.JPG,3,2772.8,3520.8,2808.8,3549.6,0.999923,-1,epoch_35,0.999923
7194,18ZC5064.JPG,3,2216,2372.8,2260.8,2398.4,0.999922,-1,epoch_35,0.999922
7195,18ZC5064.JPG,3,3004.8,2159.2,3059.2,2241.6,0.999916,-1,epoch_35,0.999916
7196,18ZC5064.JPG,3,2137.6,2306.4,2172.8,2361.6,0.999902,-1,epoch_35,0.999902
7197,18ZC5064.JPG,3,1106.4,1217.6,1136,1266.4,0.999902,-1,epoch_35,0.999902
7198,18ZC5064.JPG,3,1156.8,1221.6,1183.2,1272,0.999901,-1,epoch_35,0.999901
7199,18ZC5064.JPG,3,2800.8,1065.6,2838.4,1112.8,0.9999,-1,epoch_35,0.9999
7200,18ZC5064.JPG,3,520,368,558.4,392,0.999898,-1,epoch_35,0.999898
7201,18ZC5064.JPG,3,2947.2,2196,3018.4,2272.8,0.999896,-1,epoch_35,0.999896
7202,18ZC5064.JPG,3,1004,1213.6,1048,1271.2,0.999895,-1,epoch_35,0.999895
7203,18ZC5064.JPG,3,481.6,252.8,516,310.4,0.999894,-1,epoch_35,0.999894
7204,18ZC5064.JPG,3,1561.6,1488.8,1597.6,1518.4,0.999892,-1,epoch_35,0.999892
7205,18ZC5064.JPG,3,2888.8,2130.4,2972.8,2192.8,0.999873,-1,epoch_35,0.999873
7206,18ZC5064.JPG,3,670.4,1812.8,726.4,1833.6,0.999852,-1,epoch_35,0.999852
7207,18ZC5064.JPG,3,2707.2,3069.6,2756,3094.4,0.999846,-1,epoch_35,0.999846
7208,18ZC5064.JPG,3,161.6,964,196.8,1009.6,0.999845,-1,epoch_35,0.999845
7209,18ZC5064.JPG,3,2228.8,2327.2,2254.4,2353.6,0.999842,-1,epoch_35,0.999842
7210,18ZC5064.JPG,3,1932.8,2184.8,1954.4,2238.4,0.999833,-1,epoch_35,0.999833
7211,18ZC5064.JPG,3,2528.8,1392,2548,1422.4,0.999809,-1,epoch_35,0.999809
7212,18ZC5064.JPG,3,3188,3744.8,3219.2,3780,0.999806,-1,epoch_35,0.999806
7213,18ZC5064.JPG,3,216.8,600,280.8,636.8,0.99978,-1,epoch_35,0.99978
7214,18ZC5064.JPG,3,2733.6,3070.4,2770.4,3108,0.999776,-1,epoch_35,0.999776
7215,18ZC5064.JPG,3,2085.6,2109.6,2110.4,2171.2,0.99977,-1,epoch_35,0.99977
7216,18ZC5064.JPG,3,1370.4,1919.2,1406.4,1948,0.999768,-1,epoch_35,0.999768
7217,18ZC5064.JPG,3,490.4,444.8,516.8,483.2,0.999757,-1,epoch_35,0.999757
7218,18ZC5064.JPG,3,366.4,326.4,415.2,353.6,0.999745,-1,epoch_35,0.999745
7219,18ZC5064.JPG,3,2611.2,2819.2,2648.8,2842.4,0.999744,-1,epoch_35,0.999744
7220,18ZC5064.JPG,3,1075.2,1195.2,1102.4,1249.6,0.999729,-1,epoch_35,0.999729
7221,18ZC5064.JPG,3,500,576.8,532,636.8,0.999681,-1,epoch_35,0.999681
7222,18ZC5064.JPG,3,2708.8,3048,2753.6,3079.2,0.999657,-1,epoch_35,0.999657
7223,18ZC5064.JPG,3,878.4,1012,958.4,1070.4,0.999635,-1,epoch_35,0.999635
7224,18ZC5064.JPG,3,2560.8,2093.6,2614.4,2115.2,0.999635,-1,epoch_35,0.999635
7225,18ZC5064.JPG,3,3228,3801.6,3255.2,3828.8,0.999617,-1,epoch_35,0.999617
7226,18ZC5064.JPG,3,419.2,380.8,444,422.4,0.99959,-1,epoch_35,0.99959
7227,18ZC5064.JPG,3,1484.8,1959.2,1526.4,2047.2,0.999549,-1,epoch_35,0.999549
7228,18ZC5064.JPG,3,534.4,1184,570.4,1220,0.999548,-1,epoch_35,0.999548
7229,18ZC5064.JPG,3,1899.2,2204.8,1938.4,2260,0.999482,-1,epoch_35,0.999482
7230,18ZC5064.JPG,3,337.6,1349.6,388.8,1441.6,0.999418,-1,epoch_35,0.999418
7231,18ZC5064.JPG,3,747.2,2096.8,802.4,2136,0.999382,-1,epoch_35,0.999382
7232,18ZC5064.JPG,3,2225.6,2774.4,2256,2830.4,0.99938,-1,epoch_35,0.99938
7233,18ZC5064.JPG,3,177.6,1016,244,1065.6,0.999367,-1,epoch_35,0.999367
7234,18ZC5064.JPG,3,67.2,1760.8,132.8,1811.2,0.999351,-1,epoch_35,0.999351
7235,18ZC5064.JPG,3,3132.8,1766.4,3186.4,1812.8,0.999348,-1,epoch_35,0.999348
7236,18ZC5064.JPG,3,1606.4,1318.4,1634.4,1378.4,0.99926,-1,epoch_35,0.99926
7237,18ZC5064.JPG,3,687.2,1408,706.4,1432.8,0.999257,-1,epoch_35,0.999257
7238,18ZC5064.JPG,3,1585.6,1404.8,1629.6,1437.6,0.999235,-1,epoch_35,0.999235
7239,18ZC5064.JPG,3,537.6,1298.4,600.8,1366.4,0.999234,-1,epoch_35,0.999234
7240,18ZC5064.JPG,3,1124.8,1380,1166.4,1408,0.999224,-1,epoch_35,0.999224
7241,18ZC5064.JPG,3,3451.2,1811.2,3464.8,1866.4,0.999201,-1,epoch_35,0.999201
7242,18ZC5064.JPG,3,1915.2,2180,1939.2,2228.8,0.999191,-1,epoch_35,0.999191
7243,18ZC5064.JPG,3,550.4,399.2,592,436,0.99914,-1,epoch_35,0.99914
7244,18ZC5064.JPG,3,1567,1698,1641,1769,0.99907,-1,epoch_35,0.99907
7245,18ZC5064.JPG,3,3053.6,2156.8,3081.6,2204,0.999047,-1,epoch_35,0.999047
7246,18ZC5064.JPG,3,1954.4,2231.2,1993.6,2266.4,0.999009,-1,epoch_35,0.999009
7247,18ZC5064.JPG,3,1942.4,2114.4,1972.8,2147.2,0.998921,-1,epoch_35,0.998921
7248,18ZC5064.JPG,3,412.8,211.2,442.4,234.4,0.998533,-1,epoch_35,0.998533
7249,18ZC5064.JPG,3,2665.6,2994.4,2692,3046.4,0.998426,-1,epoch_35,0.998426
7250,18ZC5064.JPG,3,2848.8,3214.4,2908.8,3246.4,0.998359,-1,epoch_35,0.998359
7251,18ZC5064.JPG,3,2848,3180.8,2902.4,3210.4,0.998207,-1,epoch_35,0.998207
7252,18ZC5064.JPG,3,1748,1299,1822,1343,0.998191,-1,epoch_35,0.998191
7253,18ZC5064.JPG,3,480,529.6,499.2,564,0.998124,-1,epoch_35,0.998124
7254,18ZC5064.JPG,3,380,1290.4,432,1320.8,0.998111,-1,epoch_35,0.998111
7255,18ZC5064.JPG,3,3515.2,1485.6,3611.2,1518.4,0.99806,-1,epoch_35,0.99806
7256,18ZC5064.JPG,3,1232,1300,1264.8,1350.4,0.997837,-1,epoch_35,0.997837
7257,18ZC5064.JPG,3,2988.8,896.8,3011.2,929.6,0.997676,-1,epoch_35,0.997676
7258,18ZC5064.JPG,3,821.6,1356,876.8,1440,0.997481,-1,epoch_35,0.997481
7259,18ZC5064.JPG,3,1555.2,1409.6,1579.2,1450.4,0.996635,-1,epoch_35,0.996635
7260,18ZC5064.JPG,3,3396,1327.2,3424,1365.6,0.996595,-1,epoch_35,0.996595
7261,18ZC5064.JPG,3,1133,1603,1223,1675,0.996559,-1,epoch_35,0.996559
7262,18ZC5064.JPG,3,477.6,58.3999,503.2,92,0.996451,-1,epoch_35,0.996451
7263,18ZC5064.JPG,3,254.4,1134.4,360,1187.2,0.996089,-1,epoch_35,0.996089
7264,18ZC5064.JPG,3,3114,1610,3212,1676,0.99591,-1,epoch_35,0.99591
7265,18ZC5064.JPG,3,2534,1728,2624,1774,0.995897,-1,epoch_35,0.995897
7266,18ZC5064.JPG,3,662.4,1866.4,691.2,1911.2,0.995821,-1,epoch_35,0.995821
7267,18ZC5064.JPG,3,2489.6,1320,2504.8,1352.8,0.995587,-1,epoch_35,0.995587
7268,18ZC5064.JPG,3,1562.4,1760.8,1630.4,1800,0.995575,-1,epoch_35,0.995575
7269,18ZC5064.JPG,3,2180.8,2071.2,2205.6,2095.2,0.995376,-1,epoch_35,0.995376
7270,18ZC5064.JPG,3,264,1182.4,356.8,1213.6,0.994919,-1,epoch_35,0.994919
7271,18ZC5064.JPG,3,960,1904,995.2,1983.2,0.994748,-1,epoch_35,0.994748
7272,18ZC5064.JPG,3,2061.6,2897.6,2148.8,2947.2,0.99438,-1,epoch_35,0.99438
7273,18ZC5064.JPG,3,2083.2,2682.4,2126.4,2706.4,0.9943,-1,epoch_35,0.9943
7274,18ZC5064.JPG,3,2585.6,2796.8,2625.6,2823.2,0.993985,-1,epoch_35,0.993985
7275,18ZC5064.JPG,3,466.4,239.2,499.2,275.2,0.993397,-1,epoch_35,0.993397
7276,18ZC5064.JPG,3,513.6,240,558.4,272,0.992959,-1,epoch_35,0.992959
7277,18ZC5064.JPG,3,533.6,442.4,584.8,465.6,0.992653,-1,epoch_35,0.992653
7278,18ZC5064.JPG,3,1569.6,1404.8,1592,1433.6,0.992304,-1,epoch_35,0.992304
7279,18ZC5064.JPG,3,4608,3112,4716,3171,0.992055,-1,epoch_35,0.992055
7280,18ZC5064.JPG,3,510.4,227.2,548,252,0.991515,-1,epoch_35,0.991515
7281,18ZC5064.JPG,3,5214,2832,5327,2896,0.991099,-1,epoch_35,0.991099
7282,18ZC5064.JPG,3,704.8,152.8,738.4,192.8,0.99096,-1,epoch_35,0.99096
7283,18ZC5064.JPG,3,1563.2,1444,1592.8,1476,0.989688,-1,epoch_35,0.989688
7284,18ZC5064.JPG,3,2677,3262,2757,3315,0.98898,-1,epoch_35,0.98898
7285,18ZC5064.JPG,3,5082,2736,5212,2790,0.988902,-1,epoch_35,0.988902
7286,18ZC5064.JPG,3,3278,1690,3389,1756,0.988617,-1,epoch_35,0.988617
7287,18ZC5064.JPG,3,221,121,317,202,0.988342,-1,epoch_35,0.988342
7288,18ZC5064.JPG,3,2431.2,3227.2,2468.8,3248.8,0.987334,-1,epoch_35,0.987334
7289,18ZC5064.JPG,3,1351,1410,1416,1475,0.986593,-1,epoch_35,0.986593
7290,18ZC5064.JPG,3,2859.2,2179.2,2934.4,2235.2,0.985352,-1,epoch_35,0.985352
7291,18ZC5064.JPG,3,264,984.8,354.4,1035.2,0.985315,-1,epoch_35,0.985315
7292,18ZC5064.JPG,3,456,1281.6,506.4,1370.4,0.985071,-1,epoch_35,0.985071
7293,18ZC5064.JPG,3,4354,3691,4462,3754,0.983337,-1,epoch_35,0.983337
7294,18ZC5064.JPG,3,2229.6,2352.8,2263.2,2376,0.983236,-1,epoch_35,0.983236
7295,18ZC5064.JPG,3,2145.6,2169.6,2193.6,2191.2,0.983004,-1,epoch_35,0.983004
7296,18ZC5064.JPG,3,3046,2408,3146,2461,0.981892,-1,epoch_35,0.981892
7297,18ZC5064.JPG,3,3103.2,3667.2,3152.8,3709.6,0.980433,-1,epoch_35,0.980433
7298,18ZC5064.JPG,3,3545,2433,3605,2491,0.979723,-1,epoch_35,0.979723
7299,18ZC5064.JPG,3,1992.8,1936,2020.8,1968,0.978424,-1,epoch_35,0.978424
7300,18ZC5064.JPG,3,3105.6,1368,3145.6,1401.6,0.977996,-1,epoch_35,0.977996
7301,18ZC5064.JPG,3,3185.6,3790.4,3211.2,3821.6,0.9772,-1,epoch_35,0.9772
7302,18ZC5064.JPG,3,895.2,1862.4,934.4,1881.6,0.976855,-1,epoch_35,0.976855
7303,18ZC5064.JPG,3,3222.4,1489.6,3256,1517.6,0.97601,-1,epoch_35,0.97601
7304,18ZC5064.JPG,3,2600,2949.6,2659.2,2969.6,0.975909,-1,epoch_35,0.975909
7305,18ZC5064.JPG,3,631.2,1860,660.8,1885.6,0.975295,-1,epoch_35,0.975295
7306,18ZC5064.JPG,3,536,576,572,612.8,0.975237,-1,epoch_35,0.975237
7307,18ZC5064.JPG,3,1064,301,1130,361,0.974971,-1,epoch_35,0.974971
7308,18ZC5064.JPG,3,1241,1658,1394,1751,0.971729,-1,epoch_35,0.971729
7309,18ZC5064.JPG,3,181,1197,290,1254,0.970096,-1,epoch_35,0.970096
7310,18ZC5064.JPG,3,1933.6,2013.6,1972,2048.8,0.969989,-1,epoch_35,0.969989
7311,18ZC5064.JPG,3,2135.2,2026.4,2184,2054.4,0.969831,-1,epoch_35,0.969831
7312,18ZC5064.JPG,3,1163,1263,1253,1330,0.968824,-1,epoch_35,0.968824
7313,18ZC5064.JPG,3,480,881.6,498.4,921.6,0.968191,-1,epoch_35,0.968191
7314,18ZC5064.JPG,3,488,13.6001,524,50.3999,0.965974,-1,epoch_35,0.965974
7315,18ZC5064.JPG,3,523.2,79.2,553.6,144.8,0.965901,-1,epoch_35,0.965901
7316,18ZC5064.JPG,3,581.6,587.2,610.4,627.2,0.965609,-1,epoch_35,0.965609
7317,18ZC5064.JPG,3,2545,2593,2607,2676,0.964744,-1,epoch_35,0.964744
7318,18ZC5064.JPG,3,528,459.2,580.8,484.8,0.964711,-1,epoch_35,0.964711
7319,18ZC5064.JPG,3,3356,1763.2,3384,1832.8,0.963567,-1,epoch_35,0.963567
7320,18ZC5064.JPG,3,507.2,190.4,531.2,220,0.962735,-1,epoch_35,0.962735
7321,18ZC5064.JPG,3,2576,2799,2648,2866,0.961657,-1,epoch_35,0.961657
7322,18ZC5064.JPG,3,3092,2101.6,3126.4,2148,0.961308,-1,epoch_35,0.961308
7323,18ZC5064.JPG,3,1958.4,2323.2,2001.6,2348,0.959307,-1,epoch_35,0.959307
7324,18ZC5064.JPG,3,2915,883,3005,971,0.958159,-1,epoch_35,0.958159
7325,18ZC5064.JPG,3,692,1916.8,730.4,1939.2,0.956092,-1,epoch_35,0.956092
7326,18ZC5064.JPG,3,1814.4,2028.8,1833.6,2065.6,0.950427,-1,epoch_35,0.950427
7327,18ZC5064.JPG,3,1402,2012,1501,2080,0.949685,-1,epoch_35,0.949685
7328,18ZC5064.JPG,3,2696.8,3262.4,2755.2,3279.2,0.947361,-1,epoch_35,0.947361
7329,18ZC5064.JPG,3,446.4,89.6001,474.4,116,0.946012,-1,epoch_35,0.946012
7330,18ZC5064.JPG,3,3565.6,1296,3618.4,1356.8,0.944897,-1,epoch_35,0.944897
7331,18ZC5064.JPG,3,543.2,348,580.8,385.6,0.944121,-1,epoch_35,0.944121
7332,18ZC5064.JPG,3,690.4,196.8,717.6,244.8,0.942561,-1,epoch_35,0.942561
7333,18ZC5064.JPG,3,531,692,611,759,0.939301,-1,epoch_35,0.939301
7334,18ZC5064.JPG,3,4014,1853,4090,1910,0.936929,-1,epoch_35,0.936929
7335,18ZC5064.JPG,3,1805,2418,1924,2484,0.936716,-1,epoch_35,0.936716
7336,18ZC5064.JPG,3,439,697,513,769,0.930908,-1,epoch_35,0.930908
7337,18ZC5064.JPG,3,635.2,172,672.8,211.2,0.930308,-1,epoch_35,0.930308
7338,18ZC5064.JPG,3,2135,2168,2216,2231,0.929882,-1,epoch_35,0.929882
7339,18ZC5064.JPG,3,2916,2303,3044,2361,0.928091,-1,epoch_35,0.928091
7340,18ZC5064.JPG,3,1135.2,1129.6,1161.6,1153.6,0.928066,-1,epoch_35,0.928066
7341,18ZC5064.JPG,3,496,818,607,879,0.926373,-1,epoch_35,0.926373
7342,18ZC5064.JPG,3,3160.8,3668.8,3200.8,3706.4,0.924025,-1,epoch_35,0.924025
7343,18ZC5064.JPG,3,2502.4,1413.6,2599.2,1515.2,0.919898,-1,epoch_35,0.919898
7344,18ZC5064.JPG,3,149.6,271.2,184.8,292,0.915438,-1,epoch_35,0.915438
7345,18ZC5064.JPG,3,2156,2521,2228,2626,0.913668,-1,epoch_35,0.913668
7346,18ZC5064.JPG,3,2080,2985,2181,3047,0.909465,-1,epoch_35,0.909465
7347,18ZC5064.JPG,3,520.8,142.4,559.2,183.2,0.909455,-1,epoch_35,0.909455
7348,18ZC5064.JPG,3,1257,1557,1330,1638,0.909175,-1,epoch_35,0.909175
7349,18ZC5064.JPG,3,2234.4,2392,2277.6,2398.4,0.906664,-1,epoch_35,0.906664
7350,18ZC5064.JPG,3,1426,1695,1507,1754,0.905139,-1,epoch_35,0.905139
7351,18ZC5064.JPG,3,2691,265,2773,317,0.904526,-1,epoch_35,0.904526
7352,18ZC5064.JPG,3,812,1893,866,1973,0.903103,-1,epoch_35,0.903103
7353,18ZC5064.JPG,3,785,765,894,832,0.901415,-1,epoch_35,0.901415
7354,18ZC5064.JPG,3,5415,3532,5470,3602,0.892416,-1,epoch_35,0.892416
7355,18ZC5064.JPG,3,848.8,1326.4,877.6,1360,0.892232,-1,epoch_35,0.892232
7356,18ZC5064.JPG,3,2878,3427,2957,3486,0.891483,-1,epoch_35,0.891483
7357,18ZC5064.JPG,3,548,1355.2,624,1418.4,0.890777,-1,epoch_35,0.890777
7358,18ZC5064.JPG,3,3212,2562,3276,2634,0.887456,-1,epoch_35,0.887456
7359,18ZC5064.JPG,3,1623,2113,1696,2179,0.886428,-1,epoch_35,0.886428
7360,18ZC5064.JPG,3,1967,2487,2032,2560,0.882199,-1,epoch_35,0.882199
7361,18ZC5064.JPG,3,2863,1511,2961,1583,0.87619,-1,epoch_35,0.87619
7362,18ZC5064.JPG,3,5012,2646,5151,2706,0.873822,-1,epoch_35,0.873822
7363,18ZC5064.JPG,3,2214,2269,2299,2323,0.870893,-1,epoch_35,0.870893
7364,18ZC5064.JPG,3,576,1638,678,1698,0.870782,-1,epoch_35,0.870782
7365,18ZC5064.JPG,3,200,907,302,965,0.862113,-1,epoch_35,0.862113
7366,18ZC5064.JPG,3,153,821,273,891,0.859823,-1,epoch_35,0.859823
7367,18ZC5064.JPG,3,3659,2054,3735,2107,0.856027,-1,epoch_35,0.856027
7368,18ZC5064.JPG,3,697.6,1432.8,724.8,1456.8,0.855766,-1,epoch_35,0.855766
7369,18ZC5064.JPG,3,193,658,302,730,0.854385,-1,epoch_35,0.854385
7370,18ZC5064.JPG,3,2178.4,2342.4,2203.2,2373.6,0.853748,-1,epoch_35,0.853748
7371,18ZC5064.JPG,3,325.6,992.8,438.4,1038.4,0.851978,-1,epoch_35,0.851978
7372,18ZC5064.JPG,3,1728,1923,1792,1987,0.851671,-1,epoch_35,0.851671
7373,18ZC5064.JPG,3,2971,1642,3066,1717,0.84444,-1,epoch_35,0.84444
7374,18ZC5064.JPG,3,3119,1738,3241,1788,0.844033,-1,epoch_35,0.844033
7375,18ZC5064.JPG,3,3360,1216,3365.6,1240,0.840242,-1,epoch_35,0.840242
7376,18ZC5064.JPG,3,548,153.6,580.8,177.6,0.838814,-1,epoch_35,0.838814
7377,18ZC5064.JPG,3,2681.6,2929.6,2708,2970.4,0.834848,-1,epoch_35,0.834848
7378,18ZC5064.JPG,3,524,385.6,553.6,414.4,0.834168,-1,epoch_35,0.834168
7379,18ZC5064.JPG,3,1926.4,2156.8,1970.4,2187.2,0.82932,-1,epoch_35,0.82932
7380,18ZC5064.JPG,3,500.8,631.2,544.8,638.4,0.82434,-1,epoch_35,0.82434
7381,18ZC5064.JPG,3,960,1268.8,967.2,1292,0.819142,-1,epoch_35,0.819142
7382,18ZC5064.JPG,3,3111,2473,3215,2529,0.817301,-1,epoch_35,0.817301
7383,18ZC5064.JPG,3,471,1518,589,1590,0.805627,-1,epoch_35,0.805627
7384,18ZC5064.JPG,3,4334,3601,4390,3663,0.80295,-1,epoch_35,0.80295
7385,18ZC5064.JPG,3,402.4,137.6,434.4,165.6,0.801778,-1,epoch_35,0.801778
7386,18ZC5064.JPG,3,1549,1332,1637,1454,0.801084,-1,epoch_35,0.801084
7387,18ZC5064.JPG,3,4628,3568,4709,3629,0.800544,-1,epoch_35,0.800544
7388,18ZC5064.JPG,3,2901,783,2981,857,0.7976,-1,epoch_35,0.7976
7389,18ZC5064.JPG,3,2215,2402,2305,2459,0.796883,-1,epoch_35,0.796883
7390,18ZC5064.JPG,3,3421.6,1366.4,3496,1416,0.790759,-1,epoch_35,0.790759
7391,18ZC5064.JPG,3,362,1585,461,1651,0.789045,-1,epoch_35,0.789045
7392,18ZC5064.JPG,3,349,327,425,418,0.788621,-1,epoch_35,0.788621
7393,18ZC5064.JPG,3,278,720,367,777,0.786178,-1,epoch_35,0.786178
7394,18ZC5064.JPG,3,1648.8,2236,1684.8,2262.4,0.785912,-1,epoch_35,0.785912
7395,18ZC5064.JPG,3,2119,1958,2212,2016,0.784985,-1,epoch_35,0.784985
7396,18ZC5064.JPG,3,1509,805,1619,850,0.784195,-1,epoch_35,0.784195
7397,18ZC5064.JPG,3,2925,839,3016,879,0.773318,-1,epoch_35,0.773318
7398,18ZC5064.JPG,3,621.6,409.6,644,454.4,0.771871,-1,epoch_35,0.771871
7399,18ZC5064.JPG,3,2696.8,3118.4,2732,3154.4,0.769962,-1,epoch_35,0.769962
7400,18ZC5064.JPG,3,2160,2336,2235,2407,0.76077,-1,epoch_35,0.76077
7401,18ZC5064.JPG,3,249.6,1240.8,321.6,1290.4,0.743369,-1,epoch_35,0.743369
7402,18ZC5064.JPG,3,2854.4,3203.2,2905.6,3221.6,0.694939,-1,epoch_35,0.694939
7403,18ZC5064.JPG,3,480.8,220.8,515.2,255.2,0.694591,-1,epoch_35,0.694591
7404,18ZC5064.JPG,3,2880,1503.2,2966.4,1519.2,0.689726,-1,epoch_35,0.689726
7405,18ZC5064.JPG,3,2736,2959.2,2774.4,2990.4,0.665706,-1,epoch_35,0.665706
7406,18ZC5064.JPG,3,794.4,1414.4,820.8,1436,0.661068,-1,epoch_35,0.661068
7407,18ZC5064.JPG,3,1462.4,1920,1525.6,2000.8,0.643959,-1,epoch_35,0.643959
7408,18ZC5064.JPG,3,1441.6,1984.8,1464,2020,0.632655,-1,epoch_35,0.632655
7409,18ZC5064.JPG,3,527.2,4.80005,575.2,33.6001,0.628992,-1,epoch_35,0.628992
7410,18ZC5064.JPG,3,3484,1475.2,3506.4,1515.2,0.608021,-1,epoch_35,0.608021
7411,18ZC5064.JPG,3,560,524.8,583.2,566.4,0.604443,-1,epoch_35,0.604443
7412,18ZC5064.JPG,3,1415.2,1932.8,1458.4,2012.8,0.60201,-1,epoch_35,0.60201
7413,18ZC5064.JPG,3,2495.2,1094.4,2532.8,1115.2,0.591599,-1,epoch_35,0.591599
7414,18ZC5064.JPG,3,466.4,441.6,497.6,462.4,0.584366,-1,epoch_35,0.584366
7415,18ZC5064.JPG,3,3093.6,3804.8,3121.6,3818.4,0.576762,-1,epoch_35,0.576762
7416,18ZC5064.JPG,3,3110.4,3808,3138.4,3836,0.562349,-1,epoch_35,0.562349
7417,18ZC5064.JPG,3,249.6,1343.2,315.2,1388,0.553389,-1,epoch_35,0.553389
7418,18ZC5064.JPG,3,964.8,1112.8,1008,1159.2,0.538835,-1,epoch_35,0.538835
7419,18ZC5064.JPG,3,1974.4,1835.2,2024,1893.6,0.53809,-1,epoch_35,0.53809
7420,18ZC5064.JPG,3,531.2,0,561.6,11.2,0.510047,-1,epoch_35,0.510047
7421,18ZC5064.JPG,3,723.2,1884.8,756,1911.2,0.508613,-1,epoch_35,0.508613
7422,18ZC5064.JPG,3,3031.2,2115.2,3063.2,2144.8,0.506431,-1,epoch_35,0.506431
7423,18ZC5064.JPG,3,544,383.2,584.8,403.2,0.472005,-1,epoch_35,0.472005
7424,18ZC5064.JPG,3,2933.6,2068.8,2983.2,2106.4,0.436797,-1,epoch_35,0.436797
7425,18ZC5064.JPG,3,386.4,266.4,416,302.4,0.416755,-1,epoch_35,0.416755
7426,18ZC5064.JPG,3,346.4,1288,370.4,1321.6,0.401697,-1,epoch_35,0.401697
7427,18ZC5064.JPG,3,960,1116.8,976,1188,0.399231,-1,epoch_35,0.399231
7428,18ZC5064.JPG,3,2938.4,2238.4,2958.4,2270.4,0.398823,-1,epoch_35,0.398823
7429,18ZC5064.JPG,3,1599.2,1437.6,1624.8,1478.4,0.361877,-1,epoch_35,0.361877
7430,18ZC5064.JPG,3,3852.8,3681.6,3876.8,3723.2,0.320586,-1,epoch_35,0.320586
7431,18ZC5064.JPG,3,1826.4,2020,1844,2064,0.30401,-1,epoch_35,0.30401
7432,18ZC5064.JPG,3,3142.4,1760,3224,1771.2,0.301854,-1,epoch_35,0.301854
7433,18ZC5064.JPG,3,3368,1506.4,3397.6,1518.4,0.29931,-1,epoch_35,0.29931
7434,18ZC5064.JPG,3,475.2,175.2,512.8,200,0.29115,-1,epoch_35,0.29115
7435,18ZC5064.JPG,3,2498.4,1452.8,2504.8,1488.8,0.284834,-1,epoch_35,0.284834
7436,18ZC5064.JPG,3,1136.8,2700.8,1165.6,2726.4,0.265314,-1,epoch_35,0.265314
7437,18ZC5064.JPG,3,2018.4,2160,2024.8,2203.2,0.258784,-1,epoch_35,0.258784
7438,18ZC5064.JPG,3,2176,2050.4,2220,2074.4,0.242069,-1,epoch_35,0.242069
7439,18ZC5064.JPG,3,3584,1502.4,3623.2,1519.2,0.230161,-1,epoch_35,0.230161
7440,18ZC5064.JPG,3,1532,1843.2,1544.8,1872,0.2269,-1,epoch_35,0.2269
7441,18ZC5064.JPG,3,788.8,1499.2,852,1518.4,0.201152,-1,epoch_35,0.201152
7442,18ZC5064.JPG,3,3504,1461.6,3539.2,1501.6,0.191807,-1,epoch_35,0.191807
7443,18ZC5064.JPG,3,2190.4,2392.8,2233.6,2399.2,0.187335,-1,epoch_35,0.187335
7444,18ZC5064.JPG,3,3360,2800.8,3366.4,2819.2,0.181766,-1,epoch_35,0.181766
7445,18ZC5064.JPG,3,2150.4,2703.2,2248.8,2757.6,0.179574,-1,epoch_35,0.179574
7446,18ZC5064.JPG,3,1546.4,1384.8,1596.8,1408,0.177815,-1,epoch_35,0.177815
7447,18ZC5064.JPG,3,1654.4,1852.8,1697.6,1892.8,0.170586,-1,epoch_35,0.170586
7448,18ZC5064.JPG,3,1148,2640,1187.2,2644,0.164434,-1,epoch_35,0.164434
7449,18ZC5064.JPG,3,480,1439.2,485.6,1466.4,0.155989,-1,epoch_35,0.155989
7450,18ZC5064.JPG,3,438.4,1191.2,477.6,1218.4,0.146864,-1,epoch_35,0.146864
7451,18ZC5064.JPG,3,3232,1406.4,3268.8,1436.8,0.130088,-1,epoch_35,0.130088
7452,18ZC5064.JPG,3,3840.8,2695.2,3856.8,2734.4,0.128986,-1,epoch_35,0.128986
7453,18ZC5064.JPG,3,2164.8,2364.8,2196,2388.8,0.117271,-1,epoch_35,0.117271
7454,18ZC5064.JPG,3,1589.6,2683.2,1626.4,2715.2,0.113033,-1,epoch_35,0.113033
7455,18ZC5064.JPG,3,363.2,24.8,408,59.2,0.111538,-1,epoch_35,0.111538
7456,18ZC5064.JPG,3,798.4,1828,833.6,1877.6,0.110661,-1,epoch_35,0.110661
7457,18ZC5064.JPG,3,730.4,198.4,754.4,219.2,0.0991642,-1,epoch_35,0.0991642
7458,18ZC5064.JPG,3,3240,1512.8,3275.2,1518.4,0.0985731,-1,epoch_35,0.0985731
7459,18ZC5064.JPG,3,651.2,445.6,685.6,491.2,0.0970505,-1,epoch_35,0.0970505
7460,18ZC5064.JPG,3,511.2,1400.8,547.2,1424,0.0940153,-1,epoch_35,0.0940153
7461,18ZC5064.JPG,3,2020.8,1880.8,2025.6,1899.2,0.0890803,-1,epoch_35,0.0890803
7462,18ZC5064.JPG,3,2018.4,2315.2,2024.8,2324.8,0.0882515,-1,epoch_35,0.0882515
7463,18ZC5064.JPG,3,1586.4,1512.8,1631.2,1519.2,0.0853963,-1,epoch_35,0.0853963
7464,18ZC5064.JPG,3,2544,1424,2580.8,1452,0.0832711,-1,epoch_35,0.0832711
7465,18ZC5064.JPG,3,231.2,1209.6,331.2,1262.4,0.0827321,-1,epoch_35,0.0827321
7466,18ZC5064.JPG,3,1572.8,2753.6,1608,2771.2,0.0815382,-1,epoch_35,0.0815382
7467,18ZC5064.JPG,3,3196.8,3784.8,3228.8,3801.6,0.0806422,-1,epoch_35,0.0806422
7468,18ZC5064.JPG,3,1079.2,1188,1132.8,1212.8,0.076619,-1,epoch_35,0.076619
7469,18ZC5064.JPG,3,1652.8,2273.6,1670.4,2290.4,0.0677653,-1,epoch_35,0.0677653
7470,18ZC5064.JPG,3,763.2,1176.8,785.6,1220.8,0.0658036,-1,epoch_35,0.0658036
7471,18ZC5064.JPG,3,2182.4,2640,2215.2,2644.8,0.0654112,-1,epoch_35,0.0654112
7472,18ZC5064.JPG,3,480,138.4,489.6,150.4,0.0574547,-1,epoch_35,0.0574547
7473,18ZC5064.JPG,3,1852,2055.2,1868,2080.8,0.0564189,-1,epoch_35,0.0564189
7474,18ZC5064.JPG,3,2880,2155.2,2888,2244.8,0.0544157,-1,epoch_35,0.0544157
7475,18ZC5064.JPG,3,3360,1508,3372,1518.4,0.0532614,-1,epoch_35,0.0532614
7476,18ZC5757.JPG,4,3376.8,3625.6,3484.8,3714.4,1,-1,epoch_35,1
7477,18ZC5757.JPG,4,3116.8,3584,3204,3676.8,1,-1,epoch_35,1
7478,18ZC5757.JPG,4,3843.2,3752,3944.8,3808,0.999999,-1,epoch_35,0.999999
7479,18ZC5757.JPG,4,3047.2,1003.2,3102.4,1043.2,0.999999,-1,epoch_35,0.999999
7480,18ZC5757.JPG,4,3643.2,3728,3724.8,3812,0.999999,-1,epoch_35,0.999999
7481,18ZC5757.JPG,4,4127.2,3808.8,4168,3839.2,0.999999,-1,epoch_35,0.999999
7482,18ZC5757.JPG,4,239.2,2732.8,355.2,2856.8,0.999999,-1,epoch_35,0.999999
7483,18ZC5757.JPG,4,3946.4,3602.4,4036.8,3684,0.999998,-1,epoch_35,0.999998
7484,18ZC5757.JPG,4,3447.2,921.6,3501.6,972,0.999998,-1,epoch_35,0.999998
7485,18ZC5757.JPG,4,1612.8,3541.6,1672,3656.8,0.999998,-1,epoch_35,0.999998
7486,18ZC5757.JPG,4,235.2,3777.6,272.8,3832,0.999998,-1,epoch_35,0.999998
7487,18ZC5757.JPG,4,3473.6,1254.4,3524.8,1347.2,0.999997,-1,epoch_35,0.999997
7488,18ZC5757.JPG,4,2496.8,2004,2552.8,2119.2,0.999997,-1,epoch_35,0.999997
7489,18ZC5757.JPG,4,4086.4,3592,4126.4,3689.6,0.999997,-1,epoch_35,0.999997
7490,18ZC5757.JPG,4,2700.8,2746.4,2778.4,2797.6,0.999997,-1,epoch_35,0.999997
7491,18ZC5757.JPG,4,4320,3663.2,4376,3733.6,0.999996,-1,epoch_35,0.999996
7492,18ZC5757.JPG,4,1609.6,1244.8,1668,1280,0.999996,-1,epoch_35,0.999996
7493,18ZC5757.JPG,4,1464.8,1210.4,1516,1248,0.999996,-1,epoch_35,0.999996
7494,18ZC5757.JPG,4,4341.6,3762.4,4431.2,3822.4,0.999996,-1,epoch_35,0.999996
7495,18ZC5757.JPG,4,4320,3597.6,4335.2,3642.4,0.999996,-1,epoch_35,0.999996
7496,18ZC5757.JPG,4,3284.8,1018.4,3337.6,1043.2,0.999996,-1,epoch_35,0.999996
7497,18ZC5757.JPG,4,1543.2,3527.2,1583.2,3640.8,0.999996,-1,epoch_35,0.999996
7498,18ZC5757.JPG,4,2593.6,461.6,2668,639.2,0.999996,-1,epoch_35,0.999996
7499,18ZC5757.JPG,4,1803.2,2020,1906.4,2121.6,0.999995,-1,epoch_35,0.999995
7500,18ZC5757.JPG,4,2108,1056.8,2216,1258.4,0.999995,-1,epoch_35,0.999995
7501,18ZC5757.JPG,4,2745.6,2640,2830.4,2676.8,0.999994,-1,epoch_35,0.999994
7502,18ZC5757.JPG,4,1090.4,1760,1220,1889.6,0.999994,-1,epoch_35,0.999994
7503,18ZC5757.JPG,4,1376,1322.4,1431.2,1356,0.999993,-1,epoch_35,0.999993
7504,18ZC5757.JPG,4,480,2829.6,609.6,3020.8,0.999993,-1,epoch_35,0.999993
7505,18ZC5757.JPG,4,2682.4,3025.6,2750.4,3139.2,0.999993,-1,epoch_35,0.999993
7506,18ZC5757.JPG,4,4339.2,3711.2,4410.4,3773.6,0.999993,-1,epoch_35,0.999993
7507,18ZC5757.JPG,4,3034.4,906.4,3066.4,1005.6,0.999993,-1,epoch_35,0.999993
7508,18ZC5757.JPG,4,2919.2,1036.8,3008.8,1119.2,0.999993,-1,epoch_35,0.999993
7509,18ZC5757.JPG,4,2101.6,2799.2,2207.2,2852,0.999993,-1,epoch_35,0.999993
7510,18ZC5757.JPG,4,2928,1011.2,3015.2,1060,0.999992,-1,epoch_35,0.999992
7511,18ZC5757.JPG,4,2701.6,2822.4,2757.6,2860,0.999992,-1,epoch_35,0.999992
7512,18ZC5757.JPG,4,618.4,2318.4,808,2399.2,0.999992,-1,epoch_35,0.999992
7513,18ZC5757.JPG,4,3074.4,3133.6,3151.2,3204,0.999992,-1,epoch_35,0.999992
7514,18ZC5757.JPG,4,1900.8,1460.8,1933.6,1503.2,0.999991,-1,epoch_35,0.999991
7515,18ZC5757.JPG,4,2733.6,2702.4,2866.4,2772,0.99999,-1,epoch_35,0.99999
7516,18ZC5757.JPG,4,1696.8,1267.2,1756.8,1302.4,0.99999,-1,epoch_35,0.99999
7517,18ZC5757.JPG,4,3322.4,1031.2,3350.4,1084,0.99999,-1,epoch_35,0.99999
7518,18ZC5757.JPG,4,4212.8,3766.4,4318.4,3814.4,0.99999,-1,epoch_35,0.99999
7519,18ZC5757.JPG,4,0.8,3792,101.6,3840,0.99999,-1,epoch_35,0.99999
7520,18ZC5757.JPG,4,4274.4,3659.2,4340,3728.8,0.99999,-1,epoch_35,0.99999
7521,18ZC5757.JPG,4,3084.8,1960,3129.6,1996,0.99999,-1,epoch_35,0.99999
7522,18ZC5757.JPG,4,480,2170.4,520,2302.4,0.999988,-1,epoch_35,0.999988
7523,18ZC5757.JPG,4,1475.2,1158.4,1515.2,1212,0.999987,-1,epoch_35,0.999987
7524,18ZC5757.JPG,4,2811.2,2640,2880,2671.2,0.999987,-1,epoch_35,0.999987
7525,18ZC5757.JPG,4,4234.4,3702.4,4322.4,3760.8,0.999987,-1,epoch_35,0.999987
7526,18ZC5757.JPG,4,1524,1072.8,1545.6,1113.6,0.999987,-1,epoch_35,0.999987
7527,18ZC5757.JPG,4,3252.8,1060.8,3292.8,1093.6,0.999987,-1,epoch_35,0.999987
7528,18ZC5757.JPG,4,1662.4,3591.2,1717.6,3640,0.999986,-1,epoch_35,0.999986
7529,18ZC5757.JPG,4,1668.8,957.6,1717.6,989.6,0.999986,-1,epoch_35,0.999986
7530,18ZC5757.JPG,4,960,2276,1104.8,2373.6,0.999985,-1,epoch_35,0.999985
7531,18ZC5757.JPG,4,3502.4,1409.6,3527.2,1452.8,0.999984,-1,epoch_35,0.999984
7532,18ZC5757.JPG,4,1706.4,3537.6,1756.8,3634.4,0.999984,-1,epoch_35,0.999984
7533,18ZC5757.JPG,4,4196,3672.8,4247.2,3709.6,0.999983,-1,epoch_35,0.999983
7534,18ZC5757.JPG,4,328,3804.8,413.6,3840,0.999983,-1,epoch_35,0.999983
7535,18ZC5757.JPG,4,2627.2,2657.6,2659.2,2700.8,0.999982,-1,epoch_35,0.999982
7536,18ZC5757.JPG,4,1464.8,1763.2,1538.4,1821.6,0.999981,-1,epoch_35,0.999981
7537,18ZC5757.JPG,4,2273.6,1340,2332,1366.4,0.99998,-1,epoch_35,0.99998
7538,18ZC5757.JPG,4,3136,3231.2,3232.8,3277.6,0.999978,-1,epoch_35,0.999978
7539,18ZC5757.JPG,4,472,3780.8,543.2,3840,0.999976,-1,epoch_35,0.999976
7540,18ZC5757.JPG,4,4211.2,3641.6,4234.4,3689.6,0.999975,-1,epoch_35,0.999975
7541,18ZC5757.JPG,4,3237.6,2245.6,3276,2297.6,0.999974,-1,epoch_35,0.999974
7542,18ZC5757.JPG,4,1642.4,3704.8,1705.6,3806.4,0.999974,-1,epoch_35,0.999974
7543,18ZC5757.JPG,4,2920,1002.4,2957.6,1029.6,0.999972,-1,epoch_35,0.999972
7544,18ZC5757.JPG,4,4497.6,3726.4,4537.6,3777.6,0.999972,-1,epoch_35,0.999972
7545,18ZC5757.JPG,4,2642.4,2987.2,2667.2,3044.8,0.999971,-1,epoch_35,0.999971
7546,18ZC5757.JPG,4,2480.8,2012,2505.6,2044.8,0.99997,-1,epoch_35,0.99997
7547,18ZC5757.JPG,4,1730.4,1420,1756.8,1469.6,0.99997,-1,epoch_35,0.99997
7548,18ZC5757.JPG,4,570.4,2033.6,599.2,2071.2,0.999966,-1,epoch_35,0.999966
7549,18ZC5757.JPG,4,2600.8,3000,2650.4,3037.6,0.999964,-1,epoch_35,0.999964
7550,18ZC5757.JPG,4,984,2192,1168.8,2272,0.999963,-1,epoch_35,0.999963
7551,18ZC5757.JPG,4,295,2127,516,2314,0.999962,-1,epoch_35,0.999962
7552,18ZC5757.JPG,4,1393.6,3802.4,1449.6,3839.2,0.999962,-1,epoch_35,0.999962
7553,18ZC5757.JPG,4,3924,3664,4004,3719.2,0.999962,-1,epoch_35,0.999962
7554,18ZC5757.JPG,4,1680.8,1272,1708.8,1311.2,0.99996,-1,epoch_35,0.99996
7555,18ZC5757.JPG,4,3568,1076.8,3596,1101.6,0.999959,-1,epoch_35,0.999959
7556,18ZC5757.JPG,4,1756.8,1416.8,1787.2,1453.6,0.999959,-1,epoch_35,0.999959
7557,18ZC5757.JPG,4,3112.8,2290.4,3168.8,2335.2,0.999957,-1,epoch_35,0.999957
7558,18ZC5757.JPG,4,4241.6,3637.6,4291.2,3735.2,0.999956,-1,epoch_35,0.999956
7559,18ZC5757.JPG,4,432.8,3538.4,484.8,3591.2,0.999952,-1,epoch_35,0.999952
7560,18ZC5757.JPG,4,2177.6,1311.2,2212,1361.6,0.999952,-1,epoch_35,0.999952
7561,18ZC5757.JPG,4,364,2517,549,2687,0.99995,-1,epoch_35,0.99995
7562,18ZC5757.JPG,4,960,1936,1041.6,2068,0.999949,-1,epoch_35,0.999949
7563,18ZC5757.JPG,4,1984,1465.6,2017.6,1517.6,0.999947,-1,epoch_35,0.999947
7564,18ZC5757.JPG,4,2208.8,2760.8,2240,2795.2,0.999941,-1,epoch_35,0.999941
7565,18ZC5757.JPG,4,2684,2770.4,2736,2817.6,0.999939,-1,epoch_35,0.999939
7566,18ZC5757.JPG,4,484,2746.4,683.2,2882.4,0.999934,-1,epoch_35,0.999934
7567,18ZC5757.JPG,4,2912.8,972.8,2964,1004,0.999931,-1,epoch_35,0.999931
7568,18ZC5757.JPG,4,2190.4,3218.4,2244,3247.2,0.999926,-1,epoch_35,0.999926
7569,18ZC5757.JPG,4,1181.6,2053.6,1405.6,2123.2,0.999915,-1,epoch_35,0.999915
7570,18ZC5757.JPG,4,2118.4,2150.4,2193.6,2183.2,0.999906,-1,epoch_35,0.999906
7571,18ZC5757.JPG,4,1552.8,2084.8,1596,2109.6,0.999884,-1,epoch_35,0.999884
7572,18ZC5757.JPG,4,2161.6,2760.8,2209.6,2814.4,0.999882,-1,epoch_35,0.999882
7573,18ZC5757.JPG,4,3607.2,3624,3656,3670.4,0.999879,-1,epoch_35,0.999879
7574,18ZC5757.JPG,4,2236.8,1327.2,2275.2,1351.2,0.999873,-1,epoch_35,0.999873
7575,18ZC5757.JPG,4,100.8,3772,148.8,3804.8,0.99987,-1,epoch_35,0.99987
7576,18ZC5757.JPG,4,2827.2,1760,2858.4,1803.2,0.999862,-1,epoch_35,0.999862
7577,18ZC5757.JPG,4,2701.6,2927.2,2732.8,2958.4,0.999824,-1,epoch_35,0.999824
7578,18ZC5757.JPG,4,37.6,2191.2,87.2,2229.6,0.999819,-1,epoch_35,0.999819
7579,18ZC5757.JPG,4,723.2,3770.4,770.4,3831.2,0.999796,-1,epoch_35,0.999796
7580,18ZC5757.JPG,4,4469.6,3759.2,4502.4,3789.6,0.999792,-1,epoch_35,0.999792
7581,18ZC5757.JPG,4,688,3776,716,3827.2,0.999787,-1,epoch_35,0.999787
7582,18ZC5757.JPG,4,1941.6,1372,1994.4,1406.4,0.999785,-1,epoch_35,0.999785
7583,18ZC5757.JPG,4,3168.8,3204,3195.2,3256,0.999783,-1,epoch_35,0.999783
7584,18ZC5757.JPG,4,771.2,2013.6,925.6,2148,0.999782,-1,epoch_35,0.999782
7585,18ZC5757.JPG,4,598,2468,744,2701,0.999771,-1,epoch_35,0.999771
7586,18ZC5757.JPG,4,631.2,2040,703.2,2253.6,0.999702,-1,epoch_35,0.999702
7587,18ZC5757.JPG,4,2180,1371.2,2225.6,1443.2,0.99967,-1,epoch_35,0.99967
7588,18ZC5757.JPG,4,3060,912,3081.6,978.4,0.999665,-1,epoch_35,0.999665
7589,18ZC5757.JPG,4,1310.4,1411.2,1359.2,1452,0.999665,-1,epoch_35,0.999665
7590,18ZC5757.JPG,4,1511.2,1933.6,1577.6,1968.8,0.999664,-1,epoch_35,0.999664
7591,18ZC5757.JPG,4,4119.2,3647.2,4153.6,3691.2,0.999657,-1,epoch_35,0.999657
7592,18ZC5757.JPG,4,2292,3522.4,2334.4,3579.2,0.999652,-1,epoch_35,0.999652
7593,18ZC5757.JPG,4,2311.2,1353.6,2345.6,1399.2,0.999628,-1,epoch_35,0.999628
7594,18ZC5757.JPG,4,2740.8,2875.2,2784.8,2904.8,0.999628,-1,epoch_35,0.999628
7595,18ZC5757.JPG,4,2011,736,2108,799,0.999615,-1,epoch_35,0.999615
7596,18ZC5757.JPG,4,3008,1884.8,3075.2,1909.6,0.999606,-1,epoch_35,0.999606
7597,18ZC5757.JPG,4,2849.6,433.6,2874.4,462.4,0.999578,-1,epoch_35,0.999578
7598,18ZC5757.JPG,4,774,2514,938,2747,0.999572,-1,epoch_35,0.999572
7599,18ZC5757.JPG,4,2089.6,1336,2126.4,1364,0.999562,-1,epoch_35,0.999562
7600,18ZC5757.JPG,4,212,2250.4,293.6,2396,0.999556,-1,epoch_35,0.999556
7601,18ZC5757.JPG,4,1069.6,2368,1120.8,2398.4,0.999555,-1,epoch_35,0.999555
7602,18ZC5757.JPG,4,587.2,2371.2,713.6,2398.4,0.999504,-1,epoch_35,0.999504
7603,18ZC5757.JPG,4,2184,1446.4,2216.8,1490.4,0.999478,-1,epoch_35,0.999478
7604,18ZC5757.JPG,4,2027.2,1408.8,2068.8,1439.2,0.99929,-1,epoch_35,0.99929
7605,18ZC5757.JPG,4,1337.6,1391.2,1376,1424.8,0.999145,-1,epoch_35,0.999145
7606,18ZC5757.JPG,4,3096,3226.4,3133.6,3260,0.99913,-1,epoch_35,0.99913
7607,18ZC5757.JPG,4,1085.6,3802.4,1121.6,3839.2,0.999114,-1,epoch_35,0.999114
7608,18ZC5757.JPG,4,3925.6,3649.6,3944.8,3704,0.999113,-1,epoch_35,0.999113
7609,18ZC5757.JPG,4,2119.2,1916,2163.2,1964,0.999079,-1,epoch_35,0.999079
7610,18ZC5757.JPG,4,18,2358,184,2594,0.998596,-1,epoch_35,0.998596
7611,18ZC5757.JPG,4,1440,1231.2,1460,1264.8,0.998593,-1,epoch_35,0.998593
7612,18ZC5757.JPG,4,1943.2,1348.8,1986.4,1388,0.998591,-1,epoch_35,0.998591
7613,18ZC5757.JPG,4,2264.8,3691.2,2308,3713.6,0.998026,-1,epoch_35,0.998026
7614,18ZC5757.JPG,4,2244,3252,2284,3276,0.998025,-1,epoch_35,0.998025
7615,18ZC5757.JPG,4,2293.6,3696,2344.8,3716,0.997799,-1,epoch_35,0.997799
7616,18ZC5757.JPG,4,1601.6,3631.2,1704.8,3680.8,0.997712,-1,epoch_35,0.997712
7617,18ZC5757.JPG,4,2345.6,598.4,2386.4,621.6,0.99771,-1,epoch_35,0.99771
7618,18ZC5757.JPG,4,1789.6,1507.2,1855.2,1518.4,0.997615,-1,epoch_35,0.997615
7619,18ZC5757.JPG,4,1341,1769,1436,1826,0.997523,-1,epoch_35,0.997523
7620,18ZC5757.JPG,4,502,3761,616,3829,0.997207,-1,epoch_35,0.997207
7621,18ZC5757.JPG,4,2728.8,2921.6,2764,2958.4,0.997106,-1,epoch_35,0.997106
7622,18ZC5757.JPG,4,3071.2,3520.8,3137.6,3556.8,0.997006,-1,epoch_35,0.997006
7623,18ZC5757.JPG,4,1596.8,3684,1651.2,3769.6,0.996353,-1,epoch_35,0.996353
7624,18ZC5757.JPG,4,2254,3680,2341,3738,0.996349,-1,epoch_35,0.996349
7625,18ZC5757.JPG,4,3215,3405,3289,3486,0.995974,-1,epoch_35,0.995974
7626,18ZC5757.JPG,4,4160,3719.2,4207.2,3780,0.995376,-1,epoch_35,0.995376
7627,18ZC5757.JPG,4,4320,3760.8,4353.6,3822.4,0.9949,-1,epoch_35,0.9949
7628,18ZC5757.JPG,4,2705.6,2862.4,2734.4,2893.6,0.994717,-1,epoch_35,0.994717
7629,18ZC5757.JPG,4,42.4,3075.2,79.2,3104,0.994371,-1,epoch_35,0.994371
7630,18ZC5757.JPG,4,2677.6,2077.6,2724.8,2131.2,0.994306,-1,epoch_35,0.994306
7631,18ZC5757.JPG,4,2041.6,3520,2093.6,3532.8,0.993135,-1,epoch_35,0.993135
7632,18ZC5757.JPG,4,2715.2,2960,2743.2,2992.8,0.992898,-1,epoch_35,0.992898
7633,18ZC5757.JPG,4,378.4,2640,461.6,2692,0.992361,-1,epoch_35,0.992361
7634,18ZC5757.JPG,4,2863.2,420,2895.2,440,0.992244,-1,epoch_35,0.992244
7635,18ZC5757.JPG,4,4149.6,3752.8,4200,3827.2,0.991675,-1,epoch_35,0.991675
7636,18ZC5757.JPG,4,1580.8,1267.2,1620.8,1313.6,0.991547,-1,epoch_35,0.991547
7637,18ZC5757.JPG,4,1875,1525,1949,1593,0.991544,-1,epoch_35,0.991544
7638,18ZC5757.JPG,4,2122.4,1386.4,2174.4,1418.4,0.991062,-1,epoch_35,0.991062
7639,18ZC5757.JPG,4,542,2154,667,2318,0.990298,-1,epoch_35,0.990298
7640,18ZC5757.JPG,4,4473.6,3782.4,4503.2,3805.6,0.990278,-1,epoch_35,0.990278
7641,18ZC5757.JPG,4,32,3054,121,3137,0.988113,-1,epoch_35,0.988113
7642,18ZC5757.JPG,4,2510,1493,2590,1546,0.986542,-1,epoch_35,0.986542
7643,18ZC5757.JPG,4,3270.4,1041.6,3309.6,1070.4,0.985781,-1,epoch_35,0.985781
7644,18ZC5757.JPG,4,2237.6,3205.6,2330.4,3279.2,0.983907,-1,epoch_35,0.983907
7645,18ZC5757.JPG,4,2068,1421.6,2107.2,1449.6,0.983878,-1,epoch_35,0.983878
7646,18ZC5757.JPG,4,2.4,2283.2,39.2,2324.8,0.982035,-1,epoch_35,0.982035
7647,18ZC5757.JPG,4,2313.6,3713.6,2336,3747.2,0.981691,-1,epoch_35,0.981691
7648,18ZC5757.JPG,4,3046.4,1029.6,3089.6,1065.6,0.979591,-1,epoch_35,0.979591
7649,18ZC5757.JPG,4,546,2031,651,2231,0.978322,-1,epoch_35,0.978322
7650,18ZC5757.JPG,4,307,3451,359,3519,0.977458,-1,epoch_35,0.977458
7651,18ZC5757.JPG,4,2724,2860,2748,2892.8,0.975734,-1,epoch_35,0.975734
7652,18ZC5757.JPG,4,2729,2545,2776,2643,0.975691,-1,epoch_35,0.975691
7653,18ZC5757.JPG,4,3088,3396,3175,3459,0.973926,-1,epoch_35,0.973926
7654,18ZC5757.JPG,4,3070,3307,3180,3379,0.97302,-1,epoch_35,0.97302
7655,18ZC5757.JPG,4,3191,3503,3244,3571,0.968522,-1,epoch_35,0.968522
7656,18ZC5757.JPG,4,3288,2144.8,3331.2,2240.8,0.967777,-1,epoch_35,0.967777
7657,18ZC5757.JPG,4,663.2,2950.4,690.4,2996.8,0.96398,-1,epoch_35,0.96398
7658,18ZC5757.JPG,4,3003,3272,3066,3350,0.961715,-1,epoch_35,0.961715
7659,18ZC5757.JPG,4,2146,3367,2258,3435,0.961579,-1,epoch_35,0.961579
7660,18ZC5757.JPG,4,576,3764.8,616.8,3799.2,0.960654,-1,epoch_35,0.960654
7661,18ZC5757.JPG,4,2400,3204,2414.4,3238.4,0.960035,-1,epoch_35,0.960035
7662,18ZC5757.JPG,4,4320.8,3815.2,4354.4,3840.8,0.958195,-1,epoch_35,0.958195
7663,18ZC5757.JPG,4,2794,2517,2861,2580,0.957862,-1,epoch_35,0.957862
7664,18ZC5757.JPG,4,124.8,2387.2,180.8,2399.2,0.947686,-1,epoch_35,0.947686
7665,18ZC5757.JPG,4,2205.6,1307.2,2255.2,1348.8,0.93649,-1,epoch_35,0.93649
7666,18ZC5757.JPG,4,2013,3484,2100,3540,0.927449,-1,epoch_35,0.927449
7667,18ZC5757.JPG,4,795.2,3789.6,824,3832,0.919701,-1,epoch_35,0.919701
7668,18ZC5757.JPG,4,2507,780,2581,844,0.913473,-1,epoch_35,0.913473
7669,18ZC5757.JPG,4,349,2318,476,2376,0.910059,-1,epoch_35,0.910059
7670,18ZC5757.JPG,4,1844,1424.8,1885.6,1470.4,0.909795,-1,epoch_35,0.909795
7671,18ZC5757.JPG,4,4438,3721,4513,3821,0.900539,-1,epoch_35,0.900539
7672,18ZC5757.JPG,4,2545.6,568,2565.6,616.8,0.881188,-1,epoch_35,0.881188
7673,18ZC5757.JPG,4,1554,1590,1706,1717,0.876549,-1,epoch_35,0.876549
7674,18ZC5757.JPG,4,2216,2780.8,2247.2,2812.8,0.875485,-1,epoch_35,0.875485
7675,18ZC5757.JPG,4,1830,3345,1889,3451,0.870224,-1,epoch_35,0.870224
7676,18ZC5757.JPG,4,1.6,1760,104,1861.6,0.862659,-1,epoch_35,0.862659
7677,18ZC5757.JPG,4,3539,986,3608,1101,0.854023,-1,epoch_35,0.854023
7678,18ZC5757.JPG,4,745.6,1959.2,918.4,2082.4,0.853485,-1,epoch_35,0.853485
7679,18ZC5757.JPG,4,2135.2,1316.8,2178.4,1351.2,0.850666,-1,epoch_35,0.850666
7680,18ZC5757.JPG,4,1265,816,1408,895,0.836195,-1,epoch_35,0.836195
7681,18ZC5757.JPG,4,2728.8,3628.8,2759.2,3666.4,0.833701,-1,epoch_35,0.833701
7682,18ZC5757.JPG,4,1886,530,1948,588,0.828241,-1,epoch_35,0.828241
7683,18ZC5757.JPG,4,2400,595.2,2412,639.2,0.774634,-1,epoch_35,0.774634
7684,18ZC5757.JPG,4,3007,3421,3099,3483,0.77066,-1,epoch_35,0.77066
7685,18ZC5757.JPG,4,2630,2564,2722,2609,0.762112,-1,epoch_35,0.762112
7686,18ZC5757.JPG,4,4223.2,3746.4,4265.6,3784.8,0.740965,-1,epoch_35,0.740965
7687,18ZC5757.JPG,4,2666,3527,2759,3622,0.740962,-1,epoch_35,0.740962
7688,18ZC5757.JPG,4,463,2743,575,2801,0.69923,-1,epoch_35,0.69923
7689,18ZC5757.JPG,4,2493.6,3217.6,2525.6,3257.6,0.612085,-1,epoch_35,0.612085
7690,18ZC5757.JPG,4,981.6,2234.4,1032.8,2262.4,0.610389,-1,epoch_35,0.610389
7691,18ZC5757.JPG,4,2212,1341.6,2256.8,1367.2,0.596344,-1,epoch_35,0.596344
7692,18ZC5757.JPG,4,2720,3583,2785,3667,0.568808,-1,epoch_35,0.568808
7693,18ZC5757.JPG,4,2308,3394,2398,3458,0.562797,-1,epoch_35,0.562797
7694,18ZC5757.JPG,4,3360,2031.2,3370.4,2054.4,0.540834,-1,epoch_35,0.540834
7695,18ZC5757.JPG,4,2407,3300,2528,3369,0.534021,-1,epoch_35,0.534021
7696,18ZC5757.JPG,4,2500.8,2050.4,2504.8,2093.6,0.52658,-1,epoch_35,0.52658
7697,18ZC5757.JPG,4,3250,1020,3341,1095,0.515969,-1,epoch_35,0.515969
7698,18ZC5757.JPG,4,757.6,3801.6,788.8,3828,0.51011,-1,epoch_35,0.51011
7699,18ZC5757.JPG,4,2750.4,3552.8,2791.2,3615.2,0.506698,-1,epoch_35,0.506698
7700,18ZC5757.JPG,4,2747.2,3612.8,2776.8,3655.2,0.495791,-1,epoch_35,0.495791
7701,18ZC5757.JPG,4,922,2373,1127,2506,0.494916,-1,epoch_35,0.494916
7702,18ZC5757.JPG,4,2705.6,2848,2740,2875.2,0.488468,-1,epoch_35,0.488468
7703,18ZC5757.JPG,4,673.6,3786.4,692.8,3829.6,0.483517,-1,epoch_35,0.483517
7704,18ZC5757.JPG,4,480,2191.2,488,2287.2,0.471815,-1,epoch_35,0.471815
7705,18ZC5757.JPG,4,2163,3285,2304,3345,0.445439,-1,epoch_35,0.445439
7706,18ZC5757.JPG,4,2724,3544,2760.8,3570.4,0.427134,-1,epoch_35,0.427134
7707,18ZC5757.JPG,4,960,1994.4,977.6,2140.8,0.391677,-1,epoch_35,0.391677
7708,18ZC5757.JPG,4,3130.4,3273.6,3180.8,3279.2,0.381631,-1,epoch_35,0.381631
7709,18ZC5757.JPG,4,2268.8,3258.4,2306.4,3278.4,0.371748,-1,epoch_35,0.371748
7710,18ZC5757.JPG,4,2204,3272.8,2245.6,3278.4,0.367512,-1,epoch_35,0.367512
7711,18ZC5757.JPG,4,2093.6,1356,2146.4,1380.8,0.297318,-1,epoch_35,0.297318
7712,18ZC5757.JPG,4,2061.6,1382.4,2093.6,1411.2,0.269436,-1,epoch_35,0.269436
7713,18ZC5757.JPG,4,2817.6,1865.6,2868,1896.8,0.266301,-1,epoch_35,0.266301
7714,18ZC5757.JPG,4,4458.4,3724,4480,3749.6,0.250371,-1,epoch_35,0.250371
7715,18ZC5757.JPG,4,480,2731.2,496.8,2764,0.247043,-1,epoch_35,0.247043
7716,18ZC5757.JPG,4,885.6,1873.6,973.6,2148.8,0.238239,-1,epoch_35,0.238239
7717,18ZC5757.JPG,4,388.8,2644,408.8,2690.4,0.237391,-1,epoch_35,0.237391
7718,18ZC5757.JPG,4,512.8,3751.2,552,3788.8,0.216769,-1,epoch_35,0.216769
7719,18ZC5757.JPG,4,2718.4,3520.8,2800,3548,0.207076,-1,epoch_35,0.207076
7720,18ZC5757.JPG,4,1020,1956.8,1044,1973.6,0.164593,-1,epoch_35,0.164593
7721,18ZC5757.JPG,4,778.4,3805.6,796.8,3837.6,0.163749,-1,epoch_35,0.163749
7722,18ZC5757.JPG,4,1770.4,1493.6,1788.8,1518.4,0.158102,-1,epoch_35,0.158102
7723,18ZC5757.JPG,4,824.8,2640,836,2644,0.152334,-1,epoch_35,0.152334
7724,18ZC5757.JPG,4,3132,3268,3139.2,3278.4,0.145905,-1,epoch_35,0.145905
7725,18ZC5757.JPG,4,652,3784,676,3835.2,0.145276,-1,epoch_35,0.145276
7726,18ZC5757.JPG,4,1649.6,3759.2,1697.6,3784,0.118674,-1,epoch_35,0.118674
7727,18ZC5757.JPG,4,3360,1464,3368,1480.8,0.110705,-1,epoch_35,0.110705
7728,18ZC5757.JPG,4,2748.8,1513.6,2765.6,1519.2,0.10519,-1,epoch_35,0.10519
7729,18ZC5757.JPG,4,1602.4,3655.2,1635.2,3688,0.0941779,-1,epoch_35,0.0941779
7730,18ZC5757.JPG,4,3392,1760,3404.8,1762.4,0.0735268,-1,epoch_35,0.0735268
7731,18ZC5757.JPG,4,1000,2393.6,1054.4,2398.4,0.0725823,-1,epoch_35,0.0725823
7732,18ZC5757.JPG,4,2716.8,2904,2744.8,2921.6,0.0688663,-1,epoch_35,0.0688663
7733,18ZC5757.JPG,4,912.8,1871.2,945.6,1998.4,0.0572009,-1,epoch_35,0.0572009
7734,18ZC5757.JPG,4,3409.6,1760,3423.2,1762.4,0.0535555,-1,epoch_35,0.0535555
