2874,18ZC4773.JPG,0,1325.6,1760,1446.4,1807.2,0.999889,-1,epoch_20,0.999889
2875,18ZC4773.JPG,0,1490.4,904,1533.6,974.4,0.999783,-1,epoch_20,0.999783
2876,18ZC4773.JPG,0,1931.2,2711.2,2038.4,2860,0.99978,-1,epoch_20,0.99978
2877,18ZC4773.JPG,0,1465.6,1006.4,1530.4,1051.2,0.999761,-1,epoch_20,0.999761
2878,18ZC4773.JPG,0,1255.2,372,1335.2,429.6,0.999653,-1,epoch_20,0.999653
2879,18ZC4773.JPG,0,2123.2,2040.8,2233.6,2228,0.99958,-1,epoch_20,0.99958
2880,18ZC4773.JPG,0,1453.6,1812,1596.8,1976,0.999382,-1,epoch_20,0.999382
2881,18ZC4773.JPG,0,1743.2,2175.2,1896.8,2324.8,0.999345,-1,epoch_20,0.999345
2882,18ZC4773.JPG,0,1516.8,975.2,1581.6,1002.4,0.999241,-1,epoch_20,0.999241
2883,18ZC4773.JPG,0,1385.6,287.2,1432,346.4,0.999202,-1,epoch_20,0.999202
2884,18ZC4773.JPG,0,3480.8,1206.4,3591.2,1386.4,0.999054,-1,epoch_20,0.999054
2885,18ZC4773.JPG,0,3158.4,3183.2,3379.2,3274.4,0.999042,-1,epoch_20,0.999042
2886,18ZC4773.JPG,0,1440,2351.2,1575.2,2399.2,0.999014,-1,epoch_20,0.999014
2887,18ZC4773.JPG,0,1440,1364.8,1588.8,1454.4,0.998889,-1,epoch_20,0.998889
2888,18ZC4773.JPG,0,1588,936.8,1651.2,972.8,0.998886,-1,epoch_20,0.998886
2889,18ZC4773.JPG,0,1548,920.8,1615.2,948,0.998474,-1,epoch_20,0.998474
2890,18ZC4773.JPG,0,1414.4,316,1499.2,351.2,0.998089,-1,epoch_20,0.998089
2891,18ZC4773.JPG,0,1461.6,208.8,1492.8,278.4,0.998016,-1,epoch_20,0.998016
2892,18ZC4773.JPG,0,2096,1900.8,2276.8,1995.2,0.998005,-1,epoch_20,0.998005
2893,18ZC4773.JPG,0,1724,2640,1881.6,2757.6,0.997904,-1,epoch_20,0.997904
2894,18ZC4773.JPG,0,1592.8,3232.8,1635.2,3258.4,0.997903,-1,epoch_20,0.997903
2895,18ZC4773.JPG,0,1616.8,2114.4,1788.8,2210.4,0.997094,-1,epoch_20,0.997094
2896,18ZC4773.JPG,0,1568.8,1035.2,1630.4,1077.6,0.996939,-1,epoch_20,0.996939
2897,18ZC4773.JPG,0,1596,1064,1660.8,1101.6,0.996355,-1,epoch_20,0.996355
2898,18ZC4773.JPG,0,1480.8,3613.6,1528,3642.4,0.995764,-1,epoch_20,0.995764
2899,18ZC4773.JPG,0,2065.6,607.2,2212.8,639.2,0.995577,-1,epoch_20,0.995577
2900,18ZC4773.JPG,0,1381.6,190.4,1409.6,243.2,0.995476,-1,epoch_20,0.995476
2901,18ZC4773.JPG,0,1544.8,1887.2,1702.4,2064.8,0.995333,-1,epoch_20,0.995333
2902,18ZC4773.JPG,0,2426.4,2640,2461.6,2658.4,0.995272,-1,epoch_20,0.995272
2903,18ZC4773.JPG,0,1440,177.6,1469.6,290.4,0.995163,-1,epoch_20,0.995163
2904,18ZC4773.JPG,0,1148.8,3520,1197.6,3547.2,0.99513,-1,epoch_20,0.99513
2905,18ZC4773.JPG,0,1545.6,996.8,1600,1047.2,0.994825,-1,epoch_20,0.994825
2906,18ZC4773.JPG,0,1589.6,993.6,1650.4,1023.2,0.993836,-1,epoch_20,0.993836
2907,18ZC4773.JPG,0,2400,2826.4,2518.4,2945.6,0.993332,-1,epoch_20,0.993332
2908,18ZC4773.JPG,0,1516.8,3209.6,1549.6,3240,0.991594,-1,epoch_20,0.991594
2909,18ZC4773.JPG,0,1957.6,3062.4,2144.8,3141.6,0.991094,-1,epoch_20,0.991094
2910,18ZC4773.JPG,0,1431.2,1016.8,1458.4,1058.4,0.990374,-1,epoch_20,0.990374
2911,18ZC4773.JPG,0,1564.8,3252,1612.8,3277.6,0.990355,-1,epoch_20,0.990355
2912,18ZC4773.JPG,0,1454.4,2672,1556,2862.4,0.990111,-1,epoch_20,0.990111
2913,18ZC4773.JPG,0,1538.4,2320,1671.2,2399.2,0.988332,-1,epoch_20,0.988332
2914,18ZC4773.JPG,0,1531.2,3247.2,1576,3275.2,0.986859,-1,epoch_20,0.986859
2915,18ZC4773.JPG,0,1783.2,2880.8,1960.8,2999.2,0.986826,-1,epoch_20,0.986826
2916,18ZC4773.JPG,0,1585.6,967.2,1622.4,998.4,0.984004,-1,epoch_20,0.984004
2917,18ZC4773.JPG,0,1577,1632,1671,1852,0.983649,-1,epoch_20,0.983649
2918,18ZC4773.JPG,0,1044,29.6001,1065.6,66.3999,0.980229,-1,epoch_20,0.980229
2919,18ZC4773.JPG,0,2459.2,275.2,2504.8,307.2,0.972577,-1,epoch_20,0.972577
2920,18ZC4773.JPG,0,1767.2,2718.4,1918.4,2857.6,0.971998,-1,epoch_20,0.971998
2921,18ZC4773.JPG,0,1512.8,888.8,1584,911.2,0.971612,-1,epoch_20,0.971612
2922,18ZC4773.JPG,0,1928,2882.4,1958.4,2913.6,0.969463,-1,epoch_20,0.969463
2923,18ZC4773.JPG,0,1759,2414,1975,2493,0.967245,-1,epoch_20,0.967245
2924,18ZC4773.JPG,0,1400.8,188.8,1421.6,245.6,0.965536,-1,epoch_20,0.965536
2925,18ZC4773.JPG,0,1528,911.2,1582.4,937.6,0.964919,-1,epoch_20,0.964919
2926,18ZC4773.JPG,0,2476.8,263.2,2688,380,0.963225,-1,epoch_20,0.963225
2927,18ZC4773.JPG,0,1458.4,3127.2,1504.8,3164,0.962421,-1,epoch_20,0.962421
2928,18ZC4773.JPG,0,2319.2,2640,2342.4,2665.6,0.946438,-1,epoch_20,0.946438
2929,18ZC4773.JPG,0,1308.8,333.6,1368,427.2,0.943695,-1,epoch_20,0.943695
2930,18ZC4773.JPG,0,1963.2,1288,1992.8,1311.2,0.931376,-1,epoch_20,0.931376
2931,18ZC4773.JPG,0,2084,2408,2212,2589,0.921274,-1,epoch_20,0.921274
2932,18ZC4773.JPG,0,2529,2463,2711,2627,0.919893,-1,epoch_20,0.919893
2933,18ZC4773.JPG,0,1095.2,259.2,1141.6,283.2,0.908145,-1,epoch_20,0.908145
2934,18ZC4773.JPG,0,2584.8,2656.8,2690.4,2850.4,0.907623,-1,epoch_20,0.907623
2935,18ZC4773.JPG,0,1062,3297,1124,3372,0.906584,-1,epoch_20,0.906584
2936,18ZC4773.JPG,0,1199.2,214.4,1229.6,242.4,0.884507,-1,epoch_20,0.884507
2937,18ZC4773.JPG,0,1432.8,880,1505.6,889.6,0.878077,-1,epoch_20,0.878077
2938,18ZC4773.JPG,0,1778.4,3560,1940,3672.8,0.875692,-1,epoch_20,0.875692
2939,18ZC4773.JPG,0,1547.2,3521.6,1655.2,3554.4,0.870705,-1,epoch_20,0.870705
2940,18ZC4773.JPG,0,1880.8,576,1922.4,595.2,0.870505,-1,epoch_20,0.870505
2941,18ZC4773.JPG,0,1920,3022.4,2099.2,3096.8,0.863401,-1,epoch_20,0.863401
2942,18ZC4773.JPG,0,1309,3239,1375,3292,0.841415,-1,epoch_20,0.841415
2943,18ZC4773.JPG,0,1681.6,524,1708.8,556,0.81292,-1,epoch_20,0.81292
2944,18ZC4773.JPG,0,2238,3621,2318,3758,0.802807,-1,epoch_20,0.802807
2945,18ZC4773.JPG,0,1510.4,955.2,1567.2,976,0.798363,-1,epoch_20,0.798363
2946,18ZC4773.JPG,0,1541,1519,1620,1621,0.783275,-1,epoch_20,0.783275
2947,18ZC4773.JPG,0,1414.4,162.4,1442.4,211.2,0.756223,-1,epoch_20,0.756223
2948,18ZC4773.JPG,0,1459.2,1889.6,1481.6,1919.2,0.747367,-1,epoch_20,0.747367
2949,18ZC4773.JPG,0,1920,3602.4,1940,3656,0.738802,-1,epoch_20,0.738802
2950,18ZC4773.JPG,0,1502.4,2714.4,1552,2737.6,0.714711,-1,epoch_20,0.714711
2951,18ZC4773.JPG,0,2231,2550,2469,2664,0.708512,-1,epoch_20,0.708512
2952,18ZC4773.JPG,0,1124,224,1151.2,248.8,0.707856,-1,epoch_20,0.707856
2953,18ZC4773.JPG,0,1384,1355.2,1475.2,1385.6,0.702574,-1,epoch_20,0.702574
2954,18ZC4773.JPG,0,2198,2368,2444,2482,0.676515,-1,epoch_20,0.676515
2955,18ZC4773.JPG,0,1476.8,3758.4,1513.6,3783.2,0.671901,-1,epoch_20,0.671901
2956,18ZC4773.JPG,0,1548.8,2726.4,1767.2,2831.2,0.665314,-1,epoch_20,0.665314
2957,18ZC4773.JPG,0,2042,822,2120,901,0.65529,-1,epoch_20,0.65529
2958,18ZC4773.JPG,0,1851,3114,1918,3218,0.653145,-1,epoch_20,0.653145
2959,18ZC4773.JPG,0,1804,372,1924,413,0.646897,-1,epoch_20,0.646897
2960,18ZC4773.JPG,0,1468.8,3733.6,1493.6,3760,0.622618,-1,epoch_20,0.622618
2961,18ZC4773.JPG,0,1461,3220,1631,3291,0.615919,-1,epoch_20,0.615919
2962,18ZC4773.JPG,0,1920,2831.2,1926.4,2890.4,0.609608,-1,epoch_20,0.609608
2963,18ZC4773.JPG,0,1509.6,880,1572.8,893.6,0.600219,-1,epoch_20,0.600219
2964,18ZC4773.JPG,0,1920,2868.8,1951.2,2895.2,0.600002,-1,epoch_20,0.600002
2965,18ZC4773.JPG,0,1341.6,3252,1368.8,3279.2,0.592344,-1,epoch_20,0.592344
2966,18ZC4773.JPG,0,1128,498.4,1154.4,530.4,0.58971,-1,epoch_20,0.58971
2967,18ZC4773.JPG,0,1577.6,3736,1620,3760.8,0.577506,-1,epoch_20,0.577506
2968,18ZC4773.JPG,0,1920,1238.4,1927.2,1287.2,0.577278,-1,epoch_20,0.577278
2969,18ZC4773.JPG,0,1582,1768,1643,1843,0.564462,-1,epoch_20,0.564462
2970,18ZC4773.JPG,0,1826,457,1895,556,0.559573,-1,epoch_20,0.559573
2971,18ZC4773.JPG,0,1447,3663,1519,3765,0.546262,-1,epoch_20,0.546262
2972,18ZC4773.JPG,0,1456.8,3232,1504,3260,0.541255,-1,epoch_20,0.541255
2973,18ZC4773.JPG,0,2447.2,2917.6,2504.8,2945.6,0.537825,-1,epoch_20,0.537825
2974,18ZC4773.JPG,0,2045,597,2211,723,0.533194,-1,epoch_20,0.533194
2975,18ZC4773.JPG,0,1337.6,3652,1368.8,3680,0.516141,-1,epoch_20,0.516141
2976,18ZC4773.JPG,0,1395,2370,1529,2518,0.509321,-1,epoch_20,0.509321
2977,18ZC4773.JPG,0,1693,1646,1763,1768,0.508366,-1,epoch_20,0.508366
2978,18ZC4773.JPG,0,960,507.2,970.4,595.2,0.494184,-1,epoch_20,0.494184
2979,18ZC4773.JPG,0,1837,3406,1966,3582,0.461224,-1,epoch_20,0.461224
2980,18ZC4773.JPG,0,2107,1670,2199,1735,0.42935,-1,epoch_20,0.42935
2981,18ZC4773.JPG,0,1112,480,1173,547,0.412162,-1,epoch_20,0.412162
2982,18ZC4773.JPG,0,1622.4,1816,1640,1852,0.409205,-1,epoch_20,0.409205
2983,18ZC4773.JPG,0,2082,1311,2151,1396,0.394674,-1,epoch_20,0.394674
2984,18ZC4773.JPG,0,1309,821,1439,871,0.393643,-1,epoch_20,0.393643
2985,18ZC4773.JPG,0,1422,777,1530,887,0.386796,-1,epoch_20,0.386796
2986,18ZC4773.JPG,0,2376,3446,2453,3513,0.386043,-1,epoch_20,0.386043
2987,18ZC4773.JPG,0,1088,209,1174,281,0.335429,-1,epoch_20,0.335429
2988,18ZC4773.JPG,0,1993,427,2058,545,0.330646,-1,epoch_20,0.330646
2989,18ZC4773.JPG,0,1333,3325,1398,3427,0.323498,-1,epoch_20,0.323498
2990,18ZC4773.JPG,0,2096.8,1435.2,2125.6,1482.4,0.315518,-1,epoch_20,0.315518
2991,18ZC4773.JPG,0,1523,2376,1587,2494,0.314157,-1,epoch_20,0.314157
2992,18ZC4773.JPG,0,1655,2493,1850,2564,0.311838,-1,epoch_20,0.311838
2993,18ZC4773.JPG,0,1766,3350,1988,3438,0.311347,-1,epoch_20,0.311347
2994,18ZC4773.JPG,0,1591.2,1811.2,1624.8,1844,0.308026,-1,epoch_20,0.308026
2995,18ZC4773.JPG,0,1440,1098.4,1449.6,1124,0.302621,-1,epoch_20,0.302621
2996,18ZC4773.JPG,0,1920,2704.8,1954.4,2915.2,0.295501,-1,epoch_20,0.295501
2997,18ZC4773.JPG,0,1714,1556,1772,1622,0.286988,-1,epoch_20,0.286988
2998,18ZC4773.JPG,0,3175,2491,3304,2639,0.278058,-1,epoch_20,0.278058
2999,18ZC4773.JPG,0,1296.8,3619.2,1330.4,3672.8,0.27292,-1,epoch_20,0.27292
3000,18ZC4773.JPG,0,960,540,970.4,557.6,0.272251,-1,epoch_20,0.272251
3001,18ZC4773.JPG,0,1744,2862.4,1777.6,2888,0.263556,-1,epoch_20,0.263556
3002,18ZC4773.JPG,0,1504.8,3213.6,1521.6,3235.2,0.26318,-1,epoch_20,0.26318
3003,18ZC4773.JPG,0,1321.6,3630.4,1345.6,3664.8,0.262621,-1,epoch_20,0.262621
3004,18ZC4773.JPG,0,1485,3278,1556,3396,0.258736,-1,epoch_20,0.258736
3005,18ZC4773.JPG,0,1897,590,2033,662,0.253379,-1,epoch_20,0.253379
3006,18ZC4773.JPG,0,2442,3329,2505,3459,0.250316,-1,epoch_20,0.250316
3007,18ZC4773.JPG,0,1497,1058,1656,1138,0.248465,-1,epoch_20,0.248465
3008,18ZC4773.JPG,0,2022,947,2168,1049,0.241774,-1,epoch_20,0.241774
3009,18ZC4773.JPG,0,1303,1678,1444,1768,0.235825,-1,epoch_20,0.235825
3010,18ZC4773.JPG,0,1921,2510,2095,2659,0.229,-1,epoch_20,0.229
3011,18ZC4773.JPG,0,2345,2846,2429,2965,0.226389,-1,epoch_20,0.226389
3012,18ZC4773.JPG,0,1508.8,2005.6,1535.2,2025.6,0.225373,-1,epoch_20,0.225373
3013,18ZC4773.JPG,0,1734,2838,1822,2890,0.220842,-1,epoch_20,0.220842
3014,18ZC4773.JPG,0,1848,3029.6,1884.8,3052,0.219391,-1,epoch_20,0.219391
3015,18ZC4773.JPG,0,1399.2,3520,1423.2,3533.6,0.218,-1,epoch_20,0.218
3016,18ZC4773.JPG,0,1920,2690.4,1935.2,2721.6,0.202444,-1,epoch_20,0.202444
3017,18ZC4773.JPG,0,1737,1285,1832,1359,0.200384,-1,epoch_20,0.200384
3018,18ZC4773.JPG,0,1800.8,880,1856.8,888.8,0.199481,-1,epoch_20,0.199481
3019,18ZC4773.JPG,0,1944,2640,2004,2644,0.199188,-1,epoch_20,0.199188
3020,18ZC4773.JPG,0,1621,2360,1786,2421,0.19331,-1,epoch_20,0.19331
3021,18ZC4773.JPG,0,1440,1044,1457.6,1056.8,0.192493,-1,epoch_20,0.192493
3022,18ZC4773.JPG,0,1476,3692.8,1498.4,3707.2,0.178453,-1,epoch_20,0.178453
3023,18ZC4773.JPG,0,1539,1517,1694,1569,0.172761,-1,epoch_20,0.172761
3024,18ZC4773.JPG,0,1138.4,0,1172,4,0.164497,-1,epoch_20,0.164497
3025,18ZC4773.JPG,0,1842.4,3083.2,1869.6,3112,0.161765,-1,epoch_20,0.161765
3026,18ZC4773.JPG,0,1531.2,3246.4,1545.6,3264,0.157284,-1,epoch_20,0.157284
3027,18ZC4773.JPG,0,1740,1760,1750.4,1764,0.153897,-1,epoch_20,0.153897
3028,18ZC4773.JPG,0,1560,3150.4,1601.6,3190.4,0.144216,-1,epoch_20,0.144216
3029,18ZC4773.JPG,0,1502.4,2395.2,1515.2,2398.4,0.143626,-1,epoch_20,0.143626
3030,18ZC4773.JPG,0,1440,1458.4,1452,1477.6,0.137523,-1,epoch_20,0.137523
3031,18ZC4773.JPG,0,3360,2796.8,3366.4,2832.8,0.135615,-1,epoch_20,0.135615
3032,18ZC4773.JPG,0,1563.2,2372.8,1660.8,2398.4,0.133757,-1,epoch_20,0.133757
3033,18ZC4773.JPG,0,1920,2375.2,1928.8,2399.2,0.130419,-1,epoch_20,0.130419
3034,18ZC4773.JPG,0,1492.8,2016,1512,2034.4,0.127161,-1,epoch_20,0.127161
3035,18ZC4773.JPG,0,960,3592.8,971.2,3624,0.12395,-1,epoch_20,0.12395
3036,18ZC4773.JPG,0,2237.6,2372.8,2431.2,2399.2,0.119495,-1,epoch_20,0.119495
3037,18ZC4773.JPG,0,1440,316.8,1449.6,348,0.117106,-1,epoch_20,0.117106
3038,18ZC4773.JPG,0,1440,230.4,1465.6,256,0.108937,-1,epoch_20,0.108937
3039,18ZC4773.JPG,0,1219.2,132.8,1250.4,170.4,0.108447,-1,epoch_20,0.108447
3040,18ZC4773.JPG,0,1399.2,313.6,1428,404.8,0.106633,-1,epoch_20,0.106633
3041,18ZC4773.JPG,0,1794.4,2269.6,1835.2,2300.8,0.105129,-1,epoch_20,0.105129
3042,18ZC4773.JPG,0,2495.2,275.2,2505.6,290.4,0.101235,-1,epoch_20,0.101235
3043,18ZC4773.JPG,0,2585.6,2827.2,2632,2842.4,0.0998366,-1,epoch_20,0.0998366
3044,18ZC4773.JPG,0,2212,1419.2,2231.2,1452.8,0.0996736,-1,epoch_20,0.0996736
3045,18ZC4773.JPG,0,1491.2,3686.4,1515.2,3713.6,0.0981637,-1,epoch_20,0.0981637
3046,18ZC4773.JPG,0,1496,1969.6,1521.6,1984,0.0961509,-1,epoch_20,0.0961509
3047,18ZC4773.JPG,0,1512,880,1545.6,884.8,0.0923927,-1,epoch_20,0.0923927
3048,18ZC4773.JPG,0,2000,3054.4,2044,3071.2,0.0909198,-1,epoch_20,0.0909198
3049,18ZC4773.JPG,0,1543.2,3217.6,1545.6,3239.2,0.0903941,-1,epoch_20,0.0903941
3050,18ZC4773.JPG,0,1475.2,3207.2,1532,3236,0.0895072,-1,epoch_20,0.0895072
3051,18ZC4773.JPG,0,1916.8,2640,1965.6,2644.8,0.0890605,-1,epoch_20,0.0890605
3052,18ZC4773.JPG,0,1354.4,339.2,1366.4,417.6,0.0888128,-1,epoch_20,0.0888128
3053,18ZC4773.JPG,0,1920,1177.6,1926.4,1225.6,0.0884405,-1,epoch_20,0.0884405
3054,18ZC4773.JPG,0,2372.8,2395.2,2385.6,2398.4,0.0860794,-1,epoch_20,0.0860794
3055,18ZC4773.JPG,0,1420,202.4,1444,238.4,0.0824457,-1,epoch_20,0.0824457
3056,18ZC4773.JPG,0,2448,2640,2484.8,2645.6,0.0805159,-1,epoch_20,0.0805159
3057,18ZC4773.JPG,0,1920,566.4,1929.6,612.8,0.0797145,-1,epoch_20,0.0797145
3058,18ZC4773.JPG,0,1501.6,3725.6,1522.4,3748.8,0.0770577,-1,epoch_20,0.0770577
3059,18ZC4773.JPG,0,1353.6,264,1388.8,284.8,0.0761821,-1,epoch_20,0.0761821
3060,18ZC4773.JPG,0,1536.8,3193.6,1544.8,3206.4,0.0752333,-1,epoch_20,0.0752333
3061,18ZC4773.JPG,0,1543.2,910.4,1545.6,941.6,0.0745304,-1,epoch_20,0.0745304
3062,18ZC4773.JPG,0,1837.6,380.8,1859.2,409.6,0.074312,-1,epoch_20,0.074312
3063,18ZC4773.JPG,0,0,493.6,8,538.4,0.064768,-1,epoch_20,0.064768
3064,18ZC4773.JPG,0,1750.4,588,1785.6,605.6,0.0645524,-1,epoch_20,0.0645524
3065,18ZC4773.JPG,0,825.6,3815.2,856,3831.2,0.0576322,-1,epoch_20,0.0576322
3066,18ZC4773.JPG,0,1541.6,1861.6,1544.8,1959.2,0.0563076,-1,epoch_20,0.0563076
3067,18ZC4773.JPG,0,1508.8,1100.8,1535.2,1133.6,0.0551744,-1,epoch_20,0.0551744
3068,18ZC4773.JPG,0,1656.8,3785.6,1673.6,3828,0.05076,-1,epoch_20,0.05076
3069,18ZC4773.JPG,0,2400,3611.2,2407.2,3639.2,0.0506663,-1,epoch_20,0.0506663
3070,18ZC4890.JPG,1,3628.8,2187.2,3695.2,2234.4,0.999923,-1,epoch_20,0.999923
3071,18ZC4890.JPG,1,3918.4,1864,3987.2,1916.8,0.999902,-1,epoch_20,0.999902
3072,18ZC4890.JPG,1,3778.4,2016.8,3835.2,2080,0.999888,-1,epoch_20,0.999888
3073,18ZC4890.JPG,1,3874.4,2000.8,3969.6,2051.2,0.999846,-1,epoch_20,0.999846
3074,18ZC4890.JPG,1,3063.2,3520,3125.6,3567.2,0.999783,-1,epoch_20,0.999783
3075,18ZC4890.JPG,1,3107.2,3188,3181.6,3228.8,0.999774,-1,epoch_20,0.999774
3076,18ZC4890.JPG,1,3543.2,1797.6,3611.2,1860.8,0.999736,-1,epoch_20,0.999736
3077,18ZC4890.JPG,1,3570.4,2088.8,3636,2136.8,0.999703,-1,epoch_20,0.999703
3078,18ZC4890.JPG,1,3697.6,1796,3776,1871.2,0.999702,-1,epoch_20,0.999702
3079,18ZC4890.JPG,1,3628.8,1904,3696,2026.4,0.999694,-1,epoch_20,0.999694
3080,18ZC4890.JPG,1,3795.2,1963.2,3872,2000,0.999686,-1,epoch_20,0.999686
3081,18ZC4890.JPG,1,3608.8,2224.8,3707.2,2268.8,0.999681,-1,epoch_20,0.999681
3082,18ZC4890.JPG,1,3630.4,2164,3704.8,2191.2,0.99966,-1,epoch_20,0.99966
3083,18ZC4890.JPG,1,3730.4,1920,3781.6,1980.8,0.999659,-1,epoch_20,0.999659
3084,18ZC4890.JPG,1,3696,2020,3760.8,2085.6,0.999572,-1,epoch_20,0.999572
3085,18ZC4890.JPG,1,4445.6,1836.8,4533.6,1887.2,0.999372,-1,epoch_20,0.999372
3086,18ZC4890.JPG,1,3860.8,1832,3925.6,1873.6,0.999326,-1,epoch_20,0.999326
3087,18ZC4890.JPG,1,3769.6,2141.6,3819.2,2196.8,0.999311,-1,epoch_20,0.999311
3088,18ZC4890.JPG,1,4363.2,1031.2,4468,1081.6,0.999296,-1,epoch_20,0.999296
3089,18ZC4890.JPG,1,3656,2051.2,3739.2,2092,0.999223,-1,epoch_20,0.999223
3090,18ZC4890.JPG,1,4057.6,880,4133.6,910.4,0.999223,-1,epoch_20,0.999223
3091,18ZC4890.JPG,1,3588,2135.2,3654.4,2168.8,0.999178,-1,epoch_20,0.999178
3092,18ZC4890.JPG,1,3680,2077.6,3741.6,2114.4,0.999174,-1,epoch_20,0.999174
3093,18ZC4890.JPG,1,3752.8,1998.4,3799.2,2026.4,0.998089,-1,epoch_20,0.998089
3094,18ZC4890.JPG,1,3484.8,2301.6,3533.6,2388,0.997407,-1,epoch_20,0.997407
3095,18ZC4890.JPG,1,3625.6,2249.6,3653.6,2294.4,0.997169,-1,epoch_20,0.997169
3096,18ZC4890.JPG,1,3865.6,2039.2,3884.8,2077.6,0.996374,-1,epoch_20,0.996374
3097,18ZC4890.JPG,1,3840,2038.4,3876,2124,0.996321,-1,epoch_20,0.996321
3098,18ZC4890.JPG,1,3467.2,2297.6,3500.8,2383.2,0.995814,-1,epoch_20,0.995814
3099,18ZC4890.JPG,1,2917.6,3520,2972.8,3551.2,0.995148,-1,epoch_20,0.995148
3100,18ZC4890.JPG,1,2296,1811.2,2353.6,1903.2,0.993777,-1,epoch_20,0.993777
3101,18ZC4890.JPG,1,4303,1559,4429,1642,0.987803,-1,epoch_20,0.987803
3102,18ZC4890.JPG,1,3506,1619,3607,1721,0.985394,-1,epoch_20,0.985394
3103,18ZC4890.JPG,1,3674.4,1916,3720.8,1986.4,0.982494,-1,epoch_20,0.982494
3104,18ZC4890.JPG,1,3659.2,2294.4,3708.8,2334.4,0.9821,-1,epoch_20,0.9821
3105,18ZC4890.JPG,1,3206.4,3104,3259.2,3157.6,0.981615,-1,epoch_20,0.981615
3106,18ZC4890.JPG,1,3756.8,2076,3808.8,2125.6,0.980037,-1,epoch_20,0.980037
3107,18ZC4890.JPG,1,3429.6,2298.4,3474.4,2392,0.979993,-1,epoch_20,0.979993
3108,18ZC4890.JPG,1,3358.4,2286.4,3424,2338.4,0.975758,-1,epoch_20,0.975758
3109,18ZC4890.JPG,1,3947.2,1799.2,3988.8,1855.2,0.975069,-1,epoch_20,0.975069
3110,18ZC4890.JPG,1,3644.8,2098.4,3684,2166.4,0.95082,-1,epoch_20,0.95082
3111,18ZC4890.JPG,1,3677.6,1980,3734.4,2030.4,0.945403,-1,epoch_20,0.945403
3112,18ZC4890.JPG,1,3069,2557,3143,2620,0.923652,-1,epoch_20,0.923652
3113,18ZC4890.JPG,1,4025,631,4099,765,0.910408,-1,epoch_20,0.910408
3114,18ZC4890.JPG,1,4011.2,880,4070.4,892,0.889041,-1,epoch_20,0.889041
3115,18ZC4890.JPG,1,2961,3285,3015,3375,0.880426,-1,epoch_20,0.880426
3116,18ZC4890.JPG,1,3546.4,2128,3600,2152.8,0.871854,-1,epoch_20,0.871854
3117,18ZC4890.JPG,1,3256,2439,3340,2568,0.871315,-1,epoch_20,0.871315
3118,18ZC4890.JPG,1,3931.2,1787.2,3944.8,1863.2,0.803729,-1,epoch_20,0.803729
3119,18ZC4890.JPG,1,3322.4,2366.4,3380.8,2397.6,0.715991,-1,epoch_20,0.715991
3120,18ZC4890.JPG,1,3360,2640,3382.4,2696.8,0.65223,-1,epoch_20,0.65223
3121,18ZC4890.JPG,1,1819,687,1881,748,0.632978,-1,epoch_20,0.632978
3122,18ZC4890.JPG,1,3075,3411,3144,3465,0.622151,-1,epoch_20,0.622151
3123,18ZC4890.JPG,1,3304,2580,3392,2683,0.611081,-1,epoch_20,0.611081
3124,18ZC4890.JPG,1,4105,760,4166,825,0.601758,-1,epoch_20,0.601758
3125,18ZC4890.JPG,1,3383,2526,3461,2603,0.56909,-1,epoch_20,0.56909
3126,18ZC4890.JPG,1,2831,3381,2979,3454,0.538282,-1,epoch_20,0.538282
3127,18ZC4890.JPG,1,2841,3444,2975,3544,0.500864,-1,epoch_20,0.500864
3128,18ZC4890.JPG,1,3360,2304,3372,2383.2,0.488156,-1,epoch_20,0.488156
3129,18ZC4890.JPG,1,3740,1983.2,3768,2084.8,0.480931,-1,epoch_20,0.480931
3130,18ZC4890.JPG,1,3162,2454,3243,2581,0.384172,-1,epoch_20,0.384172
3131,18ZC4890.JPG,1,3934,767,4013,875,0.367409,-1,epoch_20,0.367409
3132,18ZC4890.JPG,1,3954,2406,4005,2487,0.284512,-1,epoch_20,0.284512
3133,18ZC4890.JPG,1,960,2702.4,966.4,2764.8,0.264206,-1,epoch_20,0.264206
3134,18ZC4890.JPG,1,3311,2293,3392,2443,0.260844,-1,epoch_20,0.260844
3135,18ZC4890.JPG,1,3388.8,2319.2,3434.4,2378.4,0.247137,-1,epoch_20,0.247137
3136,18ZC4890.JPG,1,3681,1909,3783,2052,0.235181,-1,epoch_20,0.235181
3137,18ZC4890.JPG,1,3123,2420,3189,2484,0.145086,-1,epoch_20,0.145086
3138,18ZC4890.JPG,1,3935.2,1808,3959.2,1859.2,0.129936,-1,epoch_20,0.129936
3139,18ZC4890.JPG,1,3840,1982.4,3870.4,2004,0.129149,-1,epoch_20,0.129149
3140,18ZC4890.JPG,1,4033,764,4118,848,0.122682,-1,epoch_20,0.122682
3141,18ZC4890.JPG,1,3976,824,4123,894,0.120991,-1,epoch_20,0.120991
3142,18ZC4890.JPG,1,3534,2070,3827,2182,0.0909115,-1,epoch_20,0.0909115
3143,18ZC4890.JPG,1,3304.8,2640.8,3386.4,2662.4,0.0875165,-1,epoch_20,0.0875165
3144,18ZC4890.JPG,1,3456,2310.4,3464.8,2367.2,0.0849475,-1,epoch_20,0.0849475
3145,18ZC4890.JPG,1,2925.6,3520,2976.8,3526.4,0.0844168,-1,epoch_20,0.0844168
3146,18ZC4890.JPG,1,1491.2,432,1500.8,452,0.0754364,-1,epoch_20,0.0754364
3147,18ZC4890.JPG,1,3916.8,1889.6,3944.8,1921.6,0.0574304,-1,epoch_20,0.0574304
3148,18ZC4890.JPG,1,3458.4,2312.8,3464.8,2331.2,0.0559148,-1,epoch_20,0.0559148
3149,18ZC4890.JPG,1,4059.2,880,4101.6,893.6,0.0514765,-1,epoch_20,0.0514765
3150,18ZC5063.JPG,2,3151.2,2148,3226.4,2224,0.999955,-1,epoch_20,0.999955
3151,18ZC5063.JPG,2,2519.2,1368,2597.6,1449.6,0.999913,-1,epoch_20,0.999913
3152,18ZC5063.JPG,2,3028,374.4,3095.2,472.8,0.999906,-1,epoch_20,0.999906
3153,18ZC5063.JPG,2,1325.6,1142.4,1376,1222.4,0.999902,-1,epoch_20,0.999902
3154,18ZC5063.JPG,2,2971.2,416,3064,477.6,0.999715,-1,epoch_20,0.999715
3155,18ZC5063.JPG,2,480,205.6,508,259.2,0.999703,-1,epoch_20,0.999703
3156,18ZC5063.JPG,2,276,9.6001,320,55.2,0.999683,-1,epoch_20,0.999683
3157,18ZC5063.JPG,2,587.2,266.4,638.4,298.4,0.999647,-1,epoch_20,0.999647
3158,18ZC5063.JPG,2,3645.6,1789.6,3679.2,1838.4,0.999621,-1,epoch_20,0.999621
3159,18ZC5063.JPG,2,3012.8,328,3109.6,376,0.999558,-1,epoch_20,0.999558
3160,18ZC5063.JPG,2,588,109.6,624.8,167.2,0.999539,-1,epoch_20,0.999539
3161,18ZC5063.JPG,2,2389.6,2205.6,2414.4,2260,0.999521,-1,epoch_20,0.999521
3162,18ZC5063.JPG,2,1391.2,1176,1449.6,1202.4,0.999467,-1,epoch_20,0.999467
3163,18ZC5063.JPG,2,2302.4,459.2,2346.4,577.6,0.999437,-1,epoch_20,0.999437
3164,18ZC5063.JPG,2,2587.2,2906.4,2631.2,2936,0.999395,-1,epoch_20,0.999395
3165,18ZC5063.JPG,2,339.2,14.3999,384.8,63.2,0.99934,-1,epoch_20,0.99934
3166,18ZC5063.JPG,2,2533.6,1436,2598.4,1494.4,0.999312,-1,epoch_20,0.999312
3167,18ZC5063.JPG,2,1314.4,1286.4,1337.6,1336,0.999268,-1,epoch_20,0.999268
3168,18ZC5063.JPG,2,1060,613.6,1115.2,639.2,0.999207,-1,epoch_20,0.999207
3169,18ZC5063.JPG,2,2351.2,2320.8,2400,2344.8,0.999077,-1,epoch_20,0.999077
3170,18ZC5063.JPG,2,1267.2,1306.4,1302.4,1346.4,0.999001,-1,epoch_20,0.999001
3171,18ZC5063.JPG,2,1315.2,1243.2,1339.2,1284.8,0.998955,-1,epoch_20,0.998955
3172,18ZC5063.JPG,2,524,209.6,574.4,256,0.998916,-1,epoch_20,0.998916
3173,18ZC5063.JPG,2,304,261.6,358.4,296,0.998689,-1,epoch_20,0.998689
3174,18ZC5063.JPG,2,1373.6,1116,1402.4,1162.4,0.998684,-1,epoch_20,0.998684
3175,18ZC5063.JPG,2,2348.8,2246.4,2416.8,2280,0.998594,-1,epoch_20,0.998594
3176,18ZC5063.JPG,2,1224,961.6,1272,991.2,0.998508,-1,epoch_20,0.998508
3177,18ZC5063.JPG,2,2192.8,2013.6,2229.6,2061.6,0.998246,-1,epoch_20,0.998246
3178,18ZC5063.JPG,2,403.2,217.6,460,265.6,0.998229,-1,epoch_20,0.998229
3179,18ZC5063.JPG,2,395.2,33.6001,438.4,72,0.998221,-1,epoch_20,0.998221
3180,18ZC5063.JPG,2,1127.2,1019.2,1187.2,1061.6,0.998206,-1,epoch_20,0.998206
3181,18ZC5063.JPG,2,0,1760,95.2,1811.2,0.99807,-1,epoch_20,0.99807
3182,18ZC5063.JPG,2,645.6,156,669.6,211.2,0.997837,-1,epoch_20,0.997837
3183,18ZC5063.JPG,2,2361.6,2917.6,2416.8,2953.6,0.99779,-1,epoch_20,0.99779
3184,18ZC5063.JPG,2,3136,2196,3218.4,2254.4,0.997712,-1,epoch_20,0.997712
3185,18ZC5063.JPG,2,2676.8,2980,2699.2,3016,0.997676,-1,epoch_20,0.997676
3186,18ZC5063.JPG,2,2684.8,2865.6,2717.6,2900.8,0.997594,-1,epoch_20,0.997594
3187,18ZC5063.JPG,2,2711.2,2992,2774.4,3017.6,0.997535,-1,epoch_20,0.997535
3188,18ZC5063.JPG,2,2703.2,2959.2,2724,3000.8,0.997344,-1,epoch_20,0.997344
3189,18ZC5063.JPG,2,1383.2,4,1472,72.8,0.997131,-1,epoch_20,0.997131
3190,18ZC5063.JPG,2,660,231.2,698.4,272,0.996751,-1,epoch_20,0.996751
3191,18ZC5063.JPG,2,2359.2,2195.2,2402.4,2224,0.996576,-1,epoch_20,0.996576
3192,18ZC5063.JPG,2,2344.8,2269.6,2386.4,2300,0.996127,-1,epoch_20,0.996127
3193,18ZC5063.JPG,2,252.8,209.6,295.2,260,0.995759,-1,epoch_20,0.995759
3194,18ZC5063.JPG,2,2518.4,2876,2561.6,2916,0.99558,-1,epoch_20,0.99558
3195,18ZC5063.JPG,2,1068,1769.6,1109.6,1803.2,0.995495,-1,epoch_20,0.995495
3196,18ZC5063.JPG,2,1664.8,1487.2,1716,1519.2,0.995288,-1,epoch_20,0.995288
3197,18ZC5063.JPG,2,3217.6,2148,3254.4,2195.2,0.995226,-1,epoch_20,0.995226
3198,18ZC5063.JPG,2,2433.6,2935.2,2480.8,2965.6,0.994974,-1,epoch_20,0.994974
3199,18ZC5063.JPG,2,1266.4,1334.4,1302.4,1377.6,0.994804,-1,epoch_20,0.994804
3200,18ZC5063.JPG,2,1203.2,1085.6,1242.4,1140.8,0.994793,-1,epoch_20,0.994793
3201,18ZC5063.JPG,2,1336.8,1030.4,1401.6,1068.8,0.992709,-1,epoch_20,0.992709
3202,18ZC5063.JPG,2,1517.6,96.8,1544.8,141.6,0.992601,-1,epoch_20,0.992601
3203,18ZC5063.JPG,2,2655.2,2969.6,2699.2,2994.4,0.991505,-1,epoch_20,0.991505
3204,18ZC5063.JPG,2,1740.8,2220.8,1790.4,2242.4,0.991426,-1,epoch_20,0.991426
3205,18ZC5063.JPG,2,2560.8,1491.2,2611.2,1519.2,0.991126,-1,epoch_20,0.991126
3206,18ZC5063.JPG,2,2356.8,2296,2403.2,2321.6,0.99055,-1,epoch_20,0.99055
3207,18ZC5063.JPG,2,1386.4,1260,1441.6,1297.6,0.990165,-1,epoch_20,0.990165
3208,18ZC5063.JPG,2,1336.8,1004.8,1395.2,1028.8,0.989852,-1,epoch_20,0.989852
3209,18ZC5063.JPG,2,1440,1292,1471.2,1342.4,0.987349,-1,epoch_20,0.987349
3210,18ZC5063.JPG,2,2723.2,2940,2755.2,2980,0.986179,-1,epoch_20,0.986179
3211,18ZC5063.JPG,2,522.4,38.3999,589.6,92,0.981126,-1,epoch_20,0.981126
3212,18ZC5063.JPG,2,670.4,173.6,719.2,218.4,0.980337,-1,epoch_20,0.980337
3213,18ZC5063.JPG,2,2720.8,2960.8,2765.6,3000.8,0.979631,-1,epoch_20,0.979631
3214,18ZC5063.JPG,2,652.8,97.6001,712,136,0.977777,-1,epoch_20,0.977777
3215,18ZC5063.JPG,2,648.8,313.6,674.4,357.6,0.976548,-1,epoch_20,0.976548
3216,18ZC5063.JPG,2,182.4,342.4,241.6,382.4,0.976169,-1,epoch_20,0.976169
3217,18ZC5063.JPG,2,256,238.4,310.4,278.4,0.97557,-1,epoch_20,0.97557
3218,18ZC5063.JPG,2,1994.4,880,2025.6,904.8,0.970929,-1,epoch_20,0.970929
3219,18ZC5063.JPG,2,1195.2,890.4,1239.2,910.4,0.969274,-1,epoch_20,0.969274
3220,18ZC5063.JPG,2,1216,940.8,1264,974.4,0.962954,-1,epoch_20,0.962954
3221,18ZC5063.JPG,2,3673.6,1760.8,3771.2,1816.8,0.962385,-1,epoch_20,0.962385
3222,18ZC5063.JPG,2,3175.2,2081.6,3226.4,2150.4,0.96223,-1,epoch_20,0.96223
3223,18ZC5063.JPG,2,2632.8,2937.6,2680,2974.4,0.961966,-1,epoch_20,0.961966
3224,18ZC5063.JPG,2,669.6,316,731.2,348.8,0.959028,-1,epoch_20,0.959028
3225,18ZC5063.JPG,2,2400,2349.6,2414.4,2384,0.950971,-1,epoch_20,0.950971
3226,18ZC5063.JPG,2,412,292,495,373,0.948693,-1,epoch_20,0.948693
3227,18ZC5063.JPG,2,862.4,192.8,898.4,240,0.945873,-1,epoch_20,0.945873
3228,18ZC5063.JPG,2,3901,1545,3967,1603,0.944091,-1,epoch_20,0.944091
3229,18ZC5063.JPG,2,347.2,229.6,370.4,292.8,0.941941,-1,epoch_20,0.941941
3230,18ZC5063.JPG,2,1021.6,1397.6,1075.2,1432,0.937723,-1,epoch_20,0.937723
3231,18ZC5063.JPG,2,1217.6,888.8,1256.8,929.6,0.935819,-1,epoch_20,0.935819
3232,18ZC5063.JPG,2,1104.8,2142.4,1140,2164.8,0.935629,-1,epoch_20,0.935629
3233,18ZC5063.JPG,2,3153,1894,3227,1981,0.920349,-1,epoch_20,0.920349
3234,18ZC5063.JPG,2,3673,621,3805,689,0.911118,-1,epoch_20,0.911118
3235,18ZC5063.JPG,2,2658.4,2842.4,2689.6,2875.2,0.894296,-1,epoch_20,0.894296
3236,18ZC5063.JPG,2,4539,2941,4637,3024,0.893949,-1,epoch_20,0.893949
3237,18ZC5063.JPG,2,594.4,380.8,652,424.8,0.891089,-1,epoch_20,0.891089
3238,18ZC5063.JPG,2,1072.8,1157.6,1115.2,1182.4,0.880134,-1,epoch_20,0.880134
3239,18ZC5063.JPG,2,1920,2098.4,1949.6,2138.4,0.87151,-1,epoch_20,0.87151
3240,18ZC5063.JPG,2,1381.6,0,1435.2,16,0.860818,-1,epoch_20,0.860818
3241,18ZC5063.JPG,2,2351.2,2339.2,2399.2,2372,0.852407,-1,epoch_20,0.852407
3242,18ZC5063.JPG,2,4010,1587,4077,1686,0.848632,-1,epoch_20,0.848632
3243,18ZC5063.JPG,2,1374,1242,1467,1335,0.8422,-1,epoch_20,0.8422
3244,18ZC5063.JPG,2,783.2,211.2,816,252,0.840917,-1,epoch_20,0.840917
3245,18ZC5063.JPG,2,4290,3309,4377,3375,0.828954,-1,epoch_20,0.828954
3246,18ZC5063.JPG,2,2862,1493,2978,1568,0.82811,-1,epoch_20,0.82811
3247,18ZC5063.JPG,2,2676,2921.6,2716,2956.8,0.8257,-1,epoch_20,0.8257
3248,18ZC5063.JPG,2,2978,1603,3054,1705,0.802198,-1,epoch_20,0.802198
3249,18ZC5063.JPG,2,2400,2924,2414.4,2955.2,0.792876,-1,epoch_20,0.792876
3250,18ZC5063.JPG,2,3904,1325,3962,1394,0.789349,-1,epoch_20,0.789349
3251,18ZC5063.JPG,2,2764.8,3065.6,2796.8,3125.6,0.769217,-1,epoch_20,0.769217
3252,18ZC5063.JPG,2,2274.4,2297.6,2314.4,2332,0.766881,-1,epoch_20,0.766881
3253,18ZC5063.JPG,2,4669,3017,4814,3072,0.760059,-1,epoch_20,0.760059
3254,18ZC5063.JPG,2,5304,2946,5388,2997,0.757833,-1,epoch_20,0.757833
3255,18ZC5063.JPG,2,4776,230,4829,307,0.751403,-1,epoch_20,0.751403
3256,18ZC5063.JPG,2,3433,2762,3531,2907,0.746149,-1,epoch_20,0.746149
3257,18ZC5063.JPG,2,2392,2387,2460,2453,0.736337,-1,epoch_20,0.736337
3258,18ZC5063.JPG,2,2789.6,1378.4,2870.4,1408,0.72895,-1,epoch_20,0.72895
3259,18ZC5063.JPG,2,2597,2931,2697,3030,0.727959,-1,epoch_20,0.727959
3260,18ZC5063.JPG,2,1188.8,880,1225.6,897.6,0.726251,-1,epoch_20,0.726251
3261,18ZC5063.JPG,2,1472,1155.2,1493.6,1201.6,0.72493,-1,epoch_20,0.72493
3262,18ZC5063.JPG,2,3127.2,2266.4,3163.2,2289.6,0.718511,-1,epoch_20,0.718511
3263,18ZC5063.JPG,2,2111.2,520,2141.6,566.4,0.713897,-1,epoch_20,0.713897
3264,18ZC5063.JPG,2,241,222,369,293,0.709453,-1,epoch_20,0.709453
3265,18ZC5063.JPG,2,3504,3117,3564,3260,0.687107,-1,epoch_20,0.687107
3266,18ZC5063.JPG,2,2658,2832,2721,2907,0.685939,-1,epoch_20,0.685939
3267,18ZC5063.JPG,2,1532,2320.8,1544.8,2356,0.678991,-1,epoch_20,0.678991
3268,18ZC5063.JPG,2,3437.6,2791.2,3464.8,2832,0.675369,-1,epoch_20,0.675369
3269,18ZC5063.JPG,2,1427,1790,1522,1847,0.67227,-1,epoch_20,0.67227
3270,18ZC5063.JPG,2,2720.8,3016.8,2764.8,3041.6,0.669301,-1,epoch_20,0.669301
3271,18ZC5063.JPG,2,2401.6,2388.8,2433.6,2399.2,0.666237,-1,epoch_20,0.666237
3272,18ZC5063.JPG,2,3617,2452,3692,2536,0.654744,-1,epoch_20,0.654744
3273,18ZC5063.JPG,2,1584.8,2379.2,1663.2,2399.2,0.654683,-1,epoch_20,0.654683
3274,18ZC5063.JPG,2,2400,886.4,2435.2,913.6,0.651127,-1,epoch_20,0.651127
3275,18ZC5063.JPG,2,2616,2823.2,2656,2844,0.646192,-1,epoch_20,0.646192
3276,18ZC5063.JPG,2,3970,1369,4034,1428,0.644222,-1,epoch_20,0.644222
3277,18ZC5063.JPG,2,3196,3593,3306,3665,0.638513,-1,epoch_20,0.638513
3278,18ZC5063.JPG,2,4609,1440,4692,1500,0.636876,-1,epoch_20,0.636876
3279,18ZC5063.JPG,2,628.8,447.2,681.6,481.6,0.623396,-1,epoch_20,0.623396
3280,18ZC5063.JPG,2,1163,867,1269,989,0.617691,-1,epoch_20,0.617691
3281,18ZC5063.JPG,2,3838,1825,3932,1905,0.616598,-1,epoch_20,0.616598
3282,18ZC5063.JPG,2,3812,1427,3920,1493,0.608918,-1,epoch_20,0.608918
3283,18ZC5063.JPG,2,4535,3120,4614,3215,0.601749,-1,epoch_20,0.601749
3284,18ZC5063.JPG,2,290,774,378,836,0.594557,-1,epoch_20,0.594557
3285,18ZC5063.JPG,2,5595,3276,5675,3394,0.580969,-1,epoch_20,0.580969
3286,18ZC5063.JPG,2,3120.8,2223.2,3179.2,2272.8,0.565377,-1,epoch_20,0.565377
3287,18ZC5063.JPG,2,30.4,144,68.8,193.6,0.564868,-1,epoch_20,0.564868
3288,18ZC5063.JPG,2,3211,2227,3314,2334,0.561408,-1,epoch_20,0.561408
3289,18ZC5063.JPG,2,1642,2172,1713,2297,0.560999,-1,epoch_20,0.560999
3290,18ZC5063.JPG,2,4269,2290,4369,2419,0.557555,-1,epoch_20,0.557555
3291,18ZC5063.JPG,2,3118,917,3221,971,0.548897,-1,epoch_20,0.548897
3292,18ZC5063.JPG,2,1473.6,1821.6,1503.2,1875.2,0.547955,-1,epoch_20,0.547955
3293,18ZC5063.JPG,2,886,984,955,1114,0.546343,-1,epoch_20,0.546343
3294,18ZC5063.JPG,2,2546,1570,2676,1646,0.540632,-1,epoch_20,0.540632
3295,18ZC5063.JPG,2,4671,1058,4744,1111,0.526956,-1,epoch_20,0.526956
3296,18ZC5063.JPG,2,5680,3708,5739,3805,0.518266,-1,epoch_20,0.518266
3297,18ZC5063.JPG,2,3117,1806,3195,1881,0.50484,-1,epoch_20,0.50484
3298,18ZC5063.JPG,2,3426,2482,3517,2537,0.500143,-1,epoch_20,0.500143
3299,18ZC5063.JPG,2,1694,1130,1809,1196,0.491964,-1,epoch_20,0.491964
3300,18ZC5063.JPG,2,343.2,547.2,426.4,599.2,0.490649,-1,epoch_20,0.490649
3301,18ZC5063.JPG,2,4190,2252,4263,2314,0.489683,-1,epoch_20,0.489683
3302,18ZC5063.JPG,2,1340,1018.4,1396,1040,0.488464,-1,epoch_20,0.488464
3303,18ZC5063.JPG,2,645,62,727,209,0.486203,-1,epoch_20,0.486203
3304,18ZC5063.JPG,2,2357.6,2364.8,2406.4,2395.2,0.476239,-1,epoch_20,0.476239
3305,18ZC5063.JPG,2,2842,1407,2898,1469,0.471879,-1,epoch_20,0.471879
3306,18ZC5063.JPG,2,4238,2181,4324,2290,0.470634,-1,epoch_20,0.470634
3307,18ZC5063.JPG,2,1023,611,1131,691,0.451857,-1,epoch_20,0.451857
3308,18ZC5063.JPG,2,480,613.6,499.2,639.2,0.450819,-1,epoch_20,0.450819
3309,18ZC5063.JPG,2,1505,201,1631,268,0.434779,-1,epoch_20,0.434779
3310,18ZC5063.JPG,2,3980,3266,4091,3328,0.431097,-1,epoch_20,0.431097
3311,18ZC5063.JPG,2,1768,1418,1859,1504,0.4273,-1,epoch_20,0.4273
3312,18ZC5063.JPG,2,1152,2356,1248.8,2399.2,0.423725,-1,epoch_20,0.423725
3313,18ZC5063.JPG,2,3671.2,1762.4,3692,1819.2,0.42276,-1,epoch_20,0.42276
3314,18ZC5063.JPG,2,1605.6,1491.2,1640,1519.2,0.413316,-1,epoch_20,0.413316
3315,18ZC5063.JPG,2,905,733,1005,800,0.409341,-1,epoch_20,0.409341
3316,18ZC5063.JPG,2,2633.6,2984,2681.6,3027.2,0.407203,-1,epoch_20,0.407203
3317,18ZC5063.JPG,2,4083,3493,4239,3640,0.401016,-1,epoch_20,0.401016
3318,18ZC5063.JPG,2,3570,534,3703,588,0.391844,-1,epoch_20,0.391844
3319,18ZC5063.JPG,2,618.4,168,652.8,196.8,0.39008,-1,epoch_20,0.39008
3320,18ZC5063.JPG,2,1491,2183,1621,2316,0.375848,-1,epoch_20,0.375848
3321,18ZC5063.JPG,2,3774,1741,3893,1815,0.375406,-1,epoch_20,0.375406
3322,18ZC5063.JPG,2,756,1165,917,1258,0.368494,-1,epoch_20,0.368494
3323,18ZC5063.JPG,2,2649,1539,2830,1603,0.367729,-1,epoch_20,0.367729
3324,18ZC5063.JPG,2,1471,305,1528,389,0.356763,-1,epoch_20,0.356763
3325,18ZC5063.JPG,2,3500,2571,3655,2637,0.356152,-1,epoch_20,0.356152
3326,18ZC5063.JPG,2,1098,1394,1146,1468,0.350704,-1,epoch_20,0.350704
3327,18ZC5063.JPG,2,4046,1981,4158,2047,0.349337,-1,epoch_20,0.349337
3328,18ZC5063.JPG,2,2616,1246,2670,1325,0.347716,-1,epoch_20,0.347716
3329,18ZC5063.JPG,2,2641.6,2811.2,2676.8,2832.8,0.346654,-1,epoch_20,0.346654
3330,18ZC5063.JPG,2,3472.8,3267.2,3500,3279.2,0.342428,-1,epoch_20,0.342428
3331,18ZC5063.JPG,2,2,0,138,45,0.338608,-1,epoch_20,0.338608
3332,18ZC5063.JPG,2,2998,1828,3096,1877,0.333464,-1,epoch_20,0.333464
3333,18ZC5063.JPG,2,620.8,470.4,683.2,507.2,0.331908,-1,epoch_20,0.331908
3334,18ZC5063.JPG,2,3577,1851,3671,1922,0.331257,-1,epoch_20,0.331257
3335,18ZC5063.JPG,2,686.4,144.8,724,179.2,0.328587,-1,epoch_20,0.328587
3336,18ZC5063.JPG,2,532,321,691,386,0.326709,-1,epoch_20,0.326709
3337,18ZC5063.JPG,2,3498,446,3622,503,0.326025,-1,epoch_20,0.326025
3338,18ZC5063.JPG,2,1583,284,1725,348,0.322,-1,epoch_20,0.322
3339,18ZC5063.JPG,2,3833,1663,3899,1813,0.317862,-1,epoch_20,0.317862
3340,18ZC5063.JPG,2,3090,2249,3182,2324,0.308909,-1,epoch_20,0.308909
3341,18ZC5063.JPG,2,2036,228,2083.2,289.6,0.302698,-1,epoch_20,0.302698
3342,18ZC5063.JPG,2,5021.6,880,5088,889.6,0.254605,-1,epoch_20,0.254605
3343,18ZC5063.JPG,2,696,224,720,256,0.240322,-1,epoch_20,0.240322
3344,18ZC5063.JPG,2,1752,2269.6,1788.8,2287.2,0.236279,-1,epoch_20,0.236279
3345,18ZC5063.JPG,2,2.4,135.2,36,160.8,0.229795,-1,epoch_20,0.229795
3346,18ZC5063.JPG,2,683.2,128.8,710.4,160,0.212756,-1,epoch_20,0.212756
3347,18ZC5063.JPG,2,4222.4,3520,4238.4,3526.4,0.209097,-1,epoch_20,0.209097
3348,18ZC5063.JPG,2,2603.2,2943.2,2647.2,2967.2,0.206519,-1,epoch_20,0.206519
3349,18ZC5063.JPG,2,3211.2,2224.8,3270.4,2256,0.204638,-1,epoch_20,0.204638
3350,18ZC5063.JPG,2,1440,1178.4,1448,1197.6,0.203534,-1,epoch_20,0.203534
3351,18ZC5063.JPG,2,2880,3799.2,2885.6,3835.2,0.186035,-1,epoch_20,0.186035
3352,18ZC5063.JPG,2,603.2,529.6,714.4,572.8,0.179533,-1,epoch_20,0.179533
3353,18ZC5063.JPG,2,672.8,76.8,725.6,112.8,0.156496,-1,epoch_20,0.156496
3354,18ZC5063.JPG,2,1440,1293.6,1454.4,1320,0.147532,-1,epoch_20,0.147532
3355,18ZC5063.JPG,2,1440,2316.8,1449.6,2380,0.147183,-1,epoch_20,0.147183
3356,18ZC5063.JPG,2,633.6,140,658.4,176,0.146952,-1,epoch_20,0.146952
3357,18ZC5063.JPG,2,1600.8,1955.2,1634.4,1974.4,0.144278,-1,epoch_20,0.144278
3358,18ZC5063.JPG,2,1538.4,0,1545.6,17.6001,0.142867,-1,epoch_20,0.142867
3359,18ZC5063.JPG,2,1736,1951.2,1767.2,1976,0.136894,-1,epoch_20,0.136894
3360,18ZC5063.JPG,2,144.8,315.2,196.8,401.6,0.11969,-1,epoch_20,0.11969
3361,18ZC5063.JPG,2,1547.2,1841.6,1577.6,1854.4,0.116727,-1,epoch_20,0.116727
3362,18ZC5063.JPG,2,3972.8,880,3983.2,884,0.115522,-1,epoch_20,0.115522
3363,18ZC5063.JPG,2,2276.8,2197.6,2297.6,2229.6,0.108177,-1,epoch_20,0.108177
3364,18ZC5063.JPG,2,2597.6,2791.2,2633.6,2840,0.106259,-1,epoch_20,0.106259
3365,18ZC5063.JPG,2,1440.8,0,1480,4,0.104149,-1,epoch_20,0.104149
3366,18ZC5063.JPG,2,2560,1470.4,2592.8,1496,0.103316,-1,epoch_20,0.103316
3367,18ZC5063.JPG,2,4320,3069.6,4408.8,3142.4,0.0885834,-1,epoch_20,0.0885834
3368,18ZC5063.JPG,2,2721.6,3786.4,2747.2,3831.2,0.0875014,-1,epoch_20,0.0875014
3369,18ZC5063.JPG,2,1400,2384.8,1433.6,2399.2,0.0867607,-1,epoch_20,0.0867607
3370,18ZC5063.JPG,2,1181.6,939.2,1219.2,976.8,0.0826586,-1,epoch_20,0.0826586
3371,18ZC5063.JPG,2,3408.8,2315.2,3446.4,2361.6,0.0807773,-1,epoch_20,0.0807773
3372,18ZC5063.JPG,2,1524,2218.4,1544.8,2277.6,0.0807462,-1,epoch_20,0.0807462
3373,18ZC5063.JPG,2,1240,1769.6,1301.6,1828,0.0805663,-1,epoch_20,0.0805663
3374,18ZC5063.JPG,2,5679.2,631.2,5756,639.2,0.0804097,-1,epoch_20,0.0804097
3375,18ZC5063.JPG,2,3664.8,1760,3708.8,1763.2,0.0803973,-1,epoch_20,0.0803973
3376,18ZC5063.JPG,2,1920,1923.2,1928.8,1956.8,0.0786446,-1,epoch_20,0.0786446
3377,18ZC5063.JPG,2,1440,1829.6,1446.4,1892.8,0.0695852,-1,epoch_20,0.0695852
3378,18ZC5063.JPG,2,1155.2,1152.8,1176.8,1191.2,0.0664567,-1,epoch_20,0.0664567
3379,18ZC5063.JPG,2,0,110.4,10.4,144,0.0664223,-1,epoch_20,0.0664223
3380,18ZC5063.JPG,2,1440,1869.6,1450.4,1916.8,0.0658725,-1,epoch_20,0.0658725
3381,18ZC5063.JPG,2,591.2,881.6,672.8,912.8,0.0594949,-1,epoch_20,0.0594949
3382,18ZC5063.JPG,2,3745.6,1979.2,3821.6,2047.2,0.0578107,-1,epoch_20,0.0578107
3383,18ZC5063.JPG,2,0,2034.4,8,2075.2,0.056659,-1,epoch_20,0.056659
3384,18ZC5063.JPG,2,1932.8,2031.2,1960.8,2048.8,0.0563294,-1,epoch_20,0.0563294
3385,18ZC5063.JPG,2,679.2,880,715.2,901.6,0.0530555,-1,epoch_20,0.0530555
3386,18ZC5063.JPG,2,1440,1904.8,1465.6,1980.8,0.0529393,-1,epoch_20,0.0529393
3387,18ZC5064.JPG,3,3001.6,1925.6,3080,2016.8,0.999936,-1,epoch_20,0.999936
3388,18ZC5064.JPG,3,3345.6,1428.8,3416,1511.2,0.999932,-1,epoch_20,0.999932
3389,18ZC5064.JPG,3,3250.4,1416,3306.4,1501.6,0.99992,-1,epoch_20,0.99992
3390,18ZC5064.JPG,3,3311.2,1212,3366.4,1240.8,0.999912,-1,epoch_20,0.999912
3391,18ZC5064.JPG,3,593.6,1181.6,662.4,1248,0.999906,-1,epoch_20,0.999906
3392,18ZC5064.JPG,3,1248,1352,1323.2,1441.6,0.999905,-1,epoch_20,0.999905
3393,18ZC5064.JPG,3,520,332.8,567.2,369.6,0.99989,-1,epoch_20,0.99989
3394,18ZC5064.JPG,3,1173.6,1356,1253.6,1496.8,0.999887,-1,epoch_20,0.999887
3395,18ZC5064.JPG,3,361.6,933.6,418.4,1002.4,0.999868,-1,epoch_20,0.999868
3396,18ZC5064.JPG,3,180.8,376.8,224.8,431.2,0.999816,-1,epoch_20,0.999816
3397,18ZC5064.JPG,3,2780,2127.2,2833.6,2168,0.999814,-1,epoch_20,0.999814
3398,18ZC5064.JPG,3,575.2,267.2,607.2,312,0.999807,-1,epoch_20,0.999807
3399,18ZC5064.JPG,3,2190.4,2352.8,2215.2,2398.4,0.999804,-1,epoch_20,0.999804
3400,18ZC5064.JPG,3,4012.8,3560,4090.4,3643.2,0.999789,-1,epoch_20,0.999789
3401,18ZC5064.JPG,3,3551.2,1446.4,3641.6,1496.8,0.999783,-1,epoch_20,0.999783
3402,18ZC5064.JPG,3,2437.6,2936,2470.4,2980.8,0.99978,-1,epoch_20,0.99978
3403,18ZC5064.JPG,3,2510.4,1244.8,2584.8,1320.8,0.999776,-1,epoch_20,0.999776
3404,18ZC5064.JPG,3,3378.4,1768.8,3402.4,1811.2,0.999774,-1,epoch_20,0.999774
3405,18ZC5064.JPG,3,416,1303.2,467.2,1372,0.999749,-1,epoch_20,0.999749
3406,18ZC5064.JPG,3,1834.4,2205.6,1879.2,2251.2,0.999736,-1,epoch_20,0.999736
3407,18ZC5064.JPG,3,2001.6,2119.2,2037.6,2164,0.999732,-1,epoch_20,0.999732
3408,18ZC5064.JPG,3,304.8,901.6,384,958.4,0.999728,-1,epoch_20,0.999728
3409,18ZC5064.JPG,3,2487.2,2924,2505.6,2968.8,0.999727,-1,epoch_20,0.999727
3410,18ZC5064.JPG,3,3262.4,1458.4,3344,1516,0.999713,-1,epoch_20,0.999713
3411,18ZC5064.JPG,3,1190.4,1275.2,1243.2,1301.6,0.999708,-1,epoch_20,0.999708
3412,18ZC5064.JPG,3,3656,1267.2,3701.6,1318.4,0.999702,-1,epoch_20,0.999702
3413,18ZC5064.JPG,3,3814.4,2660,3856.8,2778.4,0.999672,-1,epoch_20,0.999672
3414,18ZC5064.JPG,3,609.6,582.4,683.2,637.6,0.999654,-1,epoch_20,0.999654
3415,18ZC5064.JPG,3,2898.4,2064,2984,2140,0.999653,-1,epoch_20,0.999653
3416,18ZC5064.JPG,3,3600.8,1795.2,3648.8,1848,0.999644,-1,epoch_20,0.999644
3417,18ZC5064.JPG,3,3487.2,1815.2,3576.8,1868,0.999633,-1,epoch_20,0.999633
3418,18ZC5064.JPG,3,3002.4,2159.2,3056.8,2240,0.999626,-1,epoch_20,0.999626
3419,18ZC5064.JPG,3,159.2,965.6,195.2,1008.8,0.999623,-1,epoch_20,0.999623
3420,18ZC5064.JPG,3,459.2,396,510.4,436,0.999614,-1,epoch_20,0.999614
3421,18ZC5064.JPG,3,2363.2,980.8,2435.2,1052.8,0.999613,-1,epoch_20,0.999613
3422,18ZC5064.JPG,3,3361.6,1364.8,3395.2,1404,0.999601,-1,epoch_20,0.999601
3423,18ZC5064.JPG,3,428.8,168,451.2,223.2,0.999582,-1,epoch_20,0.999582
3424,18ZC5064.JPG,3,2640.8,3199.2,2700,3236.8,0.999572,-1,epoch_20,0.999572
3425,18ZC5064.JPG,3,248,1343.2,316.8,1388.8,0.999508,-1,epoch_20,0.999508
3426,18ZC5064.JPG,3,3402.4,1376,3464.8,1456,0.99948,-1,epoch_20,0.99948
3427,18ZC5064.JPG,3,1716,1940.8,1743.2,1992,0.999471,-1,epoch_20,0.999471
3428,18ZC5064.JPG,3,2800.8,1066.4,2838.4,1113.6,0.999444,-1,epoch_20,0.999444
3429,18ZC5064.JPG,3,696.8,85.6001,739.2,115.2,0.999436,-1,epoch_20,0.999436
3430,18ZC5064.JPG,3,3123.2,1792,3161.6,1855.2,0.999397,-1,epoch_20,0.999397
3431,18ZC5064.JPG,3,2812,3006.4,2836.8,3044,0.999397,-1,epoch_20,0.999397
3432,18ZC5064.JPG,3,3547.2,1355.2,3619.2,1451.2,0.999354,-1,epoch_20,0.999354
3433,18ZC5064.JPG,3,610.4,269.6,661.6,300,0.999346,-1,epoch_20,0.999346
3434,18ZC5064.JPG,3,2040.8,1928.8,2066.4,1974.4,0.999336,-1,epoch_20,0.999336
3435,18ZC5064.JPG,3,657.6,147.2,704,175.2,0.999295,-1,epoch_20,0.999295
3436,18ZC5064.JPG,3,2528.8,1392,2548,1422.4,0.999286,-1,epoch_20,0.999286
3437,18ZC5064.JPG,3,3304,1409.6,3348,1490.4,0.999281,-1,epoch_20,0.999281
3438,18ZC5064.JPG,3,2100,2864,2127.2,2904,0.999235,-1,epoch_20,0.999235
3439,18ZC5064.JPG,3,2938.4,1862.4,2972.8,1912.8,0.999214,-1,epoch_20,0.999214
3440,18ZC5064.JPG,3,1202.4,1162.4,1228,1202.4,0.999213,-1,epoch_20,0.999213
3441,18ZC5064.JPG,3,4052.8,3683.2,4100.8,3772.8,0.999194,-1,epoch_20,0.999194
3442,18ZC5064.JPG,3,1894.4,2149.6,1918.4,2198.4,0.999098,-1,epoch_20,0.999098
3443,18ZC5064.JPG,3,4025.6,3626.4,4089.6,3687.2,0.999075,-1,epoch_20,0.999075
3444,18ZC5064.JPG,3,3428,1346.4,3497.6,1379.2,0.99905,-1,epoch_20,0.99905
3445,18ZC5064.JPG,3,1554.4,1360.8,1594.4,1393.6,0.999032,-1,epoch_20,0.999032
3446,18ZC5064.JPG,3,2136,2307.2,2174.4,2363.2,0.998992,-1,epoch_20,0.998992
3447,18ZC5064.JPG,3,1106.4,1218.4,1136,1267.2,0.998986,-1,epoch_20,0.998986
3448,18ZC5064.JPG,3,2599.2,2948,2659.2,2969.6,0.998954,-1,epoch_20,0.998954
3449,18ZC5064.JPG,3,2693.6,1328.8,2758.4,1394.4,0.998951,-1,epoch_20,0.998951
3450,18ZC5064.JPG,3,1004,1212.8,1048,1269.6,0.998814,-1,epoch_20,0.998814
3451,18ZC5064.JPG,3,365.6,328,415.2,353.6,0.998793,-1,epoch_20,0.998793
3452,18ZC5064.JPG,3,561.6,457.6,597.6,499.2,0.998739,-1,epoch_20,0.998739
3453,18ZC5064.JPG,3,669.6,1811.2,726.4,1833.6,0.998733,-1,epoch_20,0.998733
3454,18ZC5064.JPG,3,2725.6,3138.4,2786.4,3170.4,0.998681,-1,epoch_20,0.998681
3455,18ZC5064.JPG,3,525.6,281.6,557.6,334.4,0.998659,-1,epoch_20,0.998659
3456,18ZC5064.JPG,3,592,1228,655.2,1297.6,0.998627,-1,epoch_20,0.998627
3457,18ZC5064.JPG,3,1992,2163.2,2028,2204.8,0.998522,-1,epoch_20,0.998522
3458,18ZC5064.JPG,3,1898.4,2208.8,1937.6,2260,0.998517,-1,epoch_20,0.998517
3459,18ZC5064.JPG,3,445.6,535.2,500,567.2,0.998451,-1,epoch_20,0.998451
3460,18ZC5064.JPG,3,254.4,963.2,344,1000.8,0.998433,-1,epoch_20,0.998433
3461,18ZC5064.JPG,3,481.6,252,516.8,312,0.998421,-1,epoch_20,0.998421
3462,18ZC5064.JPG,3,2847.2,2067.2,2899.2,2145.6,0.998409,-1,epoch_20,0.998409
3463,18ZC5064.JPG,3,2505.6,2995.2,2553.6,3030.4,0.998339,-1,epoch_20,0.998339
3464,18ZC5064.JPG,3,2735.2,1486.4,2760,1518.4,0.998243,-1,epoch_20,0.998243
3465,18ZC5064.JPG,3,3220.8,1491.2,3256.8,1519.2,0.998229,-1,epoch_20,0.998229
3466,18ZC5064.JPG,3,488,441.6,520,482.4,0.998229,-1,epoch_20,0.998229
3467,18ZC5064.JPG,3,298.4,1035.2,381.6,1067.2,0.998085,-1,epoch_20,0.998085
3468,18ZC5064.JPG,3,3045.6,2301.6,3074.4,2343.2,0.99801,-1,epoch_20,0.99801
3469,18ZC5064.JPG,3,480,1260,545.6,1361.6,0.997977,-1,epoch_20,0.997977
3470,18ZC5064.JPG,3,479.2,1263.2,524.8,1292,0.997961,-1,epoch_20,0.997961
3471,18ZC5064.JPG,3,560,195.2,602.4,237.6,0.997949,-1,epoch_20,0.997949
3472,18ZC5064.JPG,3,5405.6,3742.4,5474.4,3820,0.997874,-1,epoch_20,0.997874
3473,18ZC5064.JPG,3,177.6,1016.8,245.6,1066.4,0.997809,-1,epoch_20,0.997809
3474,18ZC5064.JPG,3,2619.2,1137.6,2684,1232.8,0.997778,-1,epoch_20,0.997778
3475,18ZC5064.JPG,3,2213.6,2372,2262.4,2398.4,0.997735,-1,epoch_20,0.997735
3476,18ZC5064.JPG,3,498.4,138.4,516,170.4,0.997553,-1,epoch_20,0.997553
3477,18ZC5064.JPG,3,636,1234.4,709.6,1286.4,0.997433,-1,epoch_20,0.997433
3478,18ZC5064.JPG,3,4497.6,2640,4584,2678.4,0.997141,-1,epoch_20,0.997141
3479,18ZC5064.JPG,3,584.8,506.4,627.2,540.8,0.996976,-1,epoch_20,0.996976
3480,18ZC5064.JPG,3,3507.2,1391.2,3561.6,1476,0.996889,-1,epoch_20,0.996889
3481,18ZC5064.JPG,3,2135.2,2026.4,2184,2055.2,0.996864,-1,epoch_20,0.996864
3482,18ZC5064.JPG,3,2410.4,2376,2445.6,2399.2,0.996698,-1,epoch_20,0.996698
3483,18ZC5064.JPG,3,730.4,551.2,780,604.8,0.996493,-1,epoch_20,0.996493
3484,18ZC5064.JPG,3,1584,1403.2,1629.6,1437.6,0.996253,-1,epoch_20,0.996253
3485,18ZC5064.JPG,3,485.6,1207.2,584,1246.4,0.99613,-1,epoch_20,0.99613
3486,18ZC5064.JPG,3,2485.6,1260.8,2534.4,1303.2,0.995931,-1,epoch_20,0.995931
3487,18ZC5064.JPG,3,419.2,372,444,424,0.995808,-1,epoch_20,0.995808
3488,18ZC5064.JPG,3,2772,3520,2809.6,3550.4,0.995756,-1,epoch_20,0.995756
3489,18ZC5064.JPG,3,3163.2,1449.6,3219.2,1516.8,0.995542,-1,epoch_20,0.995542
3490,18ZC5064.JPG,3,658.4,1316,705.6,1352.8,0.995386,-1,epoch_20,0.995386
3491,18ZC5064.JPG,3,3628,1846.4,3659.2,1889.6,0.994849,-1,epoch_20,0.994849
3492,18ZC5064.JPG,3,316.8,1113.6,380.8,1162.4,0.994745,-1,epoch_20,0.994745
3493,18ZC5064.JPG,3,1071.2,1148,1108.8,1196.8,0.99429,-1,epoch_20,0.99429
3494,18ZC5064.JPG,3,2168,2076.8,2200.8,2139.2,0.994126,-1,epoch_20,0.994126
3495,18ZC5064.JPG,3,2914.4,894.4,3001.6,958.4,0.993799,-1,epoch_20,0.993799
3496,18ZC5064.JPG,3,651.2,120,676,158.4,0.993718,-1,epoch_20,0.993718
3497,18ZC5064.JPG,3,3480.8,1337.6,3549.6,1382.4,0.993688,-1,epoch_20,0.993688
3498,18ZC5064.JPG,3,748,2100,802.4,2137.6,0.993502,-1,epoch_20,0.993502
3499,18ZC5064.JPG,3,480,500,516,538.4,0.993207,-1,epoch_20,0.993207
3500,18ZC5064.JPG,3,2560.8,2093.6,2615.2,2114.4,0.992586,-1,epoch_20,0.992586
3501,18ZC5064.JPG,3,1652.8,1853.6,1696.8,1894.4,0.99254,-1,epoch_20,0.99254
3502,18ZC5064.JPG,3,645.6,1864.8,693.6,1916.8,0.992365,-1,epoch_20,0.992365
3503,18ZC5064.JPG,3,2920.8,880,3008.8,908,0.992248,-1,epoch_20,0.992248
3504,18ZC5064.JPG,3,214.4,600.8,281.6,635.2,0.991983,-1,epoch_20,0.991983
3505,18ZC5064.JPG,3,2870.4,2113.6,2977.6,2154.4,0.99196,-1,epoch_20,0.99196
3506,18ZC5064.JPG,3,695.2,100.8,742.4,142.4,0.991762,-1,epoch_20,0.991762
3507,18ZC5064.JPG,3,3052,2156.8,3081.6,2204.8,0.991752,-1,epoch_20,0.991752
3508,18ZC5064.JPG,3,379.2,1284.8,431.2,1322.4,0.991118,-1,epoch_20,0.991118
3509,18ZC5064.JPG,3,704,152.8,738.4,192.8,0.990991,-1,epoch_20,0.990991
3510,18ZC5064.JPG,3,1122.4,1376,1167.2,1407.2,0.990326,-1,epoch_20,0.990326
3511,18ZC5064.JPG,3,2943.2,2196,3020,2276.8,0.990321,-1,epoch_20,0.990321
3512,18ZC5064.JPG,3,2708.8,3048,2754.4,3079.2,0.989884,-1,epoch_20,0.989884
3513,18ZC5064.JPG,3,499.2,577.6,531.2,636.8,0.989719,-1,epoch_20,0.989719
3514,18ZC5064.JPG,3,3507.2,1480,3626.4,1519.2,0.989554,-1,epoch_20,0.989554
3515,18ZC5064.JPG,3,2495.2,1093.6,2533.6,1114.4,0.989234,-1,epoch_20,0.989234
3516,18ZC5064.JPG,3,521.6,78.3999,553.6,144,0.988741,-1,epoch_20,0.988741
3517,18ZC5064.JPG,3,271.2,1054.4,349.6,1124.8,0.988182,-1,epoch_20,0.988182
3518,18ZC5064.JPG,3,2665.6,2993.6,2695.2,3048,0.987873,-1,epoch_20,0.987873
3519,18ZC5064.JPG,3,2224,2791.2,2253.6,2827.2,0.987739,-1,epoch_20,0.987739
3520,18ZC5064.JPG,3,532,1184.8,571.2,1224.8,0.98766,-1,epoch_20,0.98766
3521,18ZC5064.JPG,3,536.8,1300.8,596.8,1367.2,0.986864,-1,epoch_20,0.986864
3522,18ZC5064.JPG,3,2837,3178,2914,3252,0.986834,-1,epoch_20,0.986834
3523,18ZC5064.JPG,3,3110.4,3806.4,3138.4,3835.2,0.986534,-1,epoch_20,0.986534
3524,18ZC5064.JPG,3,2880.8,2124.8,2936.8,2232,0.986042,-1,epoch_20,0.986042
3525,18ZC5064.JPG,3,1232,1300.8,1264.8,1350.4,0.985977,-1,epoch_20,0.985977
3526,18ZC5064.JPG,3,3450.4,1812,3465.6,1864,0.985793,-1,epoch_20,0.985793
3527,18ZC5064.JPG,3,601.6,248,646.4,277.6,0.985192,-1,epoch_20,0.985192
3528,18ZC5064.JPG,3,1932,2184,1955.2,2240,0.985181,-1,epoch_20,0.985181
3529,18ZC5064.JPG,3,2650.4,1152,2706.4,1266.4,0.984209,-1,epoch_20,0.984209
3530,18ZC5064.JPG,3,2986.4,897.6,3009.6,928.8,0.984053,-1,epoch_20,0.984053
3531,18ZC5064.JPG,3,3396.8,1327.2,3425.6,1366.4,0.983169,-1,epoch_20,0.983169
3532,18ZC5064.JPG,3,1483.2,1958.4,1525.6,2052,0.982789,-1,epoch_20,0.982789
3533,18ZC5064.JPG,3,480,136.8,517.6,201.6,0.98063,-1,epoch_20,0.98063
3534,18ZC5064.JPG,3,519.2,367.2,559.2,392.8,0.980597,-1,epoch_20,0.980597
3535,18ZC5064.JPG,3,2109.6,2236.8,2138.4,2266.4,0.980408,-1,epoch_20,0.980408
3536,18ZC5064.JPG,3,261.6,1005.6,307.2,1040.8,0.979743,-1,epoch_20,0.979743
3537,18ZC5064.JPG,3,261.6,1180,356.8,1216,0.979444,-1,epoch_20,0.979444
3538,18ZC5064.JPG,3,466.4,239.2,499.2,274.4,0.976362,-1,epoch_20,0.976362
3539,18ZC5064.JPG,3,3135.2,1760,3244.8,1798.4,0.976018,-1,epoch_20,0.976018
3540,18ZC5064.JPG,3,511.2,242.4,559.2,271.2,0.975719,-1,epoch_20,0.975719
3541,18ZC5064.JPG,3,253.6,1134.4,334.4,1181.6,0.974072,-1,epoch_20,0.974072
3542,18ZC5064.JPG,3,2733.6,3121.6,2776,3152.8,0.972013,-1,epoch_20,0.972013
3543,18ZC5064.JPG,3,1980.8,1810.4,2061.6,1873.6,0.969986,-1,epoch_20,0.969986
3544,18ZC5064.JPG,3,3105.6,1367.2,3144,1401.6,0.969732,-1,epoch_20,0.969732
3545,18ZC5064.JPG,3,1155.2,1222.4,1184,1272.8,0.969518,-1,epoch_20,0.969518
3546,18ZC5064.JPG,3,876,1011.2,962.4,1072,0.968224,-1,epoch_20,0.968224
3547,18ZC5064.JPG,3,481.6,228,556.8,256,0.962944,-1,epoch_20,0.962944
3548,18ZC5064.JPG,3,632.8,172.8,673.6,213.6,0.962483,-1,epoch_20,0.962483
3549,18ZC5064.JPG,3,1606.4,1319.2,1634.4,1377.6,0.962394,-1,epoch_20,0.962394
3550,18ZC5064.JPG,3,1649.6,2235.2,1684,2262.4,0.957987,-1,epoch_20,0.957987
3551,18ZC5064.JPG,3,3091.2,2103.2,3127.2,2149.6,0.957718,-1,epoch_20,0.957718
3552,18ZC5064.JPG,3,2200,2293.6,2256.8,2332.8,0.951215,-1,epoch_20,0.951215
3553,18ZC5064.JPG,3,309.6,1145.6,371.2,1182.4,0.948956,-1,epoch_20,0.948956
3554,18ZC5064.JPG,3,1812.8,2021.6,1841.6,2065.6,0.948611,-1,epoch_20,0.948611
3555,18ZC5064.JPG,3,195.2,1192,289.6,1225.6,0.948561,-1,epoch_20,0.948561
3556,18ZC5064.JPG,3,2611.2,2818.4,2648.8,2841.6,0.947609,-1,epoch_20,0.947609
3557,18ZC5064.JPG,3,1840,2926,1989,3027,0.943882,-1,epoch_20,0.943882
3558,18ZC5064.JPG,3,1941.6,2113.6,1973.6,2147.2,0.942155,-1,epoch_20,0.942155
3559,18ZC5064.JPG,3,345.6,1284.8,368.8,1322.4,0.942149,-1,epoch_20,0.942149
3560,18ZC5064.JPG,3,2083.2,2111.2,2108,2171.2,0.940952,-1,epoch_20,0.940952
3561,18ZC5064.JPG,3,404,139.2,434.4,166.4,0.940719,-1,epoch_20,0.940719
3562,18ZC5064.JPG,3,2163.2,2344.8,2204,2389.6,0.938704,-1,epoch_20,0.938704
3563,18ZC5064.JPG,3,2144,2168.8,2194.4,2192,0.936228,-1,epoch_20,0.936228
3564,18ZC5064.JPG,3,2704.8,3068.8,2755.2,3094.4,0.936183,-1,epoch_20,0.936183
3565,18ZC5064.JPG,3,552,400,592,437.6,0.935489,-1,epoch_20,0.935489
3566,18ZC5064.JPG,3,1801,2410,1926,2487,0.935236,-1,epoch_20,0.935236
3567,18ZC5064.JPG,3,437.6,1192.8,477.6,1218.4,0.933541,-1,epoch_20,0.933541
3568,18ZC5064.JPG,3,1555.2,1408.8,1576.8,1452,0.933432,-1,epoch_20,0.933432
3569,18ZC5064.JPG,3,907.2,1372,960,1447.2,0.929941,-1,epoch_20,0.929941
3570,18ZC5064.JPG,3,1370.4,1918.4,1407.2,1948,0.927917,-1,epoch_20,0.927917
3571,18ZC5064.JPG,3,3852.8,3679.2,3876,3724,0.923738,-1,epoch_20,0.923738
3572,18ZC5064.JPG,3,578.4,1339.2,628,1370.4,0.923451,-1,epoch_20,0.923451
3573,18ZC5064.JPG,3,2552,852,2650,944,0.921309,-1,epoch_20,0.921309
3574,18ZC5064.JPG,3,2734.4,2959.2,2776,2990.4,0.919929,-1,epoch_20,0.919929
3575,18ZC5064.JPG,3,505.6,187.2,557.6,223.2,0.914774,-1,epoch_20,0.914774
3576,18ZC5064.JPG,3,2080,2240,2154,2295,0.904706,-1,epoch_20,0.904706
3577,18ZC5064.JPG,3,726.4,1884,756,1910.4,0.894259,-1,epoch_20,0.894259
3578,18ZC5064.JPG,3,763.2,1179.2,787.2,1220.8,0.89422,-1,epoch_20,0.89422
3579,18ZC5064.JPG,3,1561.6,1760.8,1628.8,1799.2,0.886544,-1,epoch_20,0.886544
3580,18ZC5064.JPG,3,4336,2012,4393,2108,0.884031,-1,epoch_20,0.884031
3581,18ZC5064.JPG,3,64,1760,132.8,1808.8,0.882278,-1,epoch_20,0.882278
3582,18ZC5064.JPG,3,3461,1242,3550,1306,0.880815,-1,epoch_20,0.880815
3583,18ZC5064.JPG,3,621.6,404.8,643.2,454.4,0.872091,-1,epoch_20,0.872091
3584,18ZC5064.JPG,3,1965,2483,2044,2563,0.86855,-1,epoch_20,0.86855
3585,18ZC5064.JPG,3,800,1826.4,832.8,1877.6,0.865395,-1,epoch_20,0.865395
3586,18ZC5064.JPG,3,625.6,1860.8,660,1886.4,0.864109,-1,epoch_20,0.864109
3587,18ZC5064.JPG,3,1925.6,2160.8,1974.4,2186.4,0.863198,-1,epoch_20,0.863198
3588,18ZC5064.JPG,3,1073.6,1192.8,1101.6,1249.6,0.861767,-1,epoch_20,0.861767
3589,18ZC5064.JPG,3,1355,1407,1417,1476,0.860911,-1,epoch_20,0.860911
3590,18ZC5064.JPG,3,2062.4,2895.2,2156,2945.6,0.859941,-1,epoch_20,0.859941
3591,18ZC5064.JPG,3,480,47.2,500.8,92,0.855305,-1,epoch_20,0.855305
3592,18ZC5064.JPG,3,1570.4,2753.6,1609.6,2774.4,0.854937,-1,epoch_20,0.854937
3593,18ZC5064.JPG,3,536,575.2,573.6,615.2,0.85318,-1,epoch_20,0.85318
3594,18ZC5064.JPG,3,332.8,995.2,440.8,1037.6,0.851893,-1,epoch_20,0.851893
3595,18ZC5064.JPG,3,413.6,210.4,446.4,234.4,0.844942,-1,epoch_20,0.844942
3596,18ZC5064.JPG,3,3484,1475.2,3512,1511.2,0.844893,-1,epoch_20,0.844893
3597,18ZC5064.JPG,3,2376,1037.6,2434.4,1105.6,0.841262,-1,epoch_20,0.841262
3598,18ZC5064.JPG,3,4616,3114,4721,3174,0.840293,-1,epoch_20,0.840293
3599,18ZC5064.JPG,3,2696,2992,2720.8,3036.8,0.840043,-1,epoch_20,0.840043
3600,18ZC5064.JPG,3,464.8,440,500.8,462.4,0.833545,-1,epoch_20,0.833545
3601,18ZC5064.JPG,3,3028.8,2115.2,3072.8,2146.4,0.830664,-1,epoch_20,0.830664
3602,18ZC5064.JPG,3,1141,1607,1221,1673,0.82754,-1,epoch_20,0.82754
3603,18ZC5064.JPG,3,2547,2796,2653,2876,0.825446,-1,epoch_20,0.825446
3604,18ZC5064.JPG,3,5211,2827,5322,2895,0.822845,-1,epoch_20,0.822845
3605,18ZC5064.JPG,3,4274,1984,4334,2069,0.812069,-1,epoch_20,0.812069
3606,18ZC5064.JPG,3,1077.6,1185.6,1132.8,1212.8,0.810821,-1,epoch_20,0.810821
3607,18ZC5064.JPG,3,692.8,1920.8,728,1940.8,0.810119,-1,epoch_20,0.810119
3608,18ZC5064.JPG,3,4169,1539,4254,1621,0.80894,-1,epoch_20,0.80894
3609,18ZC5064.JPG,3,2549,2090,2630,2148,0.804287,-1,epoch_20,0.804287
3610,18ZC5064.JPG,3,3355.2,1768.8,3383.2,1834.4,0.803674,-1,epoch_20,0.803674
3611,18ZC5064.JPG,3,355.2,23.2,409.6,60,0.800511,-1,epoch_20,0.800511
3612,18ZC5064.JPG,3,1556.8,1490.4,1594.4,1519.2,0.799195,-1,epoch_20,0.799195
3613,18ZC5064.JPG,3,480,881.6,496.8,928.8,0.79711,-1,epoch_20,0.79711
3614,18ZC5064.JPG,3,2680.8,2930.4,2709.6,2971.2,0.796499,-1,epoch_20,0.796499
3615,18ZC5064.JPG,3,811,1886,871,1974,0.792353,-1,epoch_20,0.792353
3616,18ZC5064.JPG,3,2551,2592,2613,2680,0.785902,-1,epoch_20,0.785902
3617,18ZC5064.JPG,3,3754,1883,3826,1952,0.773272,-1,epoch_20,0.773272
3618,18ZC5064.JPG,3,2823,3331,2876,3400,0.765056,-1,epoch_20,0.765056
3619,18ZC5064.JPG,3,509.6,0,547.2,14.3999,0.760621,-1,epoch_20,0.760621
3620,18ZC5064.JPG,3,480,85.6001,516,149.6,0.758408,-1,epoch_20,0.758408
3621,18ZC5064.JPG,3,600.8,544,626.4,569.6,0.752161,-1,epoch_20,0.752161
3622,18ZC5064.JPG,3,1569,1693,1640,1780,0.748849,-1,epoch_20,0.748849
3623,18ZC5064.JPG,3,2463.2,1402.4,2492.8,1446.4,0.745232,-1,epoch_20,0.745232
3624,18ZC5064.JPG,3,592.8,1760,634.4,1777.6,0.741484,-1,epoch_20,0.741484
3625,18ZC5064.JPG,3,444,88.8,473.6,115.2,0.739588,-1,epoch_20,0.739588
3626,18ZC5064.JPG,3,2984,919.2,3006.4,951.2,0.736568,-1,epoch_20,0.736568
3627,18ZC5064.JPG,3,597.6,2042.4,627.2,2086.4,0.734714,-1,epoch_20,0.734714
3628,18ZC5064.JPG,3,3929,1462,4012,1530,0.725267,-1,epoch_20,0.725267
3629,18ZC5064.JPG,3,135.2,1991.2,220,2028.8,0.719728,-1,epoch_20,0.719728
3630,18ZC5064.JPG,3,1432,1696,1515,1755,0.698728,-1,epoch_20,0.698728
3631,18ZC5064.JPG,3,940,1904,998,1983,0.695357,-1,epoch_20,0.695357
3632,18ZC5064.JPG,3,3269,1685,3400,1755,0.690922,-1,epoch_20,0.690922
3633,18ZC5064.JPG,3,2172.8,2640,2220,2670.4,0.690754,-1,epoch_20,0.690754
3634,18ZC5064.JPG,3,3364.8,1500.8,3399.2,1518.4,0.688841,-1,epoch_20,0.688841
3635,18ZC5064.JPG,3,2137,3693,2194,3757,0.687796,-1,epoch_20,0.687796
3636,18ZC5064.JPG,3,2898,775,2981,859,0.67933,-1,epoch_20,0.67933
3637,18ZC5064.JPG,3,2151.2,2707.2,2251.2,2752,0.669638,-1,epoch_20,0.669638
3638,18ZC5064.JPG,3,2312,493,2431,574,0.657996,-1,epoch_20,0.657996
3639,18ZC5064.JPG,3,545.6,382.4,585.6,403.2,0.656433,-1,epoch_20,0.656433
3640,18ZC5064.JPG,3,3373,910,3496,994,0.655956,-1,epoch_20,0.655956
3641,18ZC5064.JPG,3,788.8,1498.4,853.6,1519.2,0.650332,-1,epoch_20,0.650332
3642,18ZC5064.JPG,3,2078.4,2676.8,2126.4,2709.6,0.647726,-1,epoch_20,0.647726
3643,18ZC5064.JPG,3,1932,2012.8,1972.8,2051.2,0.645339,-1,epoch_20,0.645339
3644,18ZC5064.JPG,3,3071,1628,3129,1714,0.645022,-1,epoch_20,0.645022
3645,18ZC5064.JPG,3,960,1364,970.4,1415.2,0.640889,-1,epoch_20,0.640889
3646,18ZC5064.JPG,3,2690,3053,2783,3177,0.640631,-1,epoch_20,0.640631
3647,18ZC5064.JPG,3,907.2,8,935.2,47.2,0.639656,-1,epoch_20,0.639656
3648,18ZC5064.JPG,3,2889,3427,2975,3517,0.637603,-1,epoch_20,0.637603
3649,18ZC5064.JPG,3,560.8,524.8,583.2,566.4,0.630798,-1,epoch_20,0.630798
3650,18ZC5064.JPG,3,1959.2,2321.6,2001.6,2347.2,0.630477,-1,epoch_20,0.630477
3651,18ZC5064.JPG,3,4804,795,4870,883,0.622468,-1,epoch_20,0.622468
3652,18ZC5064.JPG,3,520,140.8,559.2,183.2,0.61888,-1,epoch_20,0.61888
3653,18ZC5064.JPG,3,3312,1755,3438,1828,0.616497,-1,epoch_20,0.616497
3654,18ZC5064.JPG,3,3111,2474,3236,2537,0.616094,-1,epoch_20,0.616094
3655,18ZC5064.JPG,3,2546.4,1427.2,2580.8,1452.8,0.613526,-1,epoch_20,0.613526
3656,18ZC5064.JPG,3,700,1429.6,725.6,1456.8,0.612712,-1,epoch_20,0.612712
3657,18ZC5064.JPG,3,1247,1552,1335,1654,0.610387,-1,epoch_20,0.610387
3658,18ZC5064.JPG,3,512.8,1400,548.8,1424.8,0.606442,-1,epoch_20,0.606442
3659,18ZC5064.JPG,3,1913.6,2181.6,1938.4,2220,0.605934,-1,epoch_20,0.605934
3660,18ZC5064.JPG,3,3839,87,3902,168,0.605412,-1,epoch_20,0.605412
3661,18ZC5064.JPG,3,891.2,1863.2,936.8,1883.2,0.601664,-1,epoch_20,0.601664
3662,18ZC5064.JPG,3,3360,2791.2,3367.2,2820,0.594631,-1,epoch_20,0.594631
3663,18ZC5064.JPG,3,531.2,434.4,581.6,457.6,0.594136,-1,epoch_20,0.594136
3664,18ZC5064.JPG,3,2567,1621,2638,1720,0.59268,-1,epoch_20,0.59268
3665,18ZC5064.JPG,3,2538,1728,2627,1775,0.585975,-1,epoch_20,0.585975
3666,18ZC5064.JPG,3,3212,2556,3276,2637,0.583077,-1,epoch_20,0.583077
3667,18ZC5064.JPG,3,2840,1525,2955,1622,0.578679,-1,epoch_20,0.578679
3668,18ZC5064.JPG,3,3503.2,1461.6,3541.6,1496.8,0.573076,-1,epoch_20,0.573076
3669,18ZC5064.JPG,3,532.8,8.80005,574.4,34.3999,0.572713,-1,epoch_20,0.572713
3670,18ZC5064.JPG,3,834,1733,889,1843,0.566998,-1,epoch_20,0.566998
3671,18ZC5064.JPG,3,2182,2768,2252,2840,0.562489,-1,epoch_20,0.562489
3672,18ZC5064.JPG,3,4283.2,612,4341.6,639.2,0.55966,-1,epoch_20,0.55966
3673,18ZC5064.JPG,3,2117,1953,2215,2027,0.556961,-1,epoch_20,0.556961
3674,18ZC5064.JPG,3,5001,2643,5153,2705,0.538351,-1,epoch_20,0.538351
3675,18ZC5064.JPG,3,3042,2399,3155,2461,0.537869,-1,epoch_20,0.537869
3676,18ZC5064.JPG,3,3109,1609,3223,1686,0.527185,-1,epoch_20,0.527185
3677,18ZC5064.JPG,3,2172.8,2048.8,2232,2075.2,0.523144,-1,epoch_20,0.523144
3678,18ZC5064.JPG,3,5415,3527,5466,3601,0.508405,-1,epoch_20,0.508405
3679,18ZC5064.JPG,3,1312,2308,1470,2383,0.504445,-1,epoch_20,0.504445
3680,18ZC5064.JPG,3,580.8,584,609.6,627.2,0.501658,-1,epoch_20,0.501658
3681,18ZC5064.JPG,3,5086,2740,5225,2792,0.501272,-1,epoch_20,0.501272
3682,18ZC5064.JPG,3,528,452,586.4,482.4,0.49684,-1,epoch_20,0.49684
3683,18ZC5064.JPG,3,1951.2,2230.4,1994.4,2266.4,0.493919,-1,epoch_20,0.493919
3684,18ZC5064.JPG,3,548.8,152.8,581.6,178.4,0.48519,-1,epoch_20,0.48519
3685,18ZC5064.JPG,3,2046,2972,2189,3048,0.47945,-1,epoch_20,0.47945
3686,18ZC5064.JPG,3,3832,2050,3952,2188,0.477774,-1,epoch_20,0.477774
3687,18ZC5064.JPG,3,3228,3800.8,3256,3829.6,0.473497,-1,epoch_20,0.473497
3688,18ZC5064.JPG,3,1163,1260,1263,1337,0.473266,-1,epoch_20,0.473266
3689,18ZC5064.JPG,3,1527.2,1840.8,1579.2,1869.6,0.469868,-1,epoch_20,0.469868
3690,18ZC5064.JPG,3,685.6,1404.8,706.4,1432.8,0.469753,-1,epoch_20,0.469753
3691,18ZC5064.JPG,3,1502,806,1631,858,0.46813,-1,epoch_20,0.46813
3692,18ZC5064.JPG,3,840,771,890,825,0.463457,-1,epoch_20,0.463457
3693,18ZC5064.JPG,3,2490.4,1321.6,2504.8,1353.6,0.460394,-1,epoch_20,0.460394
3694,18ZC5064.JPG,3,2250.4,2276,2296,2314.4,0.458444,-1,epoch_20,0.458444
3695,18ZC5064.JPG,3,140,422.4,173.6,442.4,0.458276,-1,epoch_20,0.458276
3696,18ZC5064.JPG,3,1452,1859.2,1530.4,1892,0.457929,-1,epoch_20,0.457929
3697,18ZC5064.JPG,3,3229.6,1400.8,3269.6,1438.4,0.457155,-1,epoch_20,0.457155
3698,18ZC5064.JPG,3,1991.2,1936,2020.8,1968,0.452636,-1,epoch_20,0.452636
3699,18ZC5064.JPG,3,824.8,1349.6,879.2,1442.4,0.448757,-1,epoch_20,0.448757
3700,18ZC5064.JPG,3,3360,1216,3366.4,1242.4,0.447725,-1,epoch_20,0.447725
3701,18ZC5064.JPG,3,2616,3558.4,2646.4,3592,0.446701,-1,epoch_20,0.446701
3702,18ZC5064.JPG,3,546.4,1357.6,624.8,1420,0.445129,-1,epoch_20,0.445129
3703,18ZC5064.JPG,3,1245,1665,1352,1752,0.43882,-1,epoch_20,0.43882
3704,18ZC5064.JPG,3,2228.8,2326.4,2253.6,2356,0.43133,-1,epoch_20,0.43133
3705,18ZC5064.JPG,3,683,1657,749,1778,0.427831,-1,epoch_20,0.427831
3706,18ZC5064.JPG,3,352,1795.2,399.2,1837.6,0.416266,-1,epoch_20,0.416266
3707,18ZC5064.JPG,3,3842.4,2695.2,3857.6,2756,0.411448,-1,epoch_20,0.411448
3708,18ZC5064.JPG,3,1568.8,1407.2,1589.6,1432.8,0.408661,-1,epoch_20,0.408661
3709,18ZC5064.JPG,3,1746,1296,1825,1338,0.406939,-1,epoch_20,0.406939
3710,18ZC5064.JPG,3,964,1115.2,1007.2,1160.8,0.404781,-1,epoch_20,0.404781
3711,18ZC5064.JPG,3,2607,3557,2659,3637,0.398478,-1,epoch_20,0.398478
3712,18ZC5064.JPG,3,2497.6,1452.8,2505.6,1488,0.398387,-1,epoch_20,0.398387
3713,18ZC5064.JPG,3,1490.4,1389.6,1529.6,1421.6,0.392934,-1,epoch_20,0.392934
3714,18ZC5064.JPG,3,2586.4,2798.4,2628,2821.6,0.389962,-1,epoch_20,0.389962
3715,18ZC5064.JPG,3,447.2,44,484.8,76.8,0.389784,-1,epoch_20,0.389784
3716,18ZC5064.JPG,3,2670.4,3260,2757.6,3279.2,0.375787,-1,epoch_20,0.375787
3717,18ZC5064.JPG,3,549.6,880,600.8,887.2,0.368394,-1,epoch_20,0.368394
3718,18ZC5064.JPG,3,3187.2,3743.2,3219.2,3781.6,0.367716,-1,epoch_20,0.367716
3719,18ZC5064.JPG,3,4372,3694,4479,3752,0.361642,-1,epoch_20,0.361642
3720,18ZC5064.JPG,3,3102,860,3177,956,0.358711,-1,epoch_20,0.358711
3721,18ZC5064.JPG,3,2005.6,2314.4,2024.8,2346.4,0.354022,-1,epoch_20,0.354022
3722,18ZC5064.JPG,3,3092,3660,3212,3715,0.349223,-1,epoch_20,0.349223
3723,18ZC5064.JPG,3,2733.6,3069.6,2771.2,3108.8,0.349192,-1,epoch_20,0.349192
3724,18ZC5064.JPG,3,2125.6,3095.2,2180.8,3152,0.346186,-1,epoch_20,0.346186
3725,18ZC5064.JPG,3,2733,1532,2867,1597,0.345808,-1,epoch_20,0.345808
3726,18ZC5064.JPG,3,1611,2284,1693,2366,0.339172,-1,epoch_20,0.339172
3727,18ZC5064.JPG,3,4013,1520,4096,1604,0.337568,-1,epoch_20,0.337568
3728,18ZC5064.JPG,3,1588,2683.2,1625.6,2714.4,0.337543,-1,epoch_20,0.337543
3729,18ZC5064.JPG,3,2880,3219.2,2910.4,3248,0.334718,-1,epoch_20,0.334718
3730,18ZC5064.JPG,3,816,2102,900,2167,0.333466,-1,epoch_20,0.333466
3731,18ZC5064.JPG,3,1512.8,2216.8,1544.8,2275.2,0.333211,-1,epoch_20,0.333211
3732,18ZC5064.JPG,3,4527,2529,4629,2589,0.326487,-1,epoch_20,0.326487
3733,18ZC5064.JPG,3,2776.8,2002.4,2816,2031.2,0.315574,-1,epoch_20,0.315574
3734,18ZC5064.JPG,3,534.4,0,562.4,13.6001,0.308139,-1,epoch_20,0.308139
3735,18ZC5064.JPG,3,960,1268.8,968.8,1292,0.287585,-1,epoch_20,0.287585
3736,18ZC5064.JPG,3,2880,3206.4,2905.6,3223.2,0.283972,-1,epoch_20,0.283972
3737,18ZC5064.JPG,3,2184.8,1952.8,2212,1989.6,0.279391,-1,epoch_20,0.279391
3738,18ZC5064.JPG,3,168.8,880,209.6,885.6,0.275385,-1,epoch_20,0.275385
3739,18ZC5064.JPG,3,1441.6,1983.2,1464.8,2023.2,0.26918,-1,epoch_20,0.26918
3740,18ZC5064.JPG,3,380,1326.4,409.6,1352.8,0.262796,-1,epoch_20,0.262796
3741,18ZC5064.JPG,3,808,1444.8,856,1467.2,0.257971,-1,epoch_20,0.257971
3742,18ZC5064.JPG,3,2926.4,880,2985.6,882.4,0.252432,-1,epoch_20,0.252432
3743,18ZC5064.JPG,3,488,14.3999,524.8,52,0.249861,-1,epoch_20,0.249861
3744,18ZC5064.JPG,3,2430.4,3226.4,2468.8,3248,0.249825,-1,epoch_20,0.249825
3745,18ZC5064.JPG,3,149.6,271.2,182.4,289.6,0.245427,-1,epoch_20,0.245427
3746,18ZC5064.JPG,3,2489.6,2943.2,2524,2966.4,0.242841,-1,epoch_20,0.242841
3747,18ZC5064.JPG,3,1028,1355.2,1060.8,1383.2,0.241275,-1,epoch_20,0.241275
3748,18ZC5064.JPG,3,460.8,96.8,479.2,136.8,0.231807,-1,epoch_20,0.231807
3749,18ZC5064.JPG,3,689.6,196.8,716,244.8,0.229031,-1,epoch_20,0.229031
3750,18ZC5064.JPG,3,2226.4,2353.6,2262.4,2376,0.223454,-1,epoch_20,0.223454
3751,18ZC5064.JPG,3,1929.6,2369.6,1967.2,2396.8,0.221915,-1,epoch_20,0.221915
3752,18ZC5064.JPG,3,794.4,880,855.2,896.8,0.218098,-1,epoch_20,0.218098
3753,18ZC5064.JPG,3,255.2,900.8,325.6,980,0.216731,-1,epoch_20,0.216731
3754,18ZC5064.JPG,3,3216,1447.2,3265.6,1484.8,0.213705,-1,epoch_20,0.213705
3755,18ZC5064.JPG,3,2869.6,1504.8,2965.6,1518.4,0.209947,-1,epoch_20,0.209947
3756,18ZC5064.JPG,3,1920,20.8,1927.2,54.3999,0.20564,-1,epoch_20,0.20564
3757,18ZC5064.JPG,3,2178.4,2640,2213.6,2644,0.203373,-1,epoch_20,0.203373
3758,18ZC5064.JPG,3,2880,2201.6,2888.8,2248.8,0.198377,-1,epoch_20,0.198377
3759,18ZC5064.JPG,3,296.8,341.6,346.4,372.8,0.19473,-1,epoch_20,0.19473
3760,18ZC5064.JPG,3,612,1181.6,648,1212,0.194193,-1,epoch_20,0.194193
3761,18ZC5064.JPG,3,1007.2,1391.2,1028,1419.2,0.191814,-1,epoch_20,0.191814
3762,18ZC5064.JPG,3,3419.2,1365.6,3496,1415.2,0.184846,-1,epoch_20,0.184846
3763,18ZC5064.JPG,3,960,2160.8,968,2204,0.182483,-1,epoch_20,0.182483
3764,18ZC5064.JPG,3,3360.8,1760,3400.8,1776,0.178757,-1,epoch_20,0.178757
3765,18ZC5064.JPG,3,1531.2,1844,1544.8,1870.4,0.177444,-1,epoch_20,0.177444
3766,18ZC5064.JPG,3,396,2172.8,420.8,2216,0.175833,-1,epoch_20,0.175833
3767,18ZC5064.JPG,3,321.6,1369.6,392,1438.4,0.172083,-1,epoch_20,0.172083
3768,18ZC5064.JPG,3,669.6,1761.6,716,1812,0.157037,-1,epoch_20,0.157037
3769,18ZC5064.JPG,3,844,1760,881.6,1766.4,0.151623,-1,epoch_20,0.151623
3770,18ZC5064.JPG,3,2159.2,2664,2221.6,2692.8,0.150861,-1,epoch_20,0.150861
3771,18ZC5064.JPG,3,2193.6,880,2208.8,886.4,0.148902,-1,epoch_20,0.148902
3772,18ZC5064.JPG,3,848,1326.4,878.4,1361.6,0.148503,-1,epoch_20,0.148503
3773,18ZC5064.JPG,3,4572.8,2640,4614.4,2679.2,0.146386,-1,epoch_20,0.146386
3774,18ZC5064.JPG,3,1920,2226.4,1938.4,2246.4,0.146234,-1,epoch_20,0.146234
3775,18ZC5064.JPG,3,124,1860.8,160.8,1890.4,0.140352,-1,epoch_20,0.140352
3776,18ZC5064.JPG,3,1780.8,2027.2,1826.4,2047.2,0.134771,-1,epoch_20,0.134771
3777,18ZC5064.JPG,3,1546.4,1384.8,1589.6,1408,0.133714,-1,epoch_20,0.133714
3778,18ZC5064.JPG,3,960,1104.8,976.8,1185.6,0.126429,-1,epoch_20,0.126429
3779,18ZC5064.JPG,3,1504.8,2008.8,1536.8,2037.6,0.119997,-1,epoch_20,0.119997
3780,18ZC5064.JPG,3,4320,1799.2,4348,1840.8,0.118371,-1,epoch_20,0.118371
3781,18ZC5064.JPG,3,2498.4,317.6,2505.6,328,0.117943,-1,epoch_20,0.117943
3782,18ZC5064.JPG,3,2144.8,2676.8,2183.2,2701.6,0.116419,-1,epoch_20,0.116419
3783,18ZC5064.JPG,3,5380.8,3807.2,5385.6,3838.4,0.114047,-1,epoch_20,0.114047
3784,18ZC5064.JPG,3,2880,3188.8,2901.6,3205.6,0.113774,-1,epoch_20,0.113774
3785,18ZC5064.JPG,3,384.8,266.4,418.4,301.6,0.113745,-1,epoch_20,0.113745
3786,18ZC5064.JPG,3,854.4,1804.8,891.2,1836,0.112278,-1,epoch_20,0.112278
3787,18ZC5064.JPG,3,544.8,349.6,580,387.2,0.111695,-1,epoch_20,0.111695
3788,18ZC5064.JPG,3,3092,3804,3120.8,3818.4,0.109112,-1,epoch_20,0.109112
3789,18ZC5064.JPG,3,2924,880.8,3007.2,888,0.108062,-1,epoch_20,0.108062
3790,18ZC5064.JPG,3,731.2,1445.6,796.8,1471.2,0.105562,-1,epoch_20,0.105562
3791,18ZC5064.JPG,3,422.4,88,452,117.6,0.104093,-1,epoch_20,0.104093
3792,18ZC5064.JPG,3,4338.4,880,4348.8,888.8,0.102951,-1,epoch_20,0.102951
3793,18ZC5064.JPG,3,795.2,1414.4,820,1435.2,0.100942,-1,epoch_20,0.100942
3794,18ZC5064.JPG,3,1888,6.3999,1928.8,49.6001,0.0981578,-1,epoch_20,0.0981578
3795,18ZC5064.JPG,3,480,1341.6,500.8,1364,0.0972896,-1,epoch_20,0.0972896
3796,18ZC5064.JPG,3,4304.8,880,4350.4,890.4,0.0969822,-1,epoch_20,0.0969822
3797,18ZC5064.JPG,3,363.2,1760.8,382.4,1785.6,0.0969182,-1,epoch_20,0.0969182
3798,18ZC5064.JPG,3,2190.4,2003.2,2242.4,2048.8,0.0962849,-1,epoch_20,0.0962849
3799,18ZC5064.JPG,3,87.2,1412,114.4,1455.2,0.0952046,-1,epoch_20,0.0952046
3800,18ZC5064.JPG,3,379.2,593.6,424,611.2,0.094924,-1,epoch_20,0.094924
3801,18ZC5064.JPG,3,2016.8,2314.4,2024.8,2324,0.0939156,-1,epoch_20,0.0939156
3802,18ZC5064.JPG,3,1440,16.8,1450.4,71.2,0.0921233,-1,epoch_20,0.0921233
3803,18ZC5064.JPG,3,352,1019.2,400.8,1036.8,0.088711,-1,epoch_20,0.088711
3804,18ZC5064.JPG,3,539.2,629.6,593.6,639.2,0.0856752,-1,epoch_20,0.0856752
3805,18ZC5064.JPG,3,471.2,204,496.8,235.2,0.0845982,-1,epoch_20,0.0845982
3806,18ZC5064.JPG,3,3937.6,1496.8,3945.6,1519.2,0.0844458,-1,epoch_20,0.0844458
3807,18ZC5064.JPG,3,246.4,1239.2,325.6,1288,0.0843864,-1,epoch_20,0.0843864
3808,18ZC5064.JPG,3,3360,1449.6,3370.4,1510.4,0.0826738,-1,epoch_20,0.0826738
3809,18ZC5064.JPG,3,576.8,2042.4,616,2071.2,0.0821214,-1,epoch_20,0.0821214
3810,18ZC5064.JPG,3,410.4,1252,451.2,1277.6,0.08208,-1,epoch_20,0.08208
3811,18ZC5064.JPG,3,1921.6,2244.8,1938.4,2259.2,0.0819779,-1,epoch_20,0.0819779
3812,18ZC5064.JPG,3,834.4,1837.6,882.4,1857.6,0.0805575,-1,epoch_20,0.0805575
3813,18ZC5064.JPG,3,489.6,1016.8,522.4,1040.8,0.0794674,-1,epoch_20,0.0794674
3814,18ZC5064.JPG,3,2980.8,999.2,2984.8,1015.2,0.0762254,-1,epoch_20,0.0762254
3815,18ZC5064.JPG,3,480,260,496,276.8,0.0758595,-1,epoch_20,0.0758595
3816,18ZC5064.JPG,3,3840,2655.2,3846.4,2712.8,0.0750601,-1,epoch_20,0.0750601
3817,18ZC5064.JPG,3,843.2,1104,868,1137.6,0.0740498,-1,epoch_20,0.0740498
3818,18ZC5064.JPG,3,418.4,563.2,458.4,591.2,0.0710404,-1,epoch_20,0.0710404
3819,18ZC5064.JPG,3,1837.6,2027.2,1857.6,2077.6,0.0706611,-1,epoch_20,0.0706611
3820,18ZC5064.JPG,3,299.2,1273.6,368,1301.6,0.0696219,-1,epoch_20,0.0696219
3821,18ZC5064.JPG,3,2400,1040,2409.6,1096,0.069267,-1,epoch_20,0.069267
3822,18ZC5064.JPG,3,4800,3198.4,4806.4,3242.4,0.0658685,-1,epoch_20,0.0658685
3823,18ZC5064.JPG,3,1563.2,1448,1592.8,1474.4,0.0634601,-1,epoch_20,0.0634601
3824,18ZC5064.JPG,3,671.2,1760,722.4,1768,0.0632037,-1,epoch_20,0.0632037
3825,18ZC5064.JPG,3,936,1132.8,976.8,1158.4,0.062855,-1,epoch_20,0.062855
3826,18ZC5064.JPG,3,817.6,1928,848,1968.8,0.0620766,-1,epoch_20,0.0620766
3827,18ZC5064.JPG,3,3577.6,1512.8,3593.6,1519.2,0.0601788,-1,epoch_20,0.0601788
3828,18ZC5064.JPG,3,1980,1841.6,2018.4,1860.8,0.0574835,-1,epoch_20,0.0574835
3829,18ZC5064.JPG,3,556,1845.6,585.6,1882.4,0.05623,-1,epoch_20,0.05623
3830,18ZC5064.JPG,3,2880,2182.4,2935.2,2208,0.0553978,-1,epoch_20,0.0553978
3831,18ZC5064.JPG,3,480,1431.2,486.4,1464.8,0.0552164,-1,epoch_20,0.0552164
3832,18ZC5064.JPG,3,2880,2110.4,2899.2,2147.2,0.0547707,-1,epoch_20,0.0547707
3833,18ZC5064.JPG,3,1440,2060.8,1450.4,2092.8,0.0530335,-1,epoch_20,0.0530335
3834,18ZC5064.JPG,3,350.4,372.8,411.2,409.6,0.0526632,-1,epoch_20,0.0526632
3835,18ZC5064.JPG,3,3488.8,1502.4,3515.2,1519.2,0.0500426,-1,epoch_20,0.0500426
3836,18ZC5757.JPG,4,3375.2,3627.2,3484.8,3713.6,0.999941,-1,epoch_20,0.999941
3837,18ZC5757.JPG,4,3843.2,3752,3945.6,3806.4,0.999928,-1,epoch_20,0.999928
3838,18ZC5757.JPG,4,3116.8,3586.4,3202.4,3676.8,0.999907,-1,epoch_20,0.999907
3839,18ZC5757.JPG,4,235.2,3777.6,274.4,3830.4,0.999895,-1,epoch_20,0.999895
3840,18ZC5757.JPG,4,3448,922.4,3502.4,972,0.999863,-1,epoch_20,0.999863
3841,18ZC5757.JPG,4,3643.2,3731.2,3724.8,3811.2,0.999843,-1,epoch_20,0.999843
3842,18ZC5757.JPG,4,3045.6,1003.2,3103.2,1043.2,0.999836,-1,epoch_20,0.999836
3843,18ZC5757.JPG,4,4128,3808,4167.2,3840,0.999835,-1,epoch_20,0.999835
3844,18ZC5757.JPG,4,4320,3664.8,4378.4,3734.4,0.999808,-1,epoch_20,0.999808
3845,18ZC5757.JPG,4,1804.8,2023.2,1904,2122.4,0.999794,-1,epoch_20,0.999794
3846,18ZC5757.JPG,4,240,2734.4,356.8,2858.4,0.999773,-1,epoch_20,0.999773
3847,18ZC5757.JPG,4,3475.2,1253.6,3525.6,1347.2,0.999753,-1,epoch_20,0.999753
3848,18ZC5757.JPG,4,4234.4,3702.4,4324,3763.2,0.999752,-1,epoch_20,0.999752
3849,18ZC5757.JPG,4,3322.4,1032,3351.2,1084,0.999741,-1,epoch_20,0.999741
3850,18ZC5757.JPG,4,3947.2,3604,4036.8,3685.6,0.999737,-1,epoch_20,0.999737
3851,18ZC5757.JPG,4,1612,3540,1674.4,3656,0.999726,-1,epoch_20,0.999726
3852,18ZC5757.JPG,4,1537.6,3528.8,1584,3642.4,0.999725,-1,epoch_20,0.999725
3853,18ZC5757.JPG,4,3076,3134.4,3152,3203.2,0.999712,-1,epoch_20,0.999712
3854,18ZC5757.JPG,4,2931.2,1016.8,3015.2,1059.2,0.999699,-1,epoch_20,0.999699
3855,18ZC5757.JPG,4,2493.6,2008,2553.6,2117.6,0.999653,-1,epoch_20,0.999653
3856,18ZC5757.JPG,4,1668,957.6,1717.6,989.6,0.999646,-1,epoch_20,0.999646
3857,18ZC5757.JPG,4,4340,3763.2,4429.6,3822.4,0.999636,-1,epoch_20,0.999636
3858,18ZC5757.JPG,4,1376,1324,1431.2,1356,0.99962,-1,epoch_20,0.99962
3859,18ZC5757.JPG,4,2790.4,2681.6,2856,2734.4,0.999595,-1,epoch_20,0.999595
3860,18ZC5757.JPG,4,0,3794.4,103.2,3839.2,0.99957,-1,epoch_20,0.99957
3861,18ZC5757.JPG,4,1640,3707.2,1705.6,3809.6,0.999557,-1,epoch_20,0.999557
3862,18ZC5757.JPG,4,2628,2656,2659.2,2700.8,0.999557,-1,epoch_20,0.999557
3863,18ZC5757.JPG,4,4084.8,3594.4,4124.8,3688.8,0.999555,-1,epoch_20,0.999555
3864,18ZC5757.JPG,4,1523.2,1076,1554.4,1112,0.999537,-1,epoch_20,0.999537
3865,18ZC5757.JPG,4,2700.8,2748,2778.4,2797.6,0.999524,-1,epoch_20,0.999524
3866,18ZC5757.JPG,4,2100.8,2800.8,2209.6,2852,0.99951,-1,epoch_20,0.99951
3867,18ZC5757.JPG,4,4320,3599.2,4334.4,3641.6,0.999499,-1,epoch_20,0.999499
3868,18ZC5757.JPG,4,1474.4,1159.2,1514.4,1212.8,0.999478,-1,epoch_20,0.999478
3869,18ZC5757.JPG,4,3926.4,3665.6,4006.4,3720.8,0.999477,-1,epoch_20,0.999477
3870,18ZC5757.JPG,4,1464.8,1209.6,1514.4,1248,0.999459,-1,epoch_20,0.999459
3871,18ZC5757.JPG,4,3502.4,1410.4,3527.2,1452.8,0.999323,-1,epoch_20,0.999323
3872,18ZC5757.JPG,4,3284.8,1017.6,3337.6,1044,0.999235,-1,epoch_20,0.999235
3873,18ZC5757.JPG,4,2748,2640,2830.4,2678.4,0.999191,-1,epoch_20,0.999191
3874,18ZC5757.JPG,4,1511.2,1935.2,1576.8,1968,0.999149,-1,epoch_20,0.999149
3875,18ZC5757.JPG,4,1088,1760.8,1216,1890.4,0.999124,-1,epoch_20,0.999124
3876,18ZC5757.JPG,4,1608,1245.6,1668.8,1279.2,0.999064,-1,epoch_20,0.999064
3877,18ZC5757.JPG,4,2274.4,1340,2328.8,1365.6,0.999057,-1,epoch_20,0.999057
3878,18ZC5757.JPG,4,2591.2,461.6,2665.6,639.2,0.999038,-1,epoch_20,0.999038
3879,18ZC5757.JPG,4,4215.2,3769.6,4319.2,3815.2,0.998967,-1,epoch_20,0.998967
3880,18ZC5757.JPG,4,1680,1271.2,1709.6,1310.4,0.998962,-1,epoch_20,0.998962
3881,18ZC5757.JPG,4,3237.6,2246.4,3276,2299.2,0.998847,-1,epoch_20,0.998847
3882,18ZC5757.JPG,4,2684,3031.2,2752.8,3139.2,0.998816,-1,epoch_20,0.998816
3883,18ZC5757.JPG,4,2913.6,976,2964.8,1003.2,0.998804,-1,epoch_20,0.998804
3884,18ZC5757.JPG,4,3135.2,3232.8,3239.2,3278.4,0.998644,-1,epoch_20,0.998644
3885,18ZC5757.JPG,4,2027.2,1409.6,2068.8,1438.4,0.9986,-1,epoch_20,0.9986
3886,18ZC5757.JPG,4,1754.4,1416,1787.2,1452.8,0.998595,-1,epoch_20,0.998595
3887,18ZC5757.JPG,4,2344.8,599.2,2385.6,622.4,0.998554,-1,epoch_20,0.998554
3888,18ZC5757.JPG,4,3032.8,906.4,3066.4,1005.6,0.998438,-1,epoch_20,0.998438
3889,18ZC5757.JPG,4,2920.8,1001.6,2960,1032,0.998433,-1,epoch_20,0.998433
3890,18ZC5757.JPG,4,4338.4,3711.2,4411.2,3772,0.998428,-1,epoch_20,0.998428
3891,18ZC5757.JPG,4,1731.2,1421.6,1757.6,1468.8,0.998415,-1,epoch_20,0.998415
3892,18ZC5757.JPG,4,2107.2,1056.8,2212,1261.6,0.998349,-1,epoch_20,0.998349
3893,18ZC5757.JPG,4,2492.8,3216.8,2524.8,3256.8,0.998312,-1,epoch_20,0.998312
3894,18ZC5757.JPG,4,2400,3204.8,2415.2,3240,0.998195,-1,epoch_20,0.998195
3895,18ZC5757.JPG,4,326.4,3802.4,407.2,3840,0.998113,-1,epoch_20,0.998113
3896,18ZC5757.JPG,4,4212,3641.6,4236,3686.4,0.998102,-1,epoch_20,0.998102
3897,18ZC5757.JPG,4,1697.6,1267.2,1757.6,1302.4,0.998078,-1,epoch_20,0.998078
3898,18ZC5757.JPG,4,1656.8,3589.6,1717.6,3639.2,0.998077,-1,epoch_20,0.998077
3899,18ZC5757.JPG,4,3252.8,1061.6,3295.2,1094.4,0.998034,-1,epoch_20,0.998034
3900,18ZC5757.JPG,4,433.6,3540,486.4,3591.2,0.997883,-1,epoch_20,0.997883
3901,18ZC5757.JPG,4,2702.4,2825.6,2759.2,2860.8,0.997874,-1,epoch_20,0.997874
3902,18ZC5757.JPG,4,570.4,2032.8,599.2,2070.4,0.997828,-1,epoch_20,0.997828
3903,18ZC5757.JPG,4,3095.2,3226.4,3136,3259.2,0.997807,-1,epoch_20,0.997807
3904,18ZC5757.JPG,4,1600,3642.4,1708,3676.8,0.997759,-1,epoch_20,0.997759
3905,18ZC5757.JPG,4,2811.2,2640,2881.6,2675.2,0.997758,-1,epoch_20,0.997758
3906,18ZC5757.JPG,4,4272.8,3659.2,4337.6,3727.2,0.997743,-1,epoch_20,0.997743
3907,18ZC5757.JPG,4,2642.4,2986.4,2668,3045.6,0.997724,-1,epoch_20,0.997724
3908,18ZC5757.JPG,4,620.8,2319.2,808.8,2397.6,0.99772,-1,epoch_20,0.99772
3909,18ZC5757.JPG,4,4196,3674.4,4253.6,3712.8,0.997453,-1,epoch_20,0.997453
3910,18ZC5757.JPG,4,1440,1232.8,1460,1265.6,0.997412,-1,epoch_20,0.997412
3911,18ZC5757.JPG,4,2118.4,2152.8,2194.4,2184.8,0.997409,-1,epoch_20,0.997409
3912,18ZC5757.JPG,4,2479.2,2012,2515.2,2043.2,0.997394,-1,epoch_20,0.997394
3913,18ZC5757.JPG,4,2178.4,1310.4,2211.2,1361.6,0.997302,-1,epoch_20,0.997302
3914,18ZC5757.JPG,4,2160,2761.6,2209.6,2813.6,0.997218,-1,epoch_20,0.997218
3915,18ZC5757.JPG,4,1553.6,2084.8,1597.6,2109.6,0.997083,-1,epoch_20,0.997083
3916,18ZC5757.JPG,4,100.8,3770.4,149.6,3805.6,0.996876,-1,epoch_20,0.996876
3917,18ZC5757.JPG,4,2920.8,1039.2,3008.8,1120,0.996771,-1,epoch_20,0.996771
3918,18ZC5757.JPG,4,1469.6,1765.6,1538.4,1824,0.996735,-1,epoch_20,0.996735
3919,18ZC5757.JPG,4,2189.6,3216.8,2244.8,3248.8,0.996511,-1,epoch_20,0.996511
3920,18ZC5757.JPG,4,4237.6,3639.2,4291.2,3732.8,0.996362,-1,epoch_20,0.996362
3921,18ZC5757.JPG,4,445.6,2843.2,608.8,3020.8,0.996282,-1,epoch_20,0.996282
3922,18ZC5757.JPG,4,2174.4,1374.4,2228,1444,0.996104,-1,epoch_20,0.996104
3923,18ZC5757.JPG,4,2118.4,1915.2,2162.4,1964,0.995828,-1,epoch_20,0.995828
3924,18ZC5757.JPG,4,2044,3520,2095.2,3533.6,0.995497,-1,epoch_20,0.995497
3925,18ZC5757.JPG,4,2181.6,1444.8,2217.6,1489.6,0.995234,-1,epoch_20,0.995234
3926,18ZC5757.JPG,4,2236,1327.2,2275.2,1351.2,0.994954,-1,epoch_20,0.994954
3927,18ZC5757.JPG,4,979.2,2196.8,1171.2,2272.8,0.994218,-1,epoch_20,0.994218
3928,18ZC5757.JPG,4,361,2521,548,2695,0.99409,-1,epoch_20,0.99409
3929,18ZC5757.JPG,4,3168,3203.2,3194.4,3252.8,0.994079,-1,epoch_20,0.994079
3930,18ZC5757.JPG,4,480,2167.2,520.8,2313.6,0.993947,-1,epoch_20,0.993947
3931,18ZC5757.JPG,4,1899.2,1460,1933.6,1503.2,0.99362,-1,epoch_20,0.99362
3932,18ZC5757.JPG,4,1310.4,1412.8,1359.2,1452.8,0.99362,-1,epoch_20,0.99362
3933,18ZC5757.JPG,4,721.6,3770.4,770.4,3832,0.99328,-1,epoch_20,0.99328
3934,18ZC5757.JPG,4,686.4,3775.2,716,3828.8,0.993164,-1,epoch_20,0.993164
3935,18ZC5757.JPG,4,1180,2057.6,1408.8,2120,0.993068,-1,epoch_20,0.993068
3936,18ZC5757.JPG,4,287,2126,526,2315,0.992775,-1,epoch_20,0.992775
3937,18ZC5757.JPG,4,3084,1961.6,3129.6,1996.8,0.99257,-1,epoch_20,0.99257
3938,18ZC5757.JPG,4,470.4,3780.8,545.6,3839.2,0.992341,-1,epoch_20,0.992341
3939,18ZC5757.JPG,4,1390.4,3802.4,1450.4,3839.2,0.991998,-1,epoch_20,0.991998
3940,18ZC5757.JPG,4,1984.8,1465.6,2018.4,1519.2,0.990292,-1,epoch_20,0.990292
3941,18ZC5757.JPG,4,3607.2,3624.8,3656,3669.6,0.990243,-1,epoch_20,0.990243
3942,18ZC5757.JPG,4,1942.4,1371.2,1995.2,1406.4,0.989855,-1,epoch_20,0.989855
3943,18ZC5757.JPG,4,4496.8,3728,4536.8,3773.6,0.989492,-1,epoch_20,0.989492
3944,18ZC5757.JPG,4,1942.4,1347.2,1990.4,1386.4,0.988364,-1,epoch_20,0.988364
3945,18ZC5757.JPG,4,2706.4,2868,2733.6,2892.8,0.987968,-1,epoch_20,0.987968
3946,18ZC5757.JPG,4,4111.2,3647.2,4153.6,3690.4,0.987898,-1,epoch_20,0.987898
3947,18ZC5757.JPG,4,1704.8,3540,1756,3628.8,0.98743,-1,epoch_20,0.98743
3948,18ZC5757.JPG,4,1580,1264.8,1620.8,1314.4,0.98736,-1,epoch_20,0.98736
3949,18ZC5757.JPG,4,3218,3403,3292,3484,0.987337,-1,epoch_20,0.987337
3950,18ZC5757.JPG,4,36.8,2191.2,88.8,2229.6,0.985366,-1,epoch_20,0.985366
3951,18ZC5757.JPG,4,3059.2,912.8,3081.6,978.4,0.984923,-1,epoch_20,0.984923
3952,18ZC5757.JPG,4,2207.2,2760.8,2240.8,2793.6,0.984383,-1,epoch_20,0.984383
3953,18ZC5757.JPG,4,2728.8,2916.8,2764.8,2958.4,0.983819,-1,epoch_20,0.983819
3954,18ZC5757.JPG,4,3.2,2283.2,39.2,2325.6,0.983679,-1,epoch_20,0.983679
3955,18ZC5757.JPG,4,2737.6,2873.6,2784.8,2904.8,0.98328,-1,epoch_20,0.98328
3956,18ZC5757.JPG,4,2065.6,1392,2125.6,1441.6,0.981976,-1,epoch_20,0.981976
3957,18ZC5757.JPG,4,2121.6,1387.2,2174.4,1419.2,0.981795,-1,epoch_20,0.981795
3958,18ZC5757.JPG,4,588.8,2371.2,718.4,2398.4,0.980563,-1,epoch_20,0.980563
3959,18ZC5757.JPG,4,2725.6,3546.4,2763.2,3572,0.980452,-1,epoch_20,0.980452
3960,18ZC5757.JPG,4,592,2465,744,2704,0.975525,-1,epoch_20,0.975525
3961,18ZC5757.JPG,4,3008,1885.6,3076.8,1911.2,0.974518,-1,epoch_20,0.974518
3962,18ZC5757.JPG,4,2136,1318.4,2180,1349.6,0.973553,-1,epoch_20,0.973553
3963,18ZC5757.JPG,4,3567.2,1076.8,3595.2,1101.6,0.972486,-1,epoch_20,0.972486
3964,18ZC5757.JPG,4,2291.2,3697.6,2345.6,3716,0.972403,-1,epoch_20,0.972403
3965,18ZC5757.JPG,4,3113.6,2290.4,3171.2,2335.2,0.970804,-1,epoch_20,0.970804
3966,18ZC5757.JPG,4,2827.2,1760,2858.4,1803.2,0.970733,-1,epoch_20,0.970733
3967,18ZC5757.JPG,4,960,1936,1040.8,2070.4,0.969789,-1,epoch_20,0.969789
3968,18ZC5757.JPG,4,960,2272,1108,2383.2,0.969445,-1,epoch_20,0.969445
3969,18ZC5757.JPG,4,2684.8,2776,2736,2819.2,0.969417,-1,epoch_20,0.969417
3970,18ZC5757.JPG,4,2542.4,568.8,2566.4,619.2,0.966339,-1,epoch_20,0.966339
3971,18ZC5757.JPG,4,30,3059,119,3140,0.963472,-1,epoch_20,0.963472
3972,18ZC5757.JPG,4,4320,3762.4,4353.6,3824,0.960542,-1,epoch_20,0.960542
3973,18ZC5757.JPG,4,960,2012,980.8,2141.6,0.960066,-1,epoch_20,0.960066
3974,18ZC5757.JPG,4,767,2508,936,2753,0.959122,-1,epoch_20,0.959122
3975,18ZC5757.JPG,4,1338.4,1388.8,1376.8,1425.6,0.954991,-1,epoch_20,0.954991
3976,18ZC5757.JPG,4,40,3075.2,78.4,3106.4,0.95438,-1,epoch_20,0.95438
3977,18ZC5757.JPG,4,2701.6,2928,2732.8,2961.6,0.953221,-1,epoch_20,0.953221
3978,18ZC5757.JPG,4,2204,1308,2253.6,1348,0.953,-1,epoch_20,0.953
3979,18ZC5757.JPG,4,3044.8,1028,3091.2,1064.8,0.952789,-1,epoch_20,0.952789
3980,18ZC5757.JPG,4,2012,740,2109,801,0.95253,-1,epoch_20,0.95253
3981,18ZC5757.JPG,4,1591.2,3684.8,1651.2,3771.2,0.952056,-1,epoch_20,0.952056
3982,18ZC5757.JPG,4,2726.4,2860,2748.8,2893.6,0.948231,-1,epoch_20,0.948231
3983,18ZC5757.JPG,4,2159,2474,2237,2575,0.946349,-1,epoch_20,0.946349
3984,18ZC5757.JPG,4,1828,3349,1891,3453,0.946023,-1,epoch_20,0.946023
3985,18ZC5757.JPG,4,538,2155,679,2313,0.942232,-1,epoch_20,0.942232
3986,18ZC5757.JPG,4,206,2225,339,2480,0.939686,-1,epoch_20,0.939686
3987,18ZC5757.JPG,4,2859,3320,2971,3376,0.937817,-1,epoch_20,0.937817
3988,18ZC5757.JPG,4,780,2016.8,924,2147.2,0.937806,-1,epoch_20,0.937806
3989,18ZC5757.JPG,4,1348,1770,1439,1829,0.937655,-1,epoch_20,0.937655
3990,18ZC5757.JPG,4,4438,3723,4526,3829,0.93749,-1,epoch_20,0.93749
3991,18ZC5757.JPG,4,529.6,3761.6,588,3807.2,0.937247,-1,epoch_20,0.937247
3992,18ZC5757.JPG,4,540,2750,689,2894,0.922813,-1,epoch_20,0.922813
3993,18ZC5757.JPG,4,4277,201,4336,299,0.920132,-1,epoch_20,0.920132
3994,18ZC5757.JPG,4,2817.6,1869.6,2868.8,1896.8,0.903521,-1,epoch_20,0.903521
3995,18ZC5757.JPG,4,4159.2,3717.6,4212,3784.8,0.903365,-1,epoch_20,0.903365
3996,18ZC5757.JPG,4,552.8,2100.8,612,2192.8,0.901593,-1,epoch_20,0.901593
3997,18ZC5757.JPG,4,3001,3271,3064,3348,0.900143,-1,epoch_20,0.900143
3998,18ZC5757.JPG,4,1866.4,1416,1892,1468.8,0.899462,-1,epoch_20,0.899462
3999,18ZC5757.JPG,4,1767.2,1492,1790.4,1519.2,0.89207,-1,epoch_20,0.89207
4000,18ZC5757.JPG,4,2706.4,2848,2741.6,2874.4,0.889962,-1,epoch_20,0.889962
4001,18ZC5757.JPG,4,572.8,3762.4,616.8,3795.2,0.8893,-1,epoch_20,0.8893
4002,18ZC5757.JPG,4,620.8,2035.2,638.4,2069.6,0.888546,-1,epoch_20,0.888546
4003,18ZC5757.JPG,4,4469.6,3759.2,4504.8,3788,0.885323,-1,epoch_20,0.885323
4004,18ZC5757.JPG,4,1770,1489,1855,1576,0.880627,-1,epoch_20,0.880627
4005,18ZC5757.JPG,4,3269.6,1040,3308.8,1070.4,0.871343,-1,epoch_20,0.871343
4006,18ZC5757.JPG,4,4473.6,3780,4508.8,3808.8,0.869795,-1,epoch_20,0.869795
4007,18ZC5757.JPG,4,2675.2,1506.4,2752.8,1519.2,0.864383,-1,epoch_20,0.864383
4008,18ZC5757.JPG,4,3192,3520,3240,3566.4,0.862822,-1,epoch_20,0.862822
4009,18ZC5757.JPG,4,2088,1336,2128.8,1364,0.859715,-1,epoch_20,0.859715
4010,18ZC5757.JPG,4,21,2361,191,2601,0.858303,-1,epoch_20,0.858303
4011,18ZC5757.JPG,4,1084.8,3802.4,1121.6,3839.2,0.857829,-1,epoch_20,0.857829
4012,18ZC5757.JPG,4,1564,1598,1709,1719,0.855051,-1,epoch_20,0.855051
4013,18ZC5757.JPG,4,3287.2,2147.2,3329.6,2236,0.849119,-1,epoch_20,0.849119
4014,18ZC5757.JPG,4,3077.6,3520,3138.4,3553.6,0.83455,-1,epoch_20,0.83455
4015,18ZC5757.JPG,4,0,1760,97.6,1867.2,0.826339,-1,epoch_20,0.826339
4016,18ZC5757.JPG,4,2673,2075,2728,2136,0.814333,-1,epoch_20,0.814333
4017,18ZC5757.JPG,4,2264.8,3691.2,2309.6,3714.4,0.813667,-1,epoch_20,0.813667
4018,18ZC5757.JPG,4,1263,815,1415,896,0.806181,-1,epoch_20,0.806181
4019,18ZC5757.JPG,4,493.6,2753.6,574.4,2788,0.797321,-1,epoch_20,0.797321
4020,18ZC5757.JPG,4,2600.8,2992,2657.6,3040,0.78146,-1,epoch_20,0.78146
4021,18ZC5757.JPG,4,563.2,3781.6,623.2,3828.8,0.779645,-1,epoch_20,0.779645
4022,18ZC5757.JPG,4,654,1980,789,2212,0.777238,-1,epoch_20,0.777238
4023,18ZC5757.JPG,4,2716.8,2956.8,2744.8,2993.6,0.771406,-1,epoch_20,0.771406
4024,18ZC5757.JPG,4,2753.6,3552.8,2790.4,3608,0.767045,-1,epoch_20,0.767045
4025,18ZC5757.JPG,4,3068,3308,3217,3377,0.766878,-1,epoch_20,0.766878
4026,18ZC5757.JPG,4,2849.6,433.6,2875.2,462.4,0.763217,-1,epoch_20,0.763217
4027,18ZC5757.JPG,4,1788,1508.8,1858.4,1518.4,0.75356,-1,epoch_20,0.75356
4028,18ZC5757.JPG,4,2371.2,596,2414.4,624,0.747431,-1,epoch_20,0.747431
4029,18ZC5757.JPG,4,2095.2,1355.2,2147.2,1379.2,0.746458,-1,epoch_20,0.746458
4030,18ZC5757.JPG,4,661.6,2946.4,691.2,2999.2,0.723502,-1,epoch_20,0.723502
4031,18ZC5757.JPG,4,1843.2,1423.2,1880.8,1468.8,0.709507,-1,epoch_20,0.709507
4032,18ZC5757.JPG,4,2212.8,2779.2,2246.4,2813.6,0.70623,-1,epoch_20,0.70623
4033,18ZC5757.JPG,4,124.8,2386.4,186.4,2399.2,0.692785,-1,epoch_20,0.692785
4034,18ZC5757.JPG,4,2263,3401,2324,3471,0.68739,-1,epoch_20,0.68739
4035,18ZC5757.JPG,4,2730,2547,2781,2649,0.681873,-1,epoch_20,0.681873
4036,18ZC5757.JPG,4,2243.2,3252,2285.6,3276,0.678486,-1,epoch_20,0.678486
4037,18ZC5757.JPG,4,651.2,3782.4,673.6,3832,0.674944,-1,epoch_20,0.674944
4038,18ZC5757.JPG,4,753,3780,829,3834,0.665126,-1,epoch_20,0.665126
4039,18ZC5757.JPG,4,1898,524,1951,583,0.635355,-1,epoch_20,0.635355
4040,18ZC5757.JPG,4,4220.8,3748,4285.6,3782.4,0.626622,-1,epoch_20,0.626622
4041,18ZC5757.JPG,4,2139.2,1468.8,2201.6,1519.2,0.607804,-1,epoch_20,0.607804
4042,18ZC5757.JPG,4,2312.8,3712.8,2338.4,3745.6,0.60712,-1,epoch_20,0.60712
4043,18ZC5757.JPG,4,3270,1013,3353,1089,0.583736,-1,epoch_20,0.583736
4044,18ZC5757.JPG,4,3539,991,3604,1107,0.577463,-1,epoch_20,0.577463
4045,18ZC5757.JPG,4,3916.8,1497.6,3944.8,1519.2,0.565946,-1,epoch_20,0.565946
4046,18ZC5757.JPG,4,757.6,1970.4,911.2,2080.8,0.560611,-1,epoch_20,0.560611
4047,18ZC5757.JPG,4,1048.8,2368,1123.2,2399.2,0.55897,-1,epoch_20,0.55897
4048,18ZC5757.JPG,4,2339.2,3198.4,2368,3235.2,0.557544,-1,epoch_20,0.557544
4049,18ZC5757.JPG,4,4167.2,1760,4230.4,1772.8,0.557388,-1,epoch_20,0.557388
4050,18ZC5757.JPG,4,2139,3351,2271,3425,0.553666,-1,epoch_20,0.553666
4051,18ZC5757.JPG,4,2185,3207,2312,3290,0.541251,-1,epoch_20,0.541251
4052,18ZC5757.JPG,4,2794,2514,2859,2581,0.531902,-1,epoch_20,0.531902
4053,18ZC5757.JPG,4,2653,3521,2797,3615,0.528029,-1,epoch_20,0.528029
4054,18ZC5757.JPG,4,309,3445,364,3525,0.511595,-1,epoch_20,0.511595
4055,18ZC5757.JPG,4,4440.8,3764.8,4488,3795.2,0.510614,-1,epoch_20,0.510614
4056,18ZC5757.JPG,4,592.8,2028,614.4,2063.2,0.502396,-1,epoch_20,0.502396
4057,18ZC5757.JPG,4,491,3769,838,3831,0.499287,-1,epoch_20,0.499287
4058,18ZC5757.JPG,4,1295,2270,1355,2346,0.486889,-1,epoch_20,0.486889
4059,18ZC5757.JPG,4,2969.6,374.4,2985.6,401.6,0.466056,-1,epoch_20,0.466056
4060,18ZC5757.JPG,4,684,3784,699.2,3807.2,0.456887,-1,epoch_20,0.456887
4061,18ZC5757.JPG,4,239.2,2223.2,255.2,2265.6,0.448375,-1,epoch_20,0.448375
4062,18ZC5757.JPG,4,2312,1352.8,2341.6,1398.4,0.448182,-1,epoch_20,0.448182
4063,18ZC5757.JPG,4,1556,1396.8,1601.6,1437.6,0.44573,-1,epoch_20,0.44573
4064,18ZC5757.JPG,4,2794,3382,2877,3489,0.43225,-1,epoch_20,0.43225
4065,18ZC5757.JPG,4,2728.8,3630.4,2759.2,3666.4,0.430331,-1,epoch_20,0.430331
4066,18ZC5757.JPG,4,2422,3391,2507,3457,0.429556,-1,epoch_20,0.429556
4067,18ZC5757.JPG,4,1644,3679.2,1665.6,3724,0.424934,-1,epoch_20,0.424934
4068,18ZC5757.JPG,4,1746,3097,1855,3159,0.416447,-1,epoch_20,0.416447
4069,18ZC5757.JPG,4,480,2734.4,496,2764.8,0.412823,-1,epoch_20,0.412823
4070,18ZC5757.JPG,4,2698,2845,2783,2917,0.405745,-1,epoch_20,0.405745
4071,18ZC5757.JPG,4,4139,3732,4521,3830,0.397336,-1,epoch_20,0.397336
4072,18ZC5757.JPG,4,2293.6,3522.4,2334.4,3577.6,0.389271,-1,epoch_20,0.389271
4073,18ZC5757.JPG,4,1731,3398,1803,3485,0.388732,-1,epoch_20,0.388732
4074,18ZC5757.JPG,4,1440,3779.2,1449.6,3834.4,0.381162,-1,epoch_20,0.381162
4075,18ZC5757.JPG,4,350,2317,482,2378,0.369455,-1,epoch_20,0.369455
4076,18ZC5757.JPG,4,4870.4,2385.6,4905.6,2399.2,0.350838,-1,epoch_20,0.350838
4077,18ZC5757.JPG,4,824,2640,836.8,2641.6,0.341198,-1,epoch_20,0.341198
4078,18ZC5757.JPG,4,2745.6,3611.2,2776.8,3655.2,0.335415,-1,epoch_20,0.335415
4079,18ZC5757.JPG,4,3360,2027.2,3371.2,2054.4,0.303664,-1,epoch_20,0.303664
4080,18ZC5757.JPG,4,964.8,1957.6,996,1979.2,0.2698,-1,epoch_20,0.2698
4081,18ZC5757.JPG,4,2207.2,1341.6,2260.8,1367.2,0.269031,-1,epoch_20,0.269031
4082,18ZC5757.JPG,4,3925.6,3656.8,3944.8,3705.6,0.263932,-1,epoch_20,0.263932
4083,18ZC5757.JPG,4,2400.8,3259.2,2459.2,3279.2,0.256394,-1,epoch_20,0.256394
4084,18ZC5757.JPG,4,101.6,2258.4,140,2295.2,0.255124,-1,epoch_20,0.255124
4085,18ZC5757.JPG,4,2570.4,3606.4,2608,3630.4,0.244857,-1,epoch_20,0.244857
4086,18ZC5757.JPG,4,711.2,3776.8,726.4,3820,0.235639,-1,epoch_20,0.235639
4087,18ZC5757.JPG,4,141.6,3766.4,211.2,3814.4,0.211645,-1,epoch_20,0.211645
4088,18ZC5757.JPG,4,3308.8,2216.8,3329.6,2245.6,0.204034,-1,epoch_20,0.204034
4089,18ZC5757.JPG,4,4462.4,3721.6,4506.4,3760,0.203281,-1,epoch_20,0.203281
4090,18ZC5757.JPG,4,3102.4,3245.6,3149.6,3271.2,0.195914,-1,epoch_20,0.195914
4091,18ZC5757.JPG,4,755.2,3801.6,788,3830.4,0.186096,-1,epoch_20,0.186096
4092,18ZC5757.JPG,4,510.4,3750.4,544,3791.2,0.185981,-1,epoch_20,0.185981
4093,18ZC5757.JPG,4,1020,1954.4,1044.8,1973.6,0.177171,-1,epoch_20,0.177171
4094,18ZC5757.JPG,4,405.6,2216,479.2,2264,0.175816,-1,epoch_20,0.175816
4095,18ZC5757.JPG,4,2210.4,1360.8,2240,1392.8,0.175645,-1,epoch_20,0.175645
4096,18ZC5757.JPG,4,0,3064.8,6.4,3099.2,0.170768,-1,epoch_20,0.170768
4097,18ZC5757.JPG,4,910.4,1854.4,975.2,2129.6,0.167893,-1,epoch_20,0.167893
4098,18ZC5757.JPG,4,2095.2,1157.6,2120,1193.6,0.161532,-1,epoch_20,0.161532
4099,18ZC5757.JPG,4,979.2,2229.6,1145.6,2328,0.160698,-1,epoch_20,0.160698
4100,18ZC5757.JPG,4,1526.4,1108.8,1544.8,1121.6,1,-1,epoch_20,1
4101,18ZC5757.JPG,4,2111.2,1440.8,2161.6,1472.8,0.15622,-1,epoch_20,0.15622
4102,18ZC5757.JPG,4,2821.6,1760,2853.6,1764.8,0.154799,-1,epoch_20,0.154799
4103,18ZC5757.JPG,4,2037.6,1397.6,2060.8,1420,0.144264,-1,epoch_20,0.144264
4104,18ZC5757.JPG,4,3184.8,0,3217.6,4,0.142218,-1,epoch_20,0.142218
4105,18ZC5757.JPG,4,1516.8,1220.8,1534.4,1232,0.140143,-1,epoch_20,0.140143
4106,18ZC5757.JPG,4,0,1814.4,13.6,1849.6,0.137994,-1,epoch_20,0.137994
4107,18ZC5757.JPG,4,2107.2,1378.4,2130.4,1396.8,0.130545,-1,epoch_20,0.130545
4108,18ZC5757.JPG,4,480,2201.6,489.6,2278.4,0.12789,-1,epoch_20,0.12789
4109,18ZC5757.JPG,4,4181.6,3768.8,4207.2,3789.6,0.123617,-1,epoch_20,0.123617
4110,18ZC5757.JPG,4,480,3556.8,487.2,3594.4,0.121592,-1,epoch_20,0.121592
4111,18ZC5757.JPG,4,1804.8,1493.6,1828,1518.4,0.113527,-1,epoch_20,0.113527
4112,18ZC5757.JPG,4,0,62.3999,10.4,99.2,0.111866,-1,epoch_20,0.111866
4113,18ZC5757.JPG,4,2866.4,419.2,2892,440.8,0.110915,-1,epoch_20,0.110915
4114,18ZC5757.JPG,4,389.6,2644,406.4,2688.8,0.105273,-1,epoch_20,0.105273
4115,18ZC5757.JPG,4,2868,188,2891.2,213.6,0.0942095,-1,epoch_20,0.0942095
4116,18ZC5757.JPG,4,480,2248,492.8,2309.6,0.0926774,-1,epoch_20,0.0926774
4117,18ZC5757.JPG,4,4320,2130.4,4329.6,2160.8,0.0886621,-1,epoch_20,0.0886621
4118,18ZC5757.JPG,4,3576,1001.6,3588.8,1040,0.0828373,-1,epoch_20,0.0828373
4119,18ZC5757.JPG,4,3937.6,1239.2,3944.8,1254.4,0.0776453,-1,epoch_20,0.0776453
4120,18ZC5757.JPG,4,2762.4,3520,2802.4,3525.6,0.0775032,-1,epoch_20,0.0775032
4121,18ZC5757.JPG,4,3309.6,2184,3327.2,2221.6,0.076606,-1,epoch_20,0.076606
4122,18ZC5757.JPG,4,1027.2,1986.4,1052,2015.2,0.0762857,-1,epoch_20,0.0762857
4123,18ZC5757.JPG,4,4336,3741.6,4355.2,3767.2,0.0732517,-1,epoch_20,0.0732517
4124,18ZC5757.JPG,4,4800,384,4812,410.4,0.0698406,-1,epoch_20,0.0698406
4125,18ZC5757.JPG,4,4148,3753.6,4194.4,3832,0.069668,-1,epoch_20,0.069668
4126,18ZC5757.JPG,4,3360,1453.6,3368.8,1488.8,0.0690375,-1,epoch_20,0.0690375
4127,18ZC5757.JPG,4,3542.4,1032.8,3577.6,1059.2,0.0673269,-1,epoch_20,0.0673269
4128,18ZC5757.JPG,4,2692,3534.4,2740,3573.6,0.0647215,-1,epoch_20,0.0647215
4129,18ZC5757.JPG,4,4320,3699.2,4329.6,3764,0.0635367,-1,epoch_20,0.0635367
4130,18ZC5757.JPG,4,2880,1280.8,2892,1344.8,0.0594721,-1,epoch_20,0.0594721
4131,18ZC5757.JPG,4,266.4,3748.8,309.6,3796.8,0.0593334,-1,epoch_20,0.0593334
4132,18ZC5757.JPG,4,724.8,3808.8,750.4,3833.6,0.0585734,-1,epoch_20,0.0585734
4133,18ZC5757.JPG,4,1920,524.8,1927.2,560,0.0562423,-1,epoch_20,0.0562423
4134,18ZC5757.JPG,4,2263.2,3256.8,2308,3278.4,0.0561667,-1,epoch_20,0.0561667
4135,18ZC5757.JPG,4,480,2858.4,492,2888,0.0553987,-1,epoch_20,0.0553987
4136,18ZC5757.JPG,4,975.2,2231.2,1064.8,2260.8,0.0535688,-1,epoch_20,0.0535688
4137,18ZC5757.JPG,4,1607.2,2830.4,1630.4,2848.8,0.0529214,-1,epoch_20,0.0529214
4138,18ZC5757.JPG,4,32,29.6001,70.4,52,0.0525973,-1,epoch_20,0.0525973
4139,18ZC5757.JPG,4,1700.8,0,1721.6,2.3999,0.0519411,-1,epoch_20,0.0519411
4140,18ZC5757.JPG,4,2484.8,2034.4,2504,2079.2,0.0513792,-1,epoch_20,0.0513792
