0,18ZC4773.JPG,0,1388,285.6,1433.6,348.8,0.877024,-1,CSL_cow,0.0701189,CSL_sam,0.877024,PHS,0.0217444
1,18ZC4773.JPG,0,1412,167.2,1452,212,0.967453,-1,CSL_yng_male,0.967453
2,18ZC4773.JPG,0,1422.4,313.6,1497.6,355.2,0.926769,-1,CSL_cow,0.0156034,CSL_yng_male,0.926769
3,18ZC4773.JPG,0,1436,227.2,1470.4,288.8,0.913386,-1,CSL_yng_male,0.618205,CSL_juv,0.913386
4,18ZC4773.JPG,0,1442.4,180.8,1474.4,273.6,0.176854,-1,CSL_yng_male,0.176854
5,18ZC4773.JPG,0,1399.2,196,1442.4,268,0.992208,-1,CSL_yng_male,0.992208
6,18ZC4773.JPG,0,1312.8,330.4,1368.8,429.6,0.965201,-1,CSL_cow,0.965201,CSL_yng_male,0.0318383
7,18ZC4773.JPG,0,1257.6,368.8,1331.2,428.8,0.999406,-1,CSL_cow,0.999406
8,18ZC4773.JPG,0,1344.8,338.4,1382.4,416.8,0.96204,-1,CSL_cow,0.96204,CSL_juv,0.043251
9,18ZC4773.JPG,0,1383.2,192,1404.8,240.8,0.749994,-1,CSL_pup,0.749994,CSL_yng_male,0.0508187
10,18ZC4773.JPG,0,1462.4,210.4,1494.4,277.6,0.999231,-1,CSL_yng_male,0.999231
11,18ZC4773.JPG,0,1510.4,879.2,1581.6,917.6,0.975196,-1,CSL_cow,0.975196,CSL_yng_male,0.0928544
12,18ZC4773.JPG,0,1468,1004,1528.8,1055.2,0.0672821,-1,CSL_yng_male,0.0672821
13,18ZC4773.JPG,0,1506.4,955.2,1569.6,979.2,0.93715,-1,CSL_cow,0.93715,CSL_yng_male,0.0142169
14,18ZC4773.JPG,0,1510.4,954.4,1568.8,980,0.10126,-1,CSL_juv,0.10126
15,18ZC4773.JPG,0,1436.8,866.4,1503.2,892.8,0.995266,-1,CSL_cow,0.995266
16,18ZC4773.JPG,0,1452,844.8,1512.8,873.6,0.993584,-1,CSL_cow,0.993584
17,18ZC4773.JPG,0,1518.4,973.6,1578.4,1004,0.670556,-1,CSL_cow,0.670556,CSL_juv,0.0311098
18,18ZC4773.JPG,0,1485.6,789.6,1525.6,847.2,0.999265,-1,CSL_cow,0.999265
19,18ZC4773.JPG,0,1488,904,1536.8,968.8,0.99962,-1,CSL_cow,0.99962
20,18ZC4773.JPG,0,1465.6,1004.8,1532,1054.4,0.999446,-1,CSL_cow,0.999446
21,18ZC4773.JPG,0,1516.8,910.4,1585.6,934.4,0.0216659,-1,CSL_cow,0.0216659
22,18ZC4773.JPG,0,1307.2,845.6,1340.8,881.6,0.0341015,-1,CSL_pup,0.0341015
23,18ZC4773.JPG,0,1429.6,1021.6,1462.4,1056,0.0155319,-1,CSL_pup,0.0155319
24,18ZC4773.JPG,0,1524.8,911.2,1584,934.4,0.590969,-1,CSL_pup,0.049918,CSL_juv,0.590969
25,18ZC4773.JPG,0,1400,1375.2,1568,1448,0.294604,-1,NES_sam,0.294604,NES_young,0.0103416
26,18ZC4773.JPG,0,1519.2,1666.4,1570.4,1716,0.985605,-1,CSL_cow,0.985605
27,18ZC4773.JPG,0,1521.6,1660,1590.4,1689.6,0.0286164,-1,CSL_yng_male,0.0152863,CSL_juv,0.0286164
28,18ZC4773.JPG,0,1510.4,1626.4,1584,1656,0.995047,-1,CSL_cow,0.995047
29,18ZC4773.JPG,0,1528.8,1661.6,1589.6,1691.2,0.0991908,-1,CSL_pup,0.0991908
30,18ZC4773.JPG,0,1516.8,1633.6,1583.2,1667.2,0.218934,-1,CSL_yng_male,0.218934
31,18ZC4773.JPG,0,1329.6,1689.6,1448.8,1808,0.77446,-1,NES_sam,0.293765,NES_bull,0.77446
32,18ZC4773.JPG,0,1464,1804,1580,1987.2,0.959603,-1,NES_bull,0.959603
33,18ZC4773.JPG,0,1519.2,1635.2,1586.4,1668,0.0440192,-1,CSL_juv,0.0440192
34,18ZC4773.JPG,0,1432,1651.2,1456,1675.2,0.424347,-1,CSL_pup,0.424347
35,18ZC4773.JPG,0,1412.8,2352,1556,2518.4,0.992794,-1,NES_bull,0.992794
36,18ZC4773.JPG,0,1421.6,2360,1541.6,2520,0.0125712,-1,NES_sam,0.0125712
37,18ZC4773.JPG,0,1456.8,2680,1564,2858.4,0.700627,-1,NES_bull,0.700627
38,18ZC4773.JPG,0,1336.8,3371.2,1384.8,3410.4,0.527651,-1,PHS,0.527651
39,18ZC4773.JPG,0,1529.6,3248,1579.2,3280,0.952724,-1,CSL_pup,0.952724,PHS,0.389882
40,18ZC4773.JPG,0,1333.6,3373.6,1383.2,3408,0.739542,-1,CSL_pup,0.739542
41,18ZC4773.JPG,0,1352.8,3344.8,1397.6,3372,0.976069,-1,CSL_pup,0.976069,PHS,0.0234685
42,18ZC4773.JPG,0,1349.6,3271.2,1371.2,3293.6,0.784784,-1,CSL_pup,0.784784
43,18ZC4773.JPG,0,1456,3365.6,1498.4,3399.2,0.50685,-1,CSL_pup,0.50685
44,18ZC4773.JPG,0,1482.4,3612,1528,3645.6,0.506228,-1,CSL_pup,0.506228
45,18ZC4773.JPG,0,1491.2,3278.4,1543.2,3309.6,0.0225265,-1,CSL_pup,0.0225265
46,18ZC4773.JPG,0,1456,3230.4,1507.2,3262.4,0.110345,-1,CSL_pup,0.110345
47,18ZC4773.JPG,0,1497.6,3342.4,1542.4,3372,0.99994,-1,CSL_pup,0.99994
48,18ZC4773.JPG,0,1585.6,992.8,1651.2,1025.6,0.43667,-1,CSL_cow,0.43667,CSL_yng_male,0.0727673
49,18ZC4773.JPG,0,1588,919.2,1652,973.6,0.998574,-1,CSL_cow,0.998574,CSL_yng_male,0.0145072
50,18ZC4773.JPG,0,1585.6,964.8,1625.6,996.8,0.326105,-1,CSL_cow,0.326105
51,18ZC4773.JPG,0,1581.6,961.6,1628,999.2,0.206278,-1,CSL_juv,0.206278
52,18ZC4773.JPG,0,1592.8,1058.4,1659.2,1100.8,0.997028,-1,CSL_cow,0.997028
53,18ZC4773.JPG,0,1732,1645.6,1776.8,1693.6,0.176607,-1,CSL_cow,0.0260776,CSL_yng_male,0.176607
54,18ZC4773.JPG,0,1778.4,1606.4,1834.4,1645.6,0.818988,-1,CSL_cow,0.818988,CSL_yng_male,0.156849
55,18ZC4773.JPG,0,1716.8,1660.8,1784.8,1712.8,0.0549247,-1,CSL_yng_male,0.0549247
56,18ZC4773.JPG,0,1720,1660,1785.6,1708,0.997102,-1,CSL_cow,0.997102
57,18ZC4773.JPG,0,1734.4,1697.6,1760,1764,0.772338,-1,CSL_cow,0.772338,CSL_yng_male,0.0198724
58,18ZC4773.JPG,0,1763.2,1638.4,1819.2,1663.2,0.0676891,-1,CSL_cow,0.0676891,CSL_yng_male,0.0150159,CSL_juv,0.0157451
59,18ZC4773.JPG,0,1780,1668.8,1844.8,1718.4,0.999092,-1,CSL_cow,0.999092
60,18ZC4773.JPG,0,1705.6,1688.8,1744.8,1761.6,0.995904,-1,CSL_cow,0.995904
61,18ZC4773.JPG,0,1595.2,1645.6,1666.4,1862.4,0.918958,-1,NES_bull,0.918958
62,18ZC4773.JPG,0,1674.4,2499.2,1845.6,2577.6,0.981035,-1,NES_sam,0.981035
63,18ZC4773.JPG,0,1670.4,2509.6,1848,2577.6,0.0327325,-1,NES_bull,0.0327325
64,18ZC4773.JPG,0,1612,2105.6,1791.2,2220,0.53417,-1,NES_sam,0.298898,NES_bull,0.53417
65,18ZC4773.JPG,0,1747.2,2180.8,1889.6,2321.6,0.989836,-1,NES_bull,0.989836
66,18ZC4773.JPG,0,1756.8,2418.4,1950.4,2492.8,0.995509,-1,NES_bull,0.995509
67,18ZC4773.JPG,0,1898.4,3014.4,2048,3092,0.0563679,-1,NES_sam,0.0355059,NES_young,0.0563679
68,18ZC4773.JPG,0,1801.6,2883.2,1944.8,3009.6,0.997968,-1,NES_bull,0.997968
69,18ZC4773.JPG,0,1780,2730.4,1893.6,2846.4,0.934808,-1,NES_sam,0.282048,NES_bull,0.934808
70,18ZC4773.JPG,0,1926.4,2880,1958.4,2916,0.491757,-1,CSL_pup,0.491757,CSL_juv,0.109495
71,18ZC4773.JPG,0,1939.2,2710.4,2032.8,2860,0.999146,-1,NES_bull,0.999146
72,18ZC4773.JPG,0,1833.6,3355.2,1957.6,3456.8,0.0483253,-1,NES_sam,0.0483253
73,18ZC4773.JPG,0,1606.4,3516,1664,3565.6,0.990233,-1,CSL_cow,0.990233
74,18ZC4773.JPG,0,1840.8,3411.2,1966.4,3592,0.985515,-1,NES_bull,0.985515
75,18ZC4773.JPG,0,2110.4,1898.4,2274.4,2002.4,0.914305,-1,NES_sam,0.914305,NES_bull,0.0851664
76,18ZC4773.JPG,0,2208,2372,2386.4,2488.8,0.920933,-1,NES_sam,0.0206838,NES_bull,0.920933
77,18ZC4773.JPG,0,2093.6,2404.8,2210.4,2580.8,0.995503,-1,NES_bull,0.995503
78,18ZC4773.JPG,0,2360,2856,2501.6,2964,0.0120487,-1,NES_sam,0.0120487
79,18ZC4773.JPG,0,2361.6,2825.6,2492,2979.2,0.914354,-1,NES_bull,0.914354
80,18ZC4773.JPG,0,2436,2615.2,2460.8,2646.4,0.174124,-1,CSL_pup,0.174124
81,18ZC4773.JPG,0,2424.8,2624,2456,2659.2,0.998457,-1,CSL_pup,0.998457
82,18ZC4773.JPG,0,2620.8,2648.8,2696.8,2868,0.402452,-1,NES_bull,0.402452
83,18ZC4773.JPG,0,3470.4,1199.2,3595.2,1384.8,0.937959,-1,NES_bull,0.937959
84,18ZC4773.JPG,0,3198.4,2495.2,3323.2,2628.8,0.993206,-1,NES_bull,0.993206
85,18ZC4773.JPG,0,3139.2,3172.8,3384,3278.4,0.887366,-1,NES_bull,0.887366
86,18ZC4773.JPG,0,1431.82,2331.82,1660.91,2503.64,0.0279996,-1,PHS,0.0279996
87,18ZC4773.JPG,0,2250,3657.27,2282.73,3755.45,0.0500568,-1,CSL_cow,0.0500568,PHS,0.0107812,CSL_yng_male,0.029742,CSL_bull,0.015292
88,18ZC4773.JPG,0,1881.82,2675.45,2053.64,2904.55,0.691835,-1,CSL_pup,0.691835
89,18ZC4773.JPG,0,2061.82,3788.18,2160,3820.91,0.122712,-1,CSL_bull,0.122712
90,18ZC4773.JPG,0,1415.45,2340,1669.09,2503.64,0.860916,-1,CSL_pup,0.860916
91,18ZC4773.JPG,0,1587.27,2086.36,1791.82,2200.91,0.0232594,-1,CSL_pup,0.0232594
92,18ZC4773.JPG,0,1546.36,1890,1677.27,2070,0.0214114,-1,CSL_pup,0.0214114
93,18ZC4773.JPG,0,1644.55,2536.36,1922.73,2667.27,0.962258,-1,CSL_pup,0.962258
94,18ZC4890.JPG,1,3077.6,2561.6,3143.2,2623.2,0.045141,-1,CSL_yng_male,0.045141
95,18ZC4890.JPG,1,3076.8,2556,3148,2625.6,0.879885,-1,CSL_cow,0.879885
96,18ZC4890.JPG,1,3076.8,2559.2,3145.6,2622.4,0.77348,-1,CSL_sam,0.77348
97,18ZC4890.JPG,1,2869.6,3447.2,2936,3480,0.983929,-1,CSL_yng_male,0.983929
98,18ZC4890.JPG,1,2971.2,3285.6,3016.8,3382.4,0.116524,-1,CSL_cow,0.0861444,CSL_yng_male,0.116524
99,18ZC4890.JPG,1,2969.6,3285.6,3023.2,3384,0.0271738,-1,CSL_bull,0.0271738
100,18ZC4890.JPG,1,2864.8,3390.4,2970.4,3433.6,0.214242,-1,CSL_sam,0.214242,CSL_bull,0.172343
101,18ZC4890.JPG,1,3064,3487.2,3120,3568.8,0.0435358,-1,CSL_sam,0.0435358
102,18ZC4890.JPG,1,2831.2,3425.6,2912,3511.2,0.463809,-1,CSL_cow,0.463809
103,18ZC4890.JPG,1,2900.8,3462.4,2966.4,3495.2,0.945751,-1,CSL_cow,0.945751
104,18ZC4890.JPG,1,2913.6,3501.6,2968,3546.4,0.972857,-1,CSL_cow,0.972857
105,18ZC4890.JPG,1,3060.8,3485.6,3122.4,3569.6,0.979513,-1,CSL_cow,0.979513
106,18ZC4890.JPG,1,2883.2,3460,2977.6,3494.4,0.0165668,-1,CSL_sam,0.0165668
107,18ZC4890.JPG,1,3081.6,3421.6,3137.6,3463.2,0.979024,-1,CSL_cow,0.272515,CSL_bull,0.979024
108,18ZC4890.JPG,1,2923.2,3443.2,2972,3471.2,0.979854,-1,CSL_pup,0.0147612,CSL_juv,0.979854
109,18ZC4890.JPG,1,2835.2,3432.8,2911.2,3504.8,0.814141,-1,CSL_sam,0.814141
110,18ZC4890.JPG,1,2914.4,3428.8,2975.2,3452.8,0.981391,-1,CSL_juv,0.981391
111,18ZC4890.JPG,1,2951.2,3396,3014.4,3424.8,0.998028,-1,CSL_cow,0.998028
112,18ZC4890.JPG,1,3431.2,1913.6,3470.4,1941.6,0.230776,-1,PHS,0.230776
113,18ZC4890.JPG,1,3544,1797.6,3607.2,1860.8,0.698947,-1,PHS,0.0222183,CSL_yng_male,0.011751,CSL_bull,0.698947
114,18ZC4890.JPG,1,3437.6,1915.2,3465.6,1940.8,0.620405,-1,CSL_dead_pup,0.620405
115,18ZC4890.JPG,1,3543.2,1797.6,3608.8,1863.2,0.0407968,-1,CSL_sam,0.0407968
116,18ZC4890.JPG,1,3505.6,1628.8,3588.8,1676.8,0.162641,-1,CSL_sam,0.162641,CSL_yng_male,0.0904166
117,18ZC4890.JPG,1,3511.2,1628.8,3582.4,1678.4,0.105706,-1,CSL_cow,0.105706,CSL_bull,0.0232855
118,18ZC4890.JPG,1,3512,1668,3608.8,1716,0.423576,-1,CSL_sam,0.0488579,CSL_yng_male,0.423576
119,18ZC4890.JPG,1,3370.4,2468,3399.2,2498.4,0.763599,-1,CSL_juv,0.763599,CSL_dead_pup,0.249588
120,18ZC4890.JPG,1,3326.4,2386.4,3383.2,2442.4,0.655432,-1,CSL_yng_male,0.655432
121,18ZC4890.JPG,1,3288,2523.2,3365.6,2567.2,0.57563,-1,CSL_yng_male,0.57563
122,18ZC4890.JPG,1,3356,2289.6,3431.2,2338.4,0.514128,-1,CSL_yng_male,0.514128
123,18ZC4890.JPG,1,3624,2244.8,3657.6,2295.2,0.446447,-1,CSL_yng_male,0.446447
124,18ZC4890.JPG,1,3136.8,2431.2,3179.2,2480,0.10076,-1,CSL_cow,0.10076
125,18ZC4890.JPG,1,3322.4,2416,3376,2468,0.217652,-1,CSL_yng_male,0.217652
126,18ZC4890.JPG,1,3463.2,2292.8,3505.6,2377.6,0.160266,-1,CSL_yng_male,0.160266
127,18ZC4890.JPG,1,3621.6,2245.6,3660.8,2293.6,0.0244658,-1,CSL_pup,0.0244658
128,18ZC4890.JPG,1,3434.4,2294.4,3477.6,2392.8,0.94675,-1,CSL_cow,0.94675,CSL_yng_male,0.150144
129,18ZC4890.JPG,1,3367.2,2282.4,3425.6,2340,0.303763,-1,CSL_cow,0.303763
130,18ZC4890.JPG,1,3321.6,2413.6,3376,2468.8,0.219367,-1,CSL_cow,0.219367
131,18ZC4890.JPG,1,3355.2,2307.2,3390.4,2380.8,0.202151,-1,CSL_cow,0.202151,CSL_yng_male,0.099722
132,18ZC4890.JPG,1,3380.8,2551.2,3460,2601.6,0.072996,-1,CSL_yng_male,0.072996
133,18ZC4890.JPG,1,3585.6,2130.4,3658.4,2169.6,0.770436,-1,CSL_cow,0.770436,CSL_yng_male,0.0659925
134,18ZC4890.JPG,1,3288,2454.4,3324.8,2535.2,0.663845,-1,CSL_sam,0.663845,CSL_yng_male,0.0621788
135,18ZC4890.JPG,1,3367.2,2284.8,3425.6,2333.6,0.0774365,-1,CSL_sam,0.0774365
136,18ZC4890.JPG,1,3254.4,2456.8,3283.2,2530.4,0.0416056,-1,CSL_yng_male,0.0416056
137,18ZC4890.JPG,1,3289.6,2524.8,3361.6,2565.6,0.988069,-1,CSL_cow,0.988069
138,18ZC4890.JPG,1,3290.4,2461.6,3321.6,2529.6,0.274923,-1,CSL_cow,0.274923
139,18ZC4890.JPG,1,3328.8,2589.6,3399.2,2626.4,0.191688,-1,CSL_cow,0.191688,CSL_yng_male,0.0234753
140,18ZC4890.JPG,1,3324,2557.6,3408.8,2605.6,0.119522,-1,CSL_cow,0.119522,CSL_yng_male,0.0223663
141,18ZC4890.JPG,1,3183.2,2457.6,3220,2492,0.0210148,-1,CSL_yng_male,0.0210148
142,18ZC4890.JPG,1,3389.6,2308.8,3432,2380.8,0.0209154,-1,CSL_yng_male,0.0209154
143,18ZC4890.JPG,1,3328,2381.6,3380.8,2449.6,0.134093,-1,CSL_cow,0.134093
144,18ZC4890.JPG,1,3267.2,2524.8,3362.4,2560,0.420207,-1,CSL_sam,0.420207
145,18ZC4890.JPG,1,3252,2452,3284.8,2532.8,0.918277,-1,CSL_sam,0.918277
146,18ZC4890.JPG,1,3390.4,2325.6,3432,2376.8,0.809497,-1,CSL_cow,0.809497
147,18ZC4890.JPG,1,3324,2361.6,3373.6,2394.4,0.993553,-1,CSL_cow,0.993553
148,18ZC4890.JPG,1,3381.6,2378.4,3446.4,2436.8,0.967237,-1,CSL_cow,0.967237,CSL_sam,0.0124076
149,18ZC4890.JPG,1,3252.8,2428.8,3303.2,2518.4,0.905879,-1,CSL_cow,0.905879
150,18ZC4890.JPG,1,3313.6,2453.6,3354.4,2522.4,0.932852,-1,CSL_cow,0.932852
151,18ZC4890.JPG,1,3376.8,2517.6,3452,2550.4,0.689114,-1,CSL_cow,0.689114
152,18ZC4890.JPG,1,3392,2551.2,3456.8,2595.2,0.439161,-1,CSL_cow,0.439161,CSL_sam,0.0291545
153,18ZC4890.JPG,1,3195.2,2460,3252,2529.6,0.865625,-1,CSL_sam,0.865625
154,18ZC4890.JPG,1,3543.2,2127.2,3600.8,2156.8,0.964812,-1,CSL_cow,0.964812,CSL_yng_male,0.0202728
155,18ZC4890.JPG,1,3373.6,2517.6,3452,2549.6,0.904103,-1,CSL_sam,0.904103
156,18ZC4890.JPG,1,3197.6,2460.8,3246.4,2526.4,0.585206,-1,CSL_cow,0.585206
157,18ZC4890.JPG,1,3183.2,2457.6,3216.8,2491.2,0.247921,-1,CSL_pup,0.247921
158,18ZC4890.JPG,1,3134.4,2430.4,3179.2,2480,0.991718,-1,CSL_yng_male,0.991718
159,18ZC4890.JPG,1,3314.4,2452,3352.8,2527.2,0.206348,-1,CSL_sam,0.206348
160,18ZC4890.JPG,1,3463.2,2292.8,3504.8,2380.8,0.99971,-1,CSL_cow,0.99971
161,18ZC4890.JPG,1,3134.4,2512.8,3200,2579.2,0.203284,-1,CSL_cow,0.203284
162,18ZC4890.JPG,1,3257.6,2518.4,3334.4,2556.8,0.941416,-1,CSL_cow,0.941416
163,18ZC4890.JPG,1,3133.6,2508.8,3200,2579.2,0.986975,-1,CSL_sam,0.986975
164,18ZC4890.JPG,1,3494.4,2308.8,3535.2,2392,0.999755,-1,CSL_cow,0.999755
165,18ZC4890.JPG,1,3305.6,2616,3389.6,2652.8,0.984299,-1,CSL_cow,0.984299,CSL_yng_male,0.0417512
166,18ZC4890.JPG,1,3311.2,2649.6,3385.6,2693.6,0.158531,-1,CSL_sam,0.158531
167,18ZC4890.JPG,1,3303.2,2616.8,3387.2,2657.6,0.348495,-1,CSL_sam,0.348495
168,18ZC4890.JPG,1,3301.6,2637.6,3390.4,2685.6,0.033749,-1,CSL_cow,0.033749
169,18ZC4890.JPG,1,3992.8,796,4069.6,854.4,0.935286,-1,CSL_cow,0.935286,CSL_yng_male,0.169454
170,18ZC4890.JPG,1,3987.2,796.8,4076,847.2,0.010425,-1,CSL_sam,0.010425
171,18ZC4890.JPG,1,4033.6,631.2,4097.6,716,0.0124459,-1,CSL_sam,0.0124459
172,18ZC4890.JPG,1,4040.8,686.4,4077.6,744,0.992115,-1,CSL_cow,0.992115
173,18ZC4890.JPG,1,4102.4,769.6,4168,828,0.989453,-1,CSL_cow,0.989453
174,18ZC4890.JPG,1,3943.2,778.4,4004,837.6,0.942968,-1,CSL_cow,0.942968
175,18ZC4890.JPG,1,4018.4,828,4088,888.8,0.999134,-1,CSL_cow,0.999134
176,18ZC4890.JPG,1,4032.8,634.4,4095.2,706.4,0.90069,-1,CSL_cow,0.90069,CSL_bull,0.25623
177,18ZC4890.JPG,1,3943.2,775.2,4001.6,841.6,0.0323461,-1,CSL_sam,0.0323461
178,18ZC4890.JPG,1,4063.2,857.6,4142.4,906.4,0.999954,-1,CSL_cow,0.999954
179,18ZC4890.JPG,1,4056.8,771.2,4114.4,828,0.995913,-1,CSL_cow,0.995913
180,18ZC4890.JPG,1,4065.6,711.2,4119.2,765.6,0.999979,-1,CSL_cow,0.999979
181,18ZC4890.JPG,1,3992.8,714.4,4043.2,767.2,0.999997,-1,CSL_cow,0.999997
182,18ZC4890.JPG,1,4056,836,4116,887.2,0.165592,-1,CSL_cow,0.165592
183,18ZC4890.JPG,1,4008.8,840.8,4047.2,881.6,0.027607,-1,CSL_pup,0.027607
184,18ZC4890.JPG,1,3667.2,1914.4,3717.6,1988,0.677682,-1,CSL_cow,0.677682,CSL_yng_male,0.463115
185,18ZC4890.JPG,1,3656,2048.8,3740,2094.4,0.269495,-1,CSL_yng_male,0.269495
186,18ZC4890.JPG,1,3660.8,2052,3748,2095.2,0.0659334,-1,CSL_sam,0.0659334
187,18ZC4890.JPG,1,3838.4,2020.8,3886.4,2068.8,0.270535,-1,CSL_cow,0.270535,CSL_yng_male,0.0325777
188,18ZC4890.JPG,1,3663.2,2051.2,3735.2,2092.8,0.354348,-1,CSL_cow,0.354348
189,18ZC4890.JPG,1,3731.2,1985.6,3769.6,2074.4,0.999981,-1,CSL_cow,0.999981
190,18ZC4890.JPG,1,3694.4,2017.6,3760,2090.4,0.966273,-1,CSL_cow,0.966273
191,18ZC4890.JPG,1,3920.8,1863.2,3984.8,1918.4,0.99973,-1,CSL_cow,0.99973
192,18ZC4890.JPG,1,3936.8,1808.8,3964.8,1860.8,0.975022,-1,CSL_cow,0.975022
193,18ZC4890.JPG,1,3735.2,1917.6,3784,1980,0.999748,-1,CSL_cow,0.999748
194,18ZC4890.JPG,1,3798.4,1962.4,3874.4,2003.2,0.991949,-1,CSL_cow,0.991949
195,18ZC4890.JPG,1,3754.4,1995.2,3799.2,2030.4,0.778446,-1,CSL_pup,0.778446,CSL_juv,0.0708089
196,18ZC4890.JPG,1,3712.8,1914.4,3754.4,2002.4,0.999764,-1,CSL_cow,0.999764
197,18ZC4890.JPG,1,3776.8,2009.6,3832.8,2080,0.999884,-1,CSL_cow,0.999884
198,18ZC4890.JPG,1,3932,1809.6,3960.8,1861.6,0.0188237,-1,CSL_pup,0.0188237
199,18ZC4890.JPG,1,3800,1960,3872.8,2003.2,0.0212745,-1,CSL_sam,0.0212745
200,18ZC4890.JPG,1,3949.6,1798.4,3988.8,1857.6,0.983136,-1,CSL_cow,0.983136
201,18ZC4890.JPG,1,3674.4,1988,3736.8,2027.2,0.0128834,-1,CSL_juv,0.0128834
202,18ZC4890.JPG,1,3696,1796,3776.8,1869.6,0.64,-1,CSL_cow,0.0175354,CSL_sam,0.64,CSL_bull,0.0471882
203,18ZC4890.JPG,1,3677.6,1986.4,3733.6,2030.4,0.955267,-1,CSL_cow,0.955267
204,18ZC4890.JPG,1,3860.8,1831.2,3927.2,1873.6,0.999984,-1,CSL_cow,0.999984
205,18ZC4890.JPG,1,3872,2000.8,3974.4,2051.2,0.999956,-1,CSL_bull,0.999956
206,18ZC4890.JPG,1,3660.8,2299.2,3711.2,2335.2,0.288585,-1,CSL_cow,0.288585,CSL_sam,0.0132908
207,18ZC4890.JPG,1,3772,2142.4,3820.8,2198.4,0.999889,-1,CSL_cow,0.999889
208,18ZC4890.JPG,1,3703.2,2128.8,3763.2,2188,0.030775,-1,CSL_cow,0.030775,CSL_bull,0.0148299
209,18ZC4890.JPG,1,4448,1840.8,4532.8,1888.8,0.969783,-1,CSL_bull,0.969783
210,18ZC4890.JPG,1,4456.8,1840,4529.6,1895.2,0.156606,-1,CSL_cow,0.156606
211,18ZC5063.JPG,2,392.8,32,438.4,73.6001,0.942126,-1,PHS,0.942126,CSL_yng_male,0.0165039
212,18ZC5063.JPG,2,277.6,8,320,56.8,0.225294,-1,CSL_sam,0.0755102,PHS,0.225294
213,18ZC5063.JPG,2,405.6,214.4,452.8,265.6,0.151504,-1,PHS,0.151504,CSL_yng_male,0.104299
214,18ZC5063.JPG,2,477.6,204.8,509.6,256.8,0.128259,-1,PHS,0.128259
215,18ZC5063.JPG,2,406.4,212,451.2,269.6,0.0322486,-1,CSL_juv,0.0322486
216,18ZC5063.JPG,2,341.6,10.3999,383.2,66.3999,0.383818,-1,PHS,0.0764545,CSL_yng_male,0.383818
217,18ZC5063.JPG,2,251.2,204.8,297.6,268.8,0.0233498,-1,PHS,0.0233498,CSL_juv,0.0120664
218,18ZC5063.JPG,2,343.2,225.6,376,292.8,0.0163676,-1,PHS,0.0163676
219,18ZC5063.JPG,2,351.2,0,393.6,41.6001,0.962813,-1,CSL_sam,0.962813,CSL_bull,0.0330647
220,18ZC5063.JPG,2,252,210.4,297.6,260,0.987784,-1,CSL_yng_male,0.987784
221,18ZC5063.JPG,2,376.8,177.6,413.6,204.8,0.454557,-1,CSL_cow,0.454557,CSL_juv,0.261207
222,18ZC5063.JPG,2,294.4,783.2,376,828.8,0.998624,-1,CSL_bull,0.998624
223,18ZC5063.JPG,2,587.2,267.2,638.4,297.6,0.981859,-1,PHS,0.981859
224,18ZC5063.JPG,2,631.2,451.2,684.8,484,0.236814,-1,CSL_pup,0.236814,PHS,0.070551
225,18ZC5063.JPG,2,591.2,109.6,624.8,170.4,0.271692,-1,PHS,0.0242512,CSL_yng_male,0.271692
226,18ZC5063.JPG,2,649.6,315.2,675.2,360.8,0.157081,-1,CSL_pup,0.107737,CSL_juv,0.157081
227,18ZC5063.JPG,2,631.2,137.6,657.6,175.2,0.332406,-1,CSL_pup,0.0576425,CSL_juv,0.332406
228,18ZC5063.JPG,2,625.6,138.4,660.8,173.6,0.0311126,-1,CSL_cow,0.0311126
229,18ZC5063.JPG,2,669.6,172,718.4,216.8,0.0581488,-1,CSL_cow,0.0342035,CSL_juv,0.0581488
230,18ZC5063.JPG,2,660,230.4,700.8,270.4,0.355292,-1,CSL_juv,0.355292
231,18ZC5063.JPG,2,591.2,108.8,625.6,173.6,0.700435,-1,CSL_juv,0.700435
232,18ZC5063.JPG,2,780,211.2,818.4,254.4,0.0157753,-1,CSL_cow,0.0157753,CSL_dead_pup,0.0122165
233,18ZC5063.JPG,2,645.6,152.8,669.6,212,0.6237,-1,CSL_juv,0.6237
234,18ZC5063.JPG,2,683.2,126.4,712.8,159.2,0.0607846,-1,CSL_pup,0.0607846
235,18ZC5063.JPG,2,692.8,152,726.4,178.4,0.0907893,-1,CSL_pup,0.0907893
236,18ZC5063.JPG,2,672,308,737.6,366.4,0.0111961,-1,CSL_cow,0.0111961
237,18ZC5063.JPG,2,618.4,172.8,650.4,193.6,0.953871,-1,CSL_pup,0.953871
238,18ZC5063.JPG,2,648,74.3999,715.2,134.4,0.728113,-1,CSL_bull,0.728113
239,18ZC5063.JPG,2,684.8,125.6,712,163.2,0.801113,-1,CSL_cow,0.0506489,CSL_juv,0.801113
240,18ZC5063.JPG,2,962.4,732,1007.2,791.2,0.43361,-1,CSL_cow,0.168195,PHS,0.317937,CSL_yng_male,0.011891,CSL_juv,0.43361
241,18ZC5063.JPG,2,681.6,608.8,721.6,645.6,0.40123,-1,CSL_pup,0.40123,CSL_juv,0.123489
242,18ZC5063.JPG,2,984,816,1032.8,852.8,0.167658,-1,CSL_cow,0.0458328,CSL_yng_male,0.167658
243,18ZC5063.JPG,2,914.4,755.2,944.8,799.2,0.357408,-1,CSL_juv,0.357408
244,18ZC5063.JPG,2,1519.2,100.8,1551.2,138.4,0.243597,-1,CSL_dead_pup,0.243597
245,18ZC5063.JPG,2,1517.6,96.8,1552,140.8,0.158493,-1,CSL_juv,0.158493
246,18ZC5063.JPG,2,1412,0,1492.8,80,0.0830128,-1,NES_sam,0.0830128
247,18ZC5063.JPG,2,1314.4,3.19995,1407.2,35.2,0.897899,-1,CSL_bull,0.897899
248,18ZC5063.JPG,2,1396.8,0.800049,1478.4,73.6001,0.141883,-1,CSL_cow,0.141883,CSL_sam,0.0756297
249,18ZC5063.JPG,2,1469.6,0,1524.8,85.6001,0.0321107,-1,CSL_yng_male,0.0321107
250,18ZC5063.JPG,2,1128.8,1024.8,1187.2,1060.8,0.110168,-1,PHS,0.110168
251,18ZC5063.JPG,2,1077.6,764,1138.4,788.8,0.0186654,-1,PHS,0.0186654
252,18ZC5063.JPG,2,1077.6,763.2,1139.2,788,0.652203,-1,CSL_juv,0.652203
253,18ZC5063.JPG,2,1177.6,895.2,1223.2,929.6,0.0737468,-1,CSL_juv,0.0737468
254,18ZC5063.JPG,2,1218.4,942.4,1263.2,983.2,0.0269394,-1,CSL_cow,0.0269394
255,18ZC5063.JPG,2,1338.4,1036.8,1404.8,1065.6,0.0463077,-1,CSL_sam,0.0463077,CSL_yng_male,0.0169264
256,18ZC5063.JPG,2,1188,883.2,1240,919.2,0.0459453,-1,CSL_juv,0.0459453
257,18ZC5063.JPG,2,1147.2,812,1177.6,871.2,0.323155,-1,CSL_yng_male,0.323155
258,18ZC5063.JPG,2,1180,810.4,1203.2,857.6,0.592533,-1,CSL_juv,0.592533
259,18ZC5063.JPG,2,1182.4,939.2,1216.8,977.6,0.584481,-1,CSL_cow,0.0146969,CSL_juv,0.584481
260,18ZC5063.JPG,2,1081.6,628,1128,658.4,0.577925,-1,CSL_pup,0.0105072,CSL_juv,0.577925
261,18ZC5063.JPG,2,1188.8,865.6,1215.2,900,0.426842,-1,CSL_juv,0.426842
262,18ZC5063.JPG,2,1188,885.6,1238.4,924.8,0.563645,-1,CSL_cow,0.0188748,CSL_yng_male,0.563645
263,18ZC5063.JPG,2,1344.8,1038.4,1400.8,1064,0.134451,-1,CSL_juv,0.134451
264,18ZC5063.JPG,2,1218.4,889.6,1257.6,927.2,0.7479,-1,CSL_pup,0.017615,CSL_juv,0.7479
265,18ZC5063.JPG,2,1220.8,960,1272,991.2,0.754132,-1,CSL_juv,0.754132
266,18ZC5063.JPG,2,1184,809.6,1204,857.6,0.270728,-1,CSL_cow,0.270728
267,18ZC5063.JPG,2,1214.4,776.8,1263.2,808,0.17918,-1,CSL_cow,0.17918,CSL_juv,0.0310979
268,18ZC5063.JPG,2,1176,903.2,1216,931.2,0.114204,-1,CSL_cow,0.114204
269,18ZC5063.JPG,2,1076,624,1128.8,660,0.0106961,-1,CSL_cow,0.0106961
270,18ZC5063.JPG,2,1154.4,804.8,1191.2,871.2,0.0144873,-1,CSL_cow,0.0144873
271,18ZC5063.JPG,2,1160.8,746.4,1190.4,785.6,0.314989,-1,CSL_pup,0.0342815,CSL_juv,0.314989,CSL_dead_pup,0.0759707
272,18ZC5063.JPG,2,1131.2,1026.4,1188,1062.4,0.0779844,-1,CSL_cow,0.0779844
273,18ZC5063.JPG,2,1194.4,870.4,1236,900.8,0.959837,-1,CSL_cow,0.0145794,CSL_juv,0.959837
274,18ZC5063.JPG,2,1341.6,1005.6,1392,1027.2,0.999902,-1,CSL_juv,0.999902
275,18ZC5063.JPG,2,1341.6,1018.4,1397.6,1041.6,0.989336,-1,CSL_juv,0.989336
276,18ZC5063.JPG,2,1294.4,823.2,1326.4,862.4,0.40743,-1,CSL_cow,0.40743
277,18ZC5063.JPG,2,1178.4,1088,1229.6,1125.6,0.742324,-1,PHS,0.742324,CSL_juv,0.303907
278,18ZC5063.JPG,2,1472,1152,1498.4,1206.4,0.187766,-1,PHS,0.0155894,CSL_yng_male,0.187766,CSL_juv,0.0209834
279,18ZC5063.JPG,2,1470.4,1159.2,1500.8,1203.2,0.0189304,-1,CSL_dead_pup,0.0189304
280,18ZC5063.JPG,2,1384.8,1269.6,1440,1296.8,0.0414175,-1,CSL_pup,0.0414175,CSL_yng_male,0.0307302
281,18ZC5063.JPG,2,1372.8,1115.2,1402.4,1163.2,0.0813634,-1,CSL_yng_male,0.0136951,CSL_juv,0.0813634
282,18ZC5063.JPG,2,1156,1300,1209.6,1395.2,0.0687656,-1,CSL_yng_male,0.0687656
283,18ZC5063.JPG,2,1201.6,1087.2,1245.6,1142.4,0.0100468,-1,CSL_juv,0.0100468
284,18ZC5063.JPG,2,1389.6,1257.6,1443.2,1279.2,0.490699,-1,CSL_juv,0.490699
285,18ZC5063.JPG,2,1432,1293.6,1472.8,1339.2,0.630025,-1,CSL_cow,0.0174103,CSL_juv,0.630025
286,18ZC5063.JPG,2,1386.4,1265.6,1441.6,1296,0.626693,-1,CSL_juv,0.626693
287,18ZC5063.JPG,2,1202.4,1089.6,1246.4,1140,0.9962,-1,CSL_yng_male,0.9962
288,18ZC5063.JPG,2,1156.8,1305.6,1212.8,1384,0.967056,-1,CSL_cow,0.967056,CSL_sam,0.0107047
289,18ZC5063.JPG,2,1312.8,1286.4,1338.4,1336.8,0.29235,-1,CSL_pup,0.021131,CSL_juv,0.29235,CSL_dead_pup,0.0226596
290,18ZC5063.JPG,2,1393.6,1172.8,1448,1204,0.966302,-1,CSL_juv,0.966302
291,18ZC5063.JPG,2,1078.4,1157.6,1118.4,1181.6,0.0332162,-1,CSL_pup,0.0332162
292,18ZC5063.JPG,2,1326.4,1144,1378.4,1227.2,0.995761,-1,CSL_cow,0.995761
293,18ZC5063.JPG,2,1471.2,1721.6,1508.8,1761.6,0.170645,-1,PHS,0.0888082,CSL_juv,0.170645
294,18ZC5063.JPG,2,1436.8,1776,1504.8,1840,0.0927418,-1,CSL_cow,0.0927418,CSL_bull,0.0527617
295,18ZC5063.JPG,2,2036.8,229.6,2082.4,272.8,0.210754,-1,CSL_yng_male,0.210754
296,18ZC5063.JPG,2,1692,355.2,1778.4,433.6,0.0634236,-1,CSL_bull,0.0634236
297,18ZC5063.JPG,2,1664,1492,1712.8,1525.6,0.0597748,-1,CSL_cow,0.0597748
298,18ZC5063.JPG,2,1604.8,1492,1650.4,1530.4,0.225627,-1,CSL_juv,0.225627
299,18ZC5063.JPG,2,1664,1489.6,1711.2,1526.4,0.991224,-1,CSL_juv,0.991224
300,18ZC5063.JPG,2,1731.2,1624,1769.6,1662.4,0.382595,-1,CSL_pup,0.262832,CSL_juv,0.382595
301,18ZC5063.JPG,2,2221.6,400,2249.6,426.4,0.308847,-1,PHS,0.0427424,CSL_dead_pup,0.308847
302,18ZC5063.JPG,2,2560,1487.2,2608,1591.2,0.0231412,-1,CSL_bull,0.0231412
303,18ZC5063.JPG,2,2532.8,1440.8,2596,1493.6,0.0128103,-1,CSL_sam,0.0128103
304,18ZC5063.JPG,2,2519.2,1365.6,2596,1449.6,0.922686,-1,CSL_cow,0.922686,CSL_sam,0.0152602
305,18ZC5063.JPG,2,2529.6,1437.6,2598.4,1488.8,0.993822,-1,CSL_cow,0.993822
306,18ZC5063.JPG,2,2560,1487.2,2608.8,1585.6,0.853468,-1,CSL_cow,0.052922,CSL_sam,0.853468
307,18ZC5063.JPG,2,2193.6,2014.4,2232.8,2060.8,0.974917,-1,CSL_yng_male,0.974917
308,18ZC5063.JPG,2,2195.2,2013.6,2230.4,2062.4,0.03638,-1,CSL_pup,0.03638
309,18ZC5063.JPG,2,2359.2,2199.2,2404,2225.6,0.914457,-1,PHS,0.914457
310,18ZC5063.JPG,2,2357.6,2368,2408,2398.4,0.159167,-1,PHS,0.0849336,CSL_yng_male,0.013001,CSL_juv,0.159167
311,18ZC5063.JPG,2,2416.8,2394.4,2461.6,2426.4,0.0107052,-1,PHS,0.0107052
312,18ZC5063.JPG,2,2399.2,2410.4,2437.6,2456,0.894668,-1,CSL_juv,0.894668
313,18ZC5063.JPG,2,2399.2,2409.6,2437.6,2456,0.255122,-1,CSL_yng_male,0.255122
314,18ZC5063.JPG,2,2399.2,2392,2431.2,2424.8,0.786023,-1,CSL_juv,0.786023
315,18ZC5063.JPG,2,2347.2,2269.6,2386.4,2300,0.477961,-1,CSL_pup,0.281582,CSL_juv,0.477961
316,18ZC5063.JPG,2,2352.8,2296,2403.2,2322.4,0.0685665,-1,CSL_cow,0.0685665
317,18ZC5063.JPG,2,2292,2411.2,2348.8,2437.6,0.999112,-1,CSL_juv,0.999112
318,18ZC5063.JPG,2,2353.6,2298.4,2403.2,2322.4,0.867526,-1,CSL_juv,0.867526
319,18ZC5063.JPG,2,2352.8,2321.6,2399.2,2343.2,0.019436,-1,CSL_pup,0.019436
320,18ZC5063.JPG,2,2355.2,2340,2403.2,2372,0.911163,-1,CSL_cow,0.197131,CSL_juv,0.911163
321,18ZC5063.JPG,2,2393.6,2252.8,2416,2281.6,0.0920433,-1,CSL_pup,0.0920433
322,18ZC5063.JPG,2,2352.8,2320.8,2399.2,2345.6,0.983459,-1,CSL_juv,0.983459
323,18ZC5063.JPG,2,2389.6,2210.4,2413.6,2260,0.974851,-1,CSL_pup,0.974851
324,18ZC5063.JPG,2,2274.4,2300.8,2313.6,2331.2,0.428522,-1,CSL_juv,0.428522
325,18ZC5063.JPG,2,2352.8,2250.4,2412,2284,0.0140616,-1,CSL_cow,0.0140616
326,18ZC5063.JPG,2,2413.6,2393.6,2461.6,2427.2,0.698323,-1,CSL_yng_male,0.698323
327,18ZC5063.JPG,2,2436,2935.2,2480,2967.2,0.0607214,-1,CSL_cow,0.035829,PHS,0.0607214,CSL_yng_male,0.0111492
328,18ZC5063.JPG,2,2519.2,2871.2,2562.4,2916.8,0.938174,-1,CSL_yng_male,0.938174
329,18ZC5063.JPG,2,2980,411.2,3058.4,479.2,0.813297,-1,CSL_bull,0.813297
330,18ZC5063.JPG,2,3017.6,327.2,3108,371.2,0.587963,-1,CSL_bull,0.587963
331,18ZC5063.JPG,2,3009.6,328,3109.6,369.6,0.228293,-1,CSL_cow,0.228293
332,18ZC5063.JPG,2,3027.2,373.6,3096,474.4,0.394488,-1,CSL_bull,0.394488
333,18ZC5063.JPG,2,3028.8,372,3091.2,469.6,0.689634,-1,CSL_cow,0.047443,CSL_sam,0.689634
334,18ZC5063.JPG,2,2722.4,2962.4,2768.8,2994.4,0.138308,-1,CSL_pup,0.0365136,CSL_yng_male,0.102246,CSL_juv,0.138308
335,18ZC5063.JPG,2,2655.2,2970.4,2700,2992.8,0.792583,-1,CSL_pup,0.792583,CSL_yng_male,0.0111614
336,18ZC5063.JPG,2,2676.8,2923.2,2714.4,2957.6,0.477617,-1,CSL_pup,0.477617,CSL_juv,0.176693
337,18ZC5063.JPG,2,2724.8,2940.8,2755.2,2977.6,0.17122,-1,CSL_juv,0.17122
338,18ZC5063.JPG,2,2716.8,2993.6,2772,3019.2,0.201018,-1,CSL_cow,0.0353891,CSL_juv,0.201018
339,18ZC5063.JPG,2,2687.2,2864,2718.4,2900,0.0649892,-1,CSL_juv,0.0649892
340,18ZC5063.JPG,2,2664,2868.8,2696,2890.4,0.0847813,-1,CSL_pup,0.0793729,CSL_cow,0.0847813
341,18ZC5063.JPG,2,2635.2,2940.8,2676.8,2972,0.120574,-1,CSL_pup,0.120574
342,18ZC5063.JPG,2,2722.4,3019.2,2762.4,3044,0.552883,-1,CSL_juv,0.552883
343,18ZC5063.JPG,2,2642.4,2810.4,2676.8,2833.6,0.675333,-1,CSL_pup,0.675333
344,18ZC5063.JPG,2,2714.4,2993.6,2764.8,3019.2,0.137827,-1,CSL_pup,0.137827
345,18ZC5063.JPG,2,2632.8,2984,2684.8,3024.8,0.36879,-1,CSL_cow,0.151589,CSL_yng_male,0.36879
346,18ZC5063.JPG,2,2637.6,2941.6,2683.2,2976.8,0.815897,-1,CSL_juv,0.815897
347,18ZC5063.JPG,2,2724,2981.6,2768,2999.2,0.114838,-1,CSL_pup,0.114838
348,18ZC5063.JPG,2,2721.6,3019.2,2764.8,3040.8,0.884925,-1,CSL_pup,0.884925
349,18ZC5063.JPG,2,2676,2856.8,2720,2902.4,0.999981,-1,CSL_cow,0.999981
350,18ZC5063.JPG,2,2704.8,2958.4,2731.2,3000.8,0.696657,-1,CSL_pup,0.696657
351,18ZC5063.JPG,2,2725.6,2944,2756.8,2974.4,0.934551,-1,CSL_pup,0.934551
352,18ZC5063.JPG,2,2620,2821.6,2652,2847.2,0.767914,-1,CSL_pup,0.767914
353,18ZC5063.JPG,2,2655.2,2840.8,2691.2,2875.2,0.990335,-1,CSL_pup,0.990335
354,18ZC5063.JPG,2,2674.4,2978.4,2701.6,3016,0.977577,-1,CSL_pup,0.376375,CSL_juv,0.977577
355,18ZC5063.JPG,2,3454.4,2500.8,3515.2,2542.4,0.0210301,-1,CSL_pup,0.0210301,CSL_yng_male,0.018417
356,18ZC5063.JPG,2,3212.8,2221.6,3267.2,2254.4,0.0186552,-1,CSL_cow,0.0186552,CSL_yng_male,0.0181641
357,18ZC5063.JPG,2,3218.4,2152,3255.2,2192.8,0.0158689,-1,CSL_yng_male,0.0158689
358,18ZC5063.JPG,2,3137.6,2196.8,3222.4,2252,0.972477,-1,CSL_cow,0.972477,CSL_bull,0.0404332
359,18ZC5063.JPG,2,3151.2,2146.4,3224,2217.6,0.213425,-1,CSL_sam,0.213425
360,18ZC5063.JPG,2,3149.6,2149.6,3228,2218.4,0.903905,-1,CSL_cow,0.903905
361,18ZC5063.JPG,2,3539.2,2504,3619.2,2572.8,0.681844,-1,CSL_cow,0.579627,CSL_bull,0.681844
362,18ZC5063.JPG,2,3220,2154.4,3254.4,2192,0.122807,-1,CSL_pup,0.122807,CSL_juv,0.0316348
363,18ZC5063.JPG,2,3427.2,2491.2,3518.4,2533.6,0.998789,-1,CSL_cow,0.998789
364,18ZC5063.JPG,2,3517.6,3347.2,3604,3532,0.0256615,-1,NES_bull,0.0256615
365,18ZC5063.JPG,2,3900,1532,3964,1590.4,0.998523,-1,CSL_cow,0.998523
366,18ZC5063.JPG,2,3777.6,1741.6,3851.2,1824.8,0.174581,-1,CSL_cow,0.0330414,CSL_yng_male,0.174581,CSL_bull,0.0149958
367,18ZC5063.JPG,2,3857.6,1588,3922.4,1682.4,0.0497014,-1,CSL_cow,0.0497014
368,18ZC5063.JPG,2,3852.8,1593.6,3921.6,1682.4,0.58791,-1,CSL_bull,0.58791
369,18ZC5063.JPG,2,3677.6,1748,3771.2,1801.6,0.93363,-1,CSL_cow,0.93363,CSL_bull,0.0108336
370,18ZC5063.JPG,2,3699.2,1704,3776,1766.4,0.9942,-1,CSL_cow,0.9942
371,18ZC5063.JPG,2,3846.4,1664,3911.2,1764.8,0.0620732,-1,CSL_bull,0.0620732
372,18ZC5063.JPG,2,3845.6,1663.2,3909.6,1766.4,0.657808,-1,CSL_cow,0.657808,CSL_sam,0.386703
373,18ZC5063.JPG,2,3701.6,1773.6,3763.2,1802.4,0.0666082,-1,CSL_pup,0.0666082
374,18ZC5063.JPG,2,3855.2,1593.6,3919.2,1684,0.975316,-1,CSL_sam,0.975316
375,18ZC5063.JPG,2,4817.6,3313.6,4940,3483.2,0.0236654,-1,NES_bull,0.0236654
376,18ZC5063.JPG,2,2372.73,2912.73,2511.82,2961.82,0.255438,-1,CSL_cow,0.0944793,CSL_sam,0.0206305,PHS,0.107626,CSL_yng_male,0.0417832,CSL_bull,0.255438
377,18ZC5063.JPG,2,2020.91,1849.09,2110.91,1922.73,0.096559,-1,CSL_cow,0.096559,PHS,0.0389796,CSL_yng_male,0.0254984
378,18ZC5063.JPG,2,2798.18,1366.36,2880,1431.82,0.571737,-1,CSL_cow,0.15959,CSL_sam,0.0586767,PHS,0.0365849,CSL_yng_male,0.142158,CSL_bull,0.571737
379,18ZC5063.JPG,2,2012.73,1881.82,2102.73,1939.09,0.0977434,-1,CSL_sam,0.0766596,CSL_bull,0.0977434
380,18ZC5063.JPG,2,4311.82,3060,4401.82,3109.09,0.830483,-1,CSL_cow,0.0413331,CSL_sam,0.0189625,PHS,0.0177057,CSL_yng_male,0.0119899,CSL_bull,0.830483
381,18ZC5063.JPG,2,2994.55,1497.27,3076.36,1562.73,0.275733,-1,CSL_cow,0.0100561,CSL_sam,0.0317278,CSL_yng_male,0.0102108,CSL_bull,0.275733
382,18ZC5063.JPG,2,2340,2904.55,2446.36,2970,0.0356873,-1,CSL_bull,0.0356873
383,18ZC5063.JPG,2,3354.55,834.545,3411.82,908.182,0.0353148,-1,CSL_bull,0.0353148
384,18ZC5063.JPG,2,3665.45,630,3739.09,703.636,0.0326434,-1,CSL_bull,0.0326434
385,18ZC5063.JPG,2,4238.18,3796.36,4303.64,3829.09,0.0318171,-1,CSL_cow,0.0101108,CSL_bull,0.0318171
386,18ZC5063.JPG,2,3976.36,1579.09,4099.09,1660.91,0.0313616,-1,CSL_bull,0.0313616
387,18ZC5063.JPG,2,3141.82,900,3199.09,1022.73,0.0249608,-1,CSL_bull,0.0249608
388,18ZC5063.JPG,2,3820.91,1423.64,3870,1521.82,0.0246687,-1,CSL_bull,0.0246687
389,18ZC5063.JPG,2,4737.27,3804.55,4868.18,3837.27,0.0341982,-1,CSL_cow,0.0341982,CSL_bull,0.0223991
390,18ZC5063.JPG,2,4041.82,1980,4131.82,2045.45,0.0213637,-1,CSL_bull,0.0213637
391,18ZC5063.JPG,2,4778.18,1431.82,4851.82,1497.27,0.0213528,-1,CSL_bull,0.0213528
392,18ZC5063.JPG,2,4041.82,1587.27,4090.91,1693.64,0.0119488,-1,CSL_bull,0.0119488
393,18ZC5063.JPG,2,4017.27,1595.45,4074.55,1685.45,0.0110821,-1,CSL_bull,0.0110821
394,18ZC5063.JPG,2,4794.55,3788.18,4900.91,3820.91,0.0212293,-1,CSL_cow,0.0212293
395,18ZC5063.JPG,2,3649.09,3510,3739.09,3591.82,0.0141862,-1,CSL_cow,0.0141862
396,18ZC5063.JPG,2,5653.64,3698.18,5727.27,3804.55,0.0601498,-1,CSL_cow,0.0601498,CSL_sam,0.0360571
397,18ZC5063.JPG,2,3870,8.18188,4058.18,65.4546,0.129074,-1,CSL_pup,0.129074
398,18ZC5064.JPG,3,458.4,399.2,512,438.4,0.900237,-1,PHS,0.900237
399,18ZC5064.JPG,3,460.8,400,512,438.4,0.0131554,-1,CSL_yng_male,0.0131554
400,18ZC5064.JPG,3,364.8,330.4,414.4,354.4,0.0570184,-1,CSL_pup,0.0102648,PHS,0.0360971,CSL_juv,0.0570184
401,18ZC5064.JPG,3,488.8,227.2,550.4,256,0.184819,-1,CSL_cow,0.184819,CSL_yng_male,0.0311099
402,18ZC5064.JPG,3,420.8,377.6,446.4,420,0.0879268,-1,CSL_pup,0.032452,CSL_yng_male,0.0121377,CSL_juv,0.0879268
403,18ZC5064.JPG,3,440,84.8,476,119.2,0.92468,-1,CSL_pup,0.92468,CSL_juv,0.0194873
404,18ZC5064.JPG,3,476,221.6,512,249.6,0.182209,-1,CSL_pup,0.0190637,CSL_juv,0.182209
405,18ZC5064.JPG,3,484.8,439.2,520.8,483.2,0.987523,-1,CSL_juv,0.987523
406,18ZC5064.JPG,3,380.8,267.2,420.8,300.8,0.0137064,-1,CSL_pup,0.0137064
407,18ZC5064.JPG,3,462.4,236,503.2,276.8,0.869526,-1,CSL_cow,0.334475,CSL_juv,0.869526
408,18ZC5064.JPG,3,427.2,168,452.8,221.6,0.953628,-1,CSL_pup,0.0111354,CSL_juv,0.953628
409,18ZC5064.JPG,3,473.6,255.2,519.2,311.2,0.958004,-1,CSL_juv,0.958004
410,18ZC5064.JPG,3,473.6,247.2,509.6,312,0.129348,-1,CSL_cow,0.129348
411,18ZC5064.JPG,3,472,148.8,516,198.4,0.487894,-1,CSL_cow,0.487894
412,18ZC5064.JPG,3,477.6,50.3999,505.6,91.2,0.117603,-1,CSL_pup,0.117603
413,18ZC5064.JPG,3,497.6,138.4,520.8,172.8,0.185177,-1,CSL_pup,0.185177
414,18ZC5064.JPG,3,506.4,228.8,552.8,252,0.0146572,-1,CSL_pup,0.0146572
415,18ZC5064.JPG,3,392,505.6,483.2,539.2,0.942548,-1,CSL_cow,0.942548,CSL_bull,0.128323
416,18ZC5064.JPG,3,159.2,967.2,195.2,1009.6,0.055981,-1,PHS,0.055981,CSL_juv,0.0274976
417,18ZC5064.JPG,3,174.4,1016.8,250.4,1064,0.0181259,-1,PHS,0.0181259
418,18ZC5064.JPG,3,298.4,1040,358.4,1072.8,0.0102206,-1,CSL_yng_male,0.0102206
419,18ZC5064.JPG,3,180,1023.2,249.6,1069.6,0.835767,-1,CSL_cow,0.835767,CSL_bull,0.115254
420,18ZC5064.JPG,3,301.6,903.2,392,956,0.880368,-1,CSL_cow,0.880368
421,18ZC5064.JPG,3,445.6,532.8,502.4,564.8,0.015535,-1,CSL_pup,0.015535
422,18ZC5064.JPG,3,261.6,984.8,357.6,1022.4,0.911556,-1,CSL_cow,0.911556
423,18ZC5064.JPG,3,332,1000.8,440.8,1034.4,0.27561,-1,CSL_cow,0.27561
424,18ZC5064.JPG,3,312.8,1036.8,387.2,1072,0.967941,-1,CSL_cow,0.967941
425,18ZC5064.JPG,3,256.8,907.2,331.2,978.4,0.980507,-1,CSL_cow,0.980507
426,18ZC5064.JPG,3,308,901.6,385.6,955.2,0.99826,-1,CSL_bull,0.99826
427,18ZC5064.JPG,3,361.6,928.8,418.4,1003.2,0.997061,-1,CSL_cow,0.997061
428,18ZC5064.JPG,3,502.4,578.4,531.2,636,0.804714,-1,CSL_yng_male,0.804714,CSL_juv,0.149686
429,18ZC5064.JPG,3,256,964.8,336,999.2,0.999958,-1,CSL_cow,0.999958
430,18ZC5064.JPG,3,184.8,1189.6,300.8,1238.4,0.0739825,-1,CSL_cow,0.0170844,CSL_bull,0.0739825
431,18ZC5064.JPG,3,476.8,1259.2,528.8,1296.8,0.521031,-1,CSL_cow,0.521031,CSL_juv,0.0348328
432,18ZC5064.JPG,3,312.8,1155.2,377.6,1181.6,0.0180888,-1,CSL_juv,0.0180888
433,18ZC5064.JPG,3,278.4,1104,349.6,1152,0.955464,-1,CSL_cow,0.955464
434,18ZC5064.JPG,3,413.6,1228.8,462.4,1273.6,0.922333,-1,CSL_cow,0.922333
435,18ZC5064.JPG,3,245.6,1059.2,298.4,1150.4,0.719636,-1,CSL_cow,0.719636
436,18ZC5064.JPG,3,377.6,1289.6,437.6,1325.6,0.172336,-1,CSL_cow,0.0827805,CSL_juv,0.172336
437,18ZC5064.JPG,3,297.6,1055.2,388,1097.6,0.684744,-1,CSL_cow,0.684744
438,18ZC5064.JPG,3,310.4,1153.6,376.8,1180.8,0.665822,-1,CSL_cow,0.665822
439,18ZC5064.JPG,3,253.6,1140,327.2,1172.8,0.593717,-1,CSL_cow,0.593717
440,18ZC5064.JPG,3,416,1294.4,472.8,1376.8,0.974078,-1,CSL_cow,0.974078
441,18ZC5064.JPG,3,438.4,1194.4,480,1219.2,0.677675,-1,CSL_pup,0.677675,CSL_juv,0.241664
442,18ZC5064.JPG,3,258.4,1493.6,297.6,1592.8,0.99528,-1,CSL_cow,0.99528
443,18ZC5064.JPG,3,256.8,1340.8,310.4,1386.4,0.0730203,-1,CSL_cow,0.0730203
444,18ZC5064.JPG,3,244,1196.8,347.2,1255.2,0.0387706,-1,CSL_cow,0.0387706
445,18ZC5064.JPG,3,380,1292,433.6,1325.6,0.0530364,-1,CSL_pup,0.0530364
446,18ZC5064.JPG,3,268,1183.2,365.6,1220.8,0.0245374,-1,CSL_cow,0.0245374
447,18ZC5064.JPG,3,242.4,1166.4,384,1200,0.0162144,-1,CSL_cow,0.0162144
448,18ZC5064.JPG,3,492.8,1264.8,541.6,1356,0.995598,-1,CSL_cow,0.995598
449,18ZC5064.JPG,3,340.8,1352,393.6,1433.6,0.999386,-1,CSL_cow,0.999386
450,18ZC5064.JPG,3,469.6,1274.4,516.8,1357.6,0.999783,-1,CSL_cow,0.999783
451,18ZC5064.JPG,3,451.2,1218.4,483.2,1253.6,0.738037,-1,CSL_pup,0.738037
452,18ZC5064.JPG,3,320,1116,385.6,1164,0.999964,-1,CSL_cow,0.999964
453,18ZC5064.JPG,3,415.2,1222.4,445.6,1247.2,0.98293,-1,CSL_pup,0.98293
454,18ZC5064.JPG,3,350.4,1584.8,400.8,1628.8,0.0343441,-1,CSL_cow,0.0343441
455,18ZC5064.JPG,3,636.8,171.2,676.8,213.6,0.933725,-1,PHS,0.933725
456,18ZC5064.JPG,3,560.8,197.6,605.6,237.6,0.642535,-1,PHS,0.642535
457,18ZC5064.JPG,3,703.2,152.8,740.8,192.8,0.336648,-1,CSL_pup,0.0232545,PHS,0.336648,CSL_juv,0.0107991
458,18ZC5064.JPG,3,563.2,196,604,236,0.0563262,-1,CSL_cow,0.0563262
459,18ZC5064.JPG,3,561.6,196,606.4,239.2,0.0266601,-1,CSL_yng_male,0.0265149,CSL_juv,0.0266601
460,18ZC5064.JPG,3,696,106.4,741.6,140.8,0.125998,-1,PHS,0.0690387,CSL_juv,0.125998
461,18ZC5064.JPG,3,635.2,170.4,676,212,0.0165071,-1,CSL_pup,0.0165071
462,18ZC5064.JPG,3,658.4,148,707.2,177.6,0.846809,-1,PHS,0.026369,CSL_juv,0.846809
463,18ZC5064.JPG,3,531.2,440.8,586.4,464,0.635062,-1,CSL_juv,0.635062
464,18ZC5064.JPG,3,534.4,444.8,579.2,468,0.0889133,-1,CSL_cow,0.0889133
465,18ZC5064.JPG,3,612.8,464,643.2,505.6,0.774634,-1,CSL_pup,0.0130448,CSL_juv,0.774634
466,18ZC5064.JPG,3,668.8,503.2,713.6,550.4,0.206708,-1,CSL_cow,0.0159218,CSL_juv,0.206708
467,18ZC5064.JPG,3,563.2,459.2,597.6,500,0.99922,-1,CSL_juv,0.99922
468,18ZC5064.JPG,3,650.4,119.2,677.6,162.4,0.111221,-1,CSL_juv,0.111221
469,18ZC5064.JPG,3,608.8,276.8,663.2,300,0.0625556,-1,CSL_juv,0.0625556
470,18ZC5064.JPG,3,584.8,507.2,628.8,542.4,0.0571786,-1,CSL_yng_male,0.0571786
471,18ZC5064.JPG,3,583.2,508,630.4,540.8,0.962827,-1,CSL_juv,0.962827
472,18ZC5064.JPG,3,547.2,396.8,593.6,437.6,0.0174447,-1,CSL_juv,0.0174447
473,18ZC5064.JPG,3,549.6,396.8,594.4,437.6,0.204985,-1,CSL_cow,0.204985,CSL_yng_male,0.113503
474,18ZC5064.JPG,3,600,249.6,647.2,281.6,0.971175,-1,CSL_pup,0.0144787,CSL_juv,0.971175
475,18ZC5064.JPG,3,576.8,264.8,608,307.2,0.910585,-1,CSL_juv,0.910585
476,18ZC5064.JPG,3,689.6,198.4,720.8,244.8,0.880685,-1,CSL_yng_male,0.880685
477,18ZC5064.JPG,3,538.4,380.8,583.2,408.8,0.857282,-1,CSL_pup,0.857282,CSL_juv,0.16275
478,18ZC5064.JPG,3,651.2,117.6,676.8,160.8,0.955645,-1,CSL_pup,0.955645
479,18ZC5064.JPG,3,696.8,88.8,739.2,115.2,0.999477,-1,CSL_juv,0.999477
480,18ZC5064.JPG,3,604.8,403.2,644.8,452.8,0.67023,-1,CSL_cow,0.67023
481,18ZC5064.JPG,3,551.2,152.8,583.2,176.8,0.971591,-1,CSL_pup,0.971591
482,18ZC5064.JPG,3,538.4,576,575.2,615.2,0.0142467,-1,PHS,0.0142467
483,18ZC5064.JPG,3,598.4,599.2,688.8,640.8,0.135993,-1,CSL_bull,0.135993
484,18ZC5064.JPG,3,911.2,1000.8,954.4,1036,0.01854,-1,CSL_juv,0.01854
485,18ZC5064.JPG,3,612,592,676.8,641.6,0.43969,-1,CSL_cow,0.43969
486,18ZC5064.JPG,3,783.2,726.4,836,817.6,0.733663,-1,CSL_cow,0.733663,CSL_bull,0.142157
487,18ZC5064.JPG,3,857.6,779.2,894.4,827.2,0.0188368,-1,CSL_yng_male,0.0188368
488,18ZC5064.JPG,3,799.2,816,850.4,898.4,0.473294,-1,CSL_cow,0.473294
489,18ZC5064.JPG,3,841.6,774.4,877.6,817.6,0.101079,-1,CSL_pup,0.101079
490,18ZC5064.JPG,3,533.6,723.2,564.8,755.2,0.855734,-1,CSL_pup,0.855734
491,18ZC5064.JPG,3,556.8,724,579.2,756,0.0391575,-1,CSL_pup,0.0391575
492,18ZC5064.JPG,3,536.8,636.8,592,669.6,0.703322,-1,CSL_pup,0.110153,CSL_juv,0.703322
493,18ZC5064.JPG,3,564,699.2,608.8,741.6,0.997297,-1,CSL_cow,0.997297
494,18ZC5064.JPG,3,886.4,1300,923.2,1348.8,0.0140192,-1,PHS,0.0140192
495,18ZC5064.JPG,3,530.4,1185.6,570.4,1224.8,0.118423,-1,CSL_pup,0.118423,PHS,0.0138149,CSL_yng_male,0.0180279
496,18ZC5064.JPG,3,963.2,1108.8,1009.6,1159.2,0.23129,-1,CSL_pup,0.146616,PHS,0.0123753,CSL_yng_male,0.23129
497,18ZC5064.JPG,3,633.6,1235.2,710.4,1297.6,0.546474,-1,CSL_cow,0.284914,CSL_bull,0.546474
498,18ZC5064.JPG,3,590.4,1228.8,655.2,1299.2,0.432554,-1,CSL_bull,0.432554
499,18ZC5064.JPG,3,584.8,1233.6,656.8,1303.2,0.151164,-1,CSL_cow,0.151164,CSL_sam,0.0870745
500,18ZC5064.JPG,3,599.2,1178.4,656.8,1246.4,0.176388,-1,CSL_cow,0.0162147,CSL_sam,0.161291,CSL_bull,0.176388
501,18ZC5064.JPG,3,536.8,1304.8,617.6,1376.8,0.435525,-1,CSL_cow,0.435525,CSL_bull,0.0128491
502,18ZC5064.JPG,3,542.4,1359.2,626.4,1416.8,0.998414,-1,CSL_cow,0.0250262,CSL_bull,0.998414
503,18ZC5064.JPG,3,846.4,1330.4,881.6,1360,0.0125885,-1,CSL_juv,0.0125885
504,18ZC5064.JPG,3,888.8,1301.6,922.4,1348,0.489099,-1,CSL_pup,0.145491,CSL_juv,0.489099,CSL_dead_pup,0.0254788
505,18ZC5064.JPG,3,831.2,1348,881.6,1402.4,0.0141528,-1,CSL_cow,0.0141528
506,18ZC5064.JPG,3,540.8,1271.2,602.4,1343.2,0.011758,-1,CSL_sam,0.011758
507,18ZC5064.JPG,3,542.4,1272.8,597.6,1341.6,0.758402,-1,CSL_cow,0.758402
508,18ZC5064.JPG,3,849.6,1331.2,880,1358.4,0.0674401,-1,CSL_pup,0.0674401
509,18ZC5064.JPG,3,816,1369.6,878.4,1439.2,0.989499,-1,CSL_cow,0.989499
510,18ZC5064.JPG,3,830.4,1884.8,869.6,1920.8,0.68176,-1,CSL_pup,0.68176,PHS,0.19921
511,18ZC5064.JPG,3,1070.4,1190.4,1139.2,1216.8,0.781867,-1,PHS,0.781867
512,18ZC5064.JPG,3,1108,1218.4,1133.6,1268,0.544555,-1,PHS,0.544555,CSL_juv,0.0219983
513,18ZC5064.JPG,3,1493.6,1388.8,1529.6,1420.8,0.257295,-1,PHS,0.257295,CSL_juv,0.141395,CSL_dead_pup,0.109753
514,18ZC5064.JPG,3,1199.2,1532,1262.4,1560.8,0.0275369,-1,PHS,0.0275369
515,18ZC5064.JPG,3,1076.8,1200,1101.6,1250.4,0.453475,-1,CSL_juv,0.453475
516,18ZC5064.JPG,3,1519.2,1512.8,1554.4,1540.8,0.437396,-1,CSL_juv,0.437396
517,18ZC5064.JPG,3,1236,1300,1262.4,1348.8,0.288128,-1,CSL_pup,0.212657,CSL_juv,0.288128
518,18ZC5064.JPG,3,1168,1292,1198.4,1341.6,0.629116,-1,CSL_pup,0.629116,CSL_yng_male,0.0249011
519,18ZC5064.JPG,3,1561.6,1503.2,1588,1550.4,0.91113,-1,CSL_pup,0.91113
520,18ZC5064.JPG,3,1121.6,1371.2,1169.6,1407.2,0.0662573,-1,CSL_pup,0.0551702,CSL_juv,0.0662573
521,18ZC5064.JPG,3,1516.8,1543.2,1566.4,1576.8,0.469646,-1,CSL_cow,0.469646,CSL_juv,0.0659208
522,18ZC5064.JPG,3,1071.2,1147.2,1110.4,1193.6,0.433316,-1,CSL_juv,0.433316
523,18ZC5064.JPG,3,1155.2,1224,1186.4,1269.6,0.162665,-1,CSL_pup,0.162665
524,18ZC5064.JPG,3,1064.8,1143.2,1113.6,1200.8,0.0822644,-1,CSL_cow,0.044632,CSL_yng_male,0.0822644
525,18ZC5064.JPG,3,1559.2,1500,1591.2,1550.4,0.974881,-1,CSL_juv,0.974881
526,18ZC5064.JPG,3,1123.2,1399.2,1180.8,1427.2,0.954427,-1,CSL_cow,0.954427
527,18ZC5064.JPG,3,1204.8,1162.4,1229.6,1205.6,0.165082,-1,CSL_pup,0.165082,CSL_dead_pup,0.026451
528,18ZC5064.JPG,3,1519.2,1512.8,1552,1546.4,0.532787,-1,CSL_pup,0.532787
529,18ZC5064.JPG,3,1174.4,1355.2,1255.2,1487.2,0.997435,-1,CSL_bull,0.997435
530,18ZC5064.JPG,3,1553.6,1410.4,1580,1452.8,0.561896,-1,CSL_pup,0.0469893,CSL_juv,0.561896
531,18ZC5064.JPG,3,1546.4,1384,1580.8,1408.8,0.763619,-1,CSL_pup,0.763619
532,18ZC5064.JPG,3,1252.8,1349.6,1320,1452,0.999162,-1,CSL_bull,0.999162
533,18ZC5064.JPG,3,1555.2,1470.4,1592.8,1509.6,0.913269,-1,CSL_juv,0.913269
534,18ZC5064.JPG,3,1186.4,1276,1245.6,1301.6,0.945695,-1,CSL_juv,0.945695
535,18ZC5064.JPG,3,1096,1599.2,1134.4,1656.8,0.234884,-1,PHS,0.123195,CSL_juv,0.234884
536,18ZC5064.JPG,3,1368,1915.2,1408,1948,0.719053,-1,CSL_pup,0.719053,PHS,0.0112505
537,18ZC5064.JPG,3,1142.4,1607.2,1188.8,1636.8,0.68062,-1,CSL_juv,0.68062
538,18ZC5064.JPG,3,1448.8,1862.4,1533.6,1892.8,0.0578156,-1,CSL_cow,0.0578156
539,18ZC5064.JPG,3,1480,1704,1520.8,1754.4,0.010423,-1,CSL_cow,0.010423
540,18ZC5064.JPG,3,1276.8,1591.2,1318.4,1675.2,0.993837,-1,CSL_cow,0.993837
541,18ZC5064.JPG,3,1413.6,1932.8,1466.4,2012.8,0.998386,-1,CSL_cow,0.998386
542,18ZC5064.JPG,3,1162.4,1637.6,1195.2,1672,0.0191683,-1,CSL_pup,0.0191683
543,18ZC5064.JPG,3,1439.2,1690.4,1478.4,1751.2,0.997792,-1,CSL_yng_male,0.997792
544,18ZC5064.JPG,3,1475.2,1706.4,1520.8,1756,0.957055,-1,CSL_juv,0.957055
545,18ZC5064.JPG,3,1346.4,1702.4,1376,1746.4,0.794278,-1,CSL_juv,0.794278
546,18ZC5064.JPG,3,1485.6,1949.6,1524,2053.6,0.879762,-1,CSL_sam,0.0197332,CSL_bull,0.879762
547,18ZC5064.JPG,3,1442.4,1988,1464,2024.8,0.996205,-1,CSL_pup,0.996205
548,18ZC5064.JPG,3,1582.4,1401.6,1630.4,1434.4,0.727011,-1,CSL_yng_male,0.0208855,CSL_juv,0.727011
549,18ZC5064.JPG,3,1599.2,1439.2,1626.4,1478.4,0.986357,-1,CSL_juv,0.986357
550,18ZC5064.JPG,3,1596,1511.2,1629.6,1548,0.990663,-1,CSL_juv,0.990663
551,18ZC5064.JPG,3,1607.2,1318.4,1636.8,1379.2,0.200474,-1,CSL_cow,0.0274259,CSL_juv,0.200474
552,18ZC5064.JPG,3,2042.4,1928.8,2068.8,1976.8,0.225904,-1,PHS,0.225904,CSL_juv,0.159891
553,18ZC5064.JPG,3,1652.8,1856,1699.2,1892.8,0.121281,-1,PHS,0.121281
554,18ZC5064.JPG,3,1652,1856.8,1696,1893.6,0.0760668,-1,CSL_pup,0.0760668
555,18ZC5064.JPG,3,1743.2,1927.2,1773.6,1966.4,0.204205,-1,CSL_pup,0.0238613,PHS,0.0792752,CSL_juv,0.204205
556,18ZC5064.JPG,3,2066.4,2074.4,2112,2107.2,0.0303456,-1,PHS,0.0303456
557,18ZC5064.JPG,3,1716,1940.8,1741.6,1996,0.173793,-1,PHS,0.0172674,CSL_juv,0.173793
558,18ZC5064.JPG,3,1988.8,1935.2,2025.6,1969.6,0.0196057,-1,CSL_yng_male,0.0196057
559,18ZC5064.JPG,3,1573.6,1701.6,1647.2,1762.4,0.0149619,-1,CSL_cow,0.0149619
560,18ZC5064.JPG,3,1772.8,1932.8,1796.8,1970.4,0.601484,-1,CSL_pup,0.181495,CSL_juv,0.601484
561,18ZC5064.JPG,3,1932,2012,1976.8,2051.2,0.444309,-1,CSL_yng_male,0.444309
562,18ZC5064.JPG,3,1931.2,2015.2,1983.2,2055.2,0.141767,-1,CSL_juv,0.141767
563,18ZC5064.JPG,3,1990.4,1934.4,2027.2,1968.8,0.657939,-1,CSL_juv,0.657939
564,18ZC5064.JPG,3,1572.8,1700,1651.2,1765.6,0.999783,-1,CSL_bull,0.999783
565,18ZC5064.JPG,3,1976,1817.6,2058.4,1887.2,0.99991,-1,CSL_cow,0.99991
566,18ZC5064.JPG,3,1990.4,1933.6,2023.2,1969.6,0.0527192,-1,CSL_pup,0.0527192,CSL_dead_pup,0.0139623
567,18ZC5064.JPG,3,1952.8,2232,1992.8,2268.8,0.986942,-1,PHS,0.986942
568,18ZC5064.JPG,3,1957.6,2404.8,2002.4,2460,0.509592,-1,PHS,0.509592
569,18ZC5064.JPG,3,1860.8,2454.4,1904,2488,0.39287,-1,PHS,0.39287,CSL_yng_male,0.0265762
570,18ZC5064.JPG,3,1956.8,2405.6,2001.6,2458.4,0.0750876,-1,CSL_cow,0.0750876
571,18ZC5064.JPG,3,2001.6,2119.2,2040,2164,0.24973,-1,PHS,0.24973
572,18ZC5064.JPG,3,1899.2,2416.8,1927.2,2488.8,0.183227,-1,PHS,0.183227,CSL_yng_male,0.0264307
573,18ZC5064.JPG,3,1896.8,2208,1939.2,2259.2,0.0859428,-1,PHS,0.0859428
574,18ZC5064.JPG,3,2002.4,2119.2,2037.6,2163.2,0.114048,-1,CSL_juv,0.114048
575,18ZC5064.JPG,3,1629.6,2118.4,1658.4,2158.4,0.244103,-1,CSL_pup,0.244103,PHS,0.0386982
576,18ZC5064.JPG,3,2028,2401.6,2057.6,2448.8,0.0299377,-1,PHS,0.0299377
577,18ZC5064.JPG,3,2026.4,2399.2,2057.6,2447.2,0.572066,-1,CSL_cow,0.572066
578,18ZC5064.JPG,3,1927.2,2371.2,1967.2,2398.4,0.0692757,-1,CSL_cow,0.0616112,PHS,0.0158812,CSL_juv,0.0692757
579,18ZC5064.JPG,3,1995.2,2162.4,2028,2207.2,0.0471769,-1,CSL_yng_male,0.0471769
580,18ZC5064.JPG,3,1993.6,2163.2,2029.6,2206.4,0.504693,-1,CSL_cow,0.504693
581,18ZC5064.JPG,3,1892.8,2204.8,1942.4,2258.4,0.272702,-1,CSL_cow,0.272702,CSL_yng_male,0.264019
582,18ZC5064.JPG,3,1815.2,2432,1864.8,2472,0.356469,-1,CSL_yng_male,0.356469
583,18ZC5064.JPG,3,1926.4,2153.6,1970.4,2189.6,0.679688,-1,CSL_yng_male,0.679688
584,18ZC5064.JPG,3,1896,2149.6,1919.2,2199.2,0.985738,-1,CSL_pup,0.985738
585,18ZC5064.JPG,3,1931.2,2146.4,1970.4,2190.4,0.0339841,-1,CSL_cow,0.0339841
586,18ZC5064.JPG,3,1932,2184,1956.8,2234.4,0.382928,-1,CSL_juv,0.382928
587,18ZC5064.JPG,3,1835.2,2204.8,1880.8,2252.8,0.157675,-1,CSL_cow,0.0135902,CSL_sam,0.0116941,CSL_yng_male,0.157675
588,18ZC5064.JPG,3,1811.2,2401.6,1851.2,2451.2,0.010435,-1,CSL_pup,0.010435
589,18ZC5064.JPG,3,1895.2,2205.6,1943.2,2262.4,0.0133674,-1,CSL_juv,0.0133674
590,18ZC5064.JPG,3,1819.2,2432.8,1864,2472.8,0.645115,-1,CSL_juv,0.645115
591,18ZC5064.JPG,3,1917.6,2178.4,1939.2,2224,0.818901,-1,CSL_pup,0.818901
592,18ZC5064.JPG,3,1943.2,2111.2,1973.6,2147.2,0.183853,-1,CSL_pup,0.183853
593,18ZC5064.JPG,3,1925.6,2184.8,1955.2,2232.8,0.54916,-1,CSL_cow,0.54916,CSL_sam,0.161124
594,18ZC5064.JPG,3,1808.8,2399.2,1854.4,2456,0.974588,-1,CSL_yng_male,0.974588,CSL_juv,0.0290243
595,18ZC5064.JPG,3,2248.8,804.8,2285.6,825.6,0.10879,-1,PHS,0.10879
596,18ZC5064.JPG,3,2367.2,980,2436.8,1054.4,0.515927,-1,CSL_sam,0.515927,CSL_bull,0.413637
597,18ZC5064.JPG,3,2484,1263.2,2537.6,1304,0.582859,-1,PHS,0.582859
598,18ZC5064.JPG,3,2484.8,1260,2535.2,1305.6,0.408824,-1,CSL_cow,0.408824
599,18ZC5064.JPG,3,2500,1452.8,2534.4,1485.6,0.0885904,-1,CSL_pup,0.0368588,CSL_juv,0.0885904
600,18ZC5064.JPG,3,2460.8,1406.4,2496.8,1444.8,0.0143413,-1,CSL_cow,0.0143413
601,18ZC5064.JPG,3,2461.6,1406.4,2495.2,1444,0.657618,-1,CSL_juv,0.657618
602,18ZC5064.JPG,3,2548,1424,2584.8,1457.6,0.997788,-1,CSL_juv,0.997788
603,18ZC5064.JPG,3,2513.6,1244,2582.4,1316.8,0.83427,-1,CSL_cow,0.83427,CSL_sam,0.677338
604,18ZC5064.JPG,3,2490.4,1320.8,2516,1349.6,0.876472,-1,CSL_pup,0.876472
605,18ZC5064.JPG,3,2528,1392.8,2550.4,1420.8,0.998203,-1,CSL_pup,0.998203
606,18ZC5064.JPG,3,2124.8,1973.6,2168,2004,0.0517193,-1,PHS,0.0194446,CSL_juv,0.0517193
607,18ZC5064.JPG,3,2533.6,1726.4,2627.2,1766.4,0.280906,-1,CSL_sam,0.280906
608,18ZC5064.JPG,3,2176.8,2047.2,2228,2075.2,0.573554,-1,CSL_juv,0.573554
609,18ZC5064.JPG,3,2531.2,1728,2624,1768,0.144124,-1,CSL_cow,0.144124,CSL_bull,0.0411329
610,18ZC5064.JPG,3,2136.8,2027.2,2184,2056,0.966161,-1,CSL_juv,0.966161
611,18ZC5064.JPG,3,2541.6,1591.2,2577.6,1630.4,0.0190936,-1,CSL_dead_pup,0.0190936
612,18ZC5064.JPG,3,2184.8,1956,2216,2005.6,0.0649725,-1,CSL_pup,0.0649725
613,18ZC5064.JPG,3,2542.4,1590.4,2579.2,1629.6,0.995062,-1,CSL_juv,0.995062
614,18ZC5064.JPG,3,2193.6,2002.4,2241.6,2045.6,0.980771,-1,CSL_cow,0.980771
615,18ZC5064.JPG,3,2332,2404,2369.6,2447.2,0.768443,-1,PHS,0.768443
616,18ZC5064.JPG,3,2332.8,2403.2,2369.6,2446.4,0.0650466,-1,CSL_cow,0.0650466
617,18ZC5064.JPG,3,2329.6,2404,2372,2445.6,0.0114774,-1,CSL_dead_pup,0.0114774
618,18ZC5064.JPG,3,2133.6,2460,2179.2,2489.6,0.0503929,-1,CSL_cow,0.0387578,PHS,0.0503929
619,18ZC5064.JPG,3,2143.2,2168.8,2193.6,2204,0.0683677,-1,CSL_cow,0.0411452,PHS,0.0304656,CSL_yng_male,0.0683677
620,18ZC5064.JPG,3,2561.6,2092.8,2612.8,2124,0.0445236,-1,CSL_pup,0.0168092,PHS,0.0281248,CSL_juv,0.0445236
621,18ZC5064.JPG,3,2137.6,2304.8,2173.6,2370.4,0.893574,-1,PHS,0.0133461,CSL_juv,0.893574
622,18ZC5064.JPG,3,2192,2504.8,2215.2,2550.4,0.0304593,-1,CSL_pup,0.0304593
623,18ZC5064.JPG,3,2144,2170.4,2195.2,2202.4,0.241015,-1,CSL_juv,0.241015
624,18ZC5064.JPG,3,2212,2369.6,2259.2,2404,0.0370432,-1,CSL_juv,0.0370432
625,18ZC5064.JPG,3,2191.2,2348.8,2214.4,2407.2,0.397555,-1,CSL_pup,0.0123174,CSL_juv,0.397555
626,18ZC5064.JPG,3,2218.4,2352,2263.2,2375.2,0.0204132,-1,CSL_juv,0.0204132
627,18ZC5064.JPG,3,2250.4,2273.6,2292,2311.2,0.0147372,-1,CSL_juv,0.0147372
628,18ZC5064.JPG,3,2226.4,2350.4,2261.6,2378.4,0.0447996,-1,CSL_pup,0.0447996
629,18ZC5064.JPG,3,2191.2,2504,2219.2,2549.6,0.996089,-1,CSL_juv,0.996089
630,18ZC5064.JPG,3,2180,2336.8,2201.6,2374.4,0.367507,-1,CSL_pup,0.0219796,CSL_juv,0.367507
631,18ZC5064.JPG,3,2212.8,2368.8,2261.6,2409.6,0.925444,-1,CSL_cow,0.925444
632,18ZC5064.JPG,3,2250.4,2275.2,2294.4,2312,0.811555,-1,CSL_cow,0.811555
633,18ZC5064.JPG,3,2138.4,2311.2,2175.2,2364,0.320539,-1,CSL_yng_male,0.320539
634,18ZC5064.JPG,3,2209.6,2505.6,2263.2,2543.2,0.0153959,-1,CSL_cow,0.0153959
635,18ZC5064.JPG,3,2412.8,2376.8,2443.2,2419.2,0.345954,-1,CSL_pup,0.345954
636,18ZC5064.JPG,3,2201.6,2301.6,2252,2332,0.0480977,-1,CSL_cow,0.0165541,CSL_yng_male,0.0480977,CSL_juv,0.0403029
637,18ZC5064.JPG,3,2306.4,2452.8,2336.8,2508,0.177333,-1,CSL_pup,0.0133013,CSL_juv,0.0242019,CSL_dead_pup,0.177333
638,18ZC5064.JPG,3,2231.2,2322.4,2258.4,2355.2,0.996293,-1,CSL_cow,0.0147811,CSL_juv,0.996293
639,18ZC5064.JPG,3,2205.6,2427.2,2237.6,2465.6,0.863544,-1,CSL_pup,0.863544
640,18ZC5064.JPG,3,2164,2369.6,2197.6,2388.8,0.995818,-1,CSL_pup,0.995818
641,18ZC5064.JPG,3,2487.2,2912.8,2532,2972,0.0474741,-1,PHS,0.0474741
642,18ZC5064.JPG,3,2438.4,2934.4,2468.8,2980.8,0.0310901,-1,PHS,0.019997,CSL_juv,0.0310901
643,18ZC5064.JPG,3,2504.8,2996,2553.6,3032,0.065263,-1,CSL_cow,0.065263,PHS,0.017645,CSL_yng_male,0.0242917
644,18ZC5064.JPG,3,2489.6,2915.2,2528.8,2967.2,0.97628,-1,CSL_juv,0.97628
645,18ZC5064.JPG,3,2588,2800,2628,2830.4,0.826817,-1,CSL_juv,0.826817
646,18ZC5064.JPG,3,2439.2,2936,2469.6,2980.8,0.0994313,-1,CSL_pup,0.0994313
647,18ZC5064.JPG,3,2224,2788.8,2258.4,2831.2,0.140162,-1,CSL_pup,0.0751304,CSL_yng_male,0.0147599,CSL_juv,0.140162
648,18ZC5064.JPG,3,2100,2864,2127.2,2901.6,0.999965,-1,CSL_pup,0.999965
649,18ZC5064.JPG,3,2893.6,815.2,2929.6,854.4,0.517144,-1,CSL_yng_male,0.517144
650,18ZC5064.JPG,3,2918.4,783.2,2965.6,820.8,0.165661,-1,CSL_pup,0.0509134,CSL_yng_male,0.165661
651,18ZC5064.JPG,3,2895.2,814.4,2927.2,854.4,0.027698,-1,CSL_juv,0.027698
652,18ZC5064.JPG,3,2918.4,782.4,2965.6,819.2,0.015375,-1,CSL_cow,0.015375
653,18ZC5064.JPG,3,2921.6,900.8,3001.6,931.2,0.585047,-1,CSL_cow,0.585047,CSL_yng_male,0.0496573
654,18ZC5064.JPG,3,2912,899.2,2970.4,966.4,0.902541,-1,CSL_cow,0.902541,CSL_yng_male,0.0265443
655,18ZC5064.JPG,3,2925.6,869.6,3004,911.2,0.998054,-1,CSL_cow,0.998054,CSL_yng_male,0.0101847
656,18ZC5064.JPG,3,2946.4,847.2,3018.4,879.2,0.667413,-1,CSL_cow,0.667413
657,18ZC5064.JPG,3,2921.6,857.6,2973.6,884.8,0.853806,-1,CSL_cow,0.853806,CSL_juv,0.0593441
658,18ZC5064.JPG,3,2928,802.4,2981.6,856,0.899542,-1,CSL_cow,0.899542
659,18ZC5064.JPG,3,2929.6,797.6,2980.8,860.8,0.175272,-1,CSL_sam,0.175272
660,18ZC5064.JPG,3,2980.8,892.8,3008,931.2,0.0776344,-1,CSL_pup,0.0776344
661,18ZC5064.JPG,3,2982.4,920,3008,953.6,0.166868,-1,CSL_pup,0.166868
662,18ZC5064.JPG,3,3095.2,1547.2,3145.6,1585.6,0.991647,-1,PHS,0.991647
663,18ZC5064.JPG,3,2652,1169.6,2705.6,1269.6,0.90898,-1,CSL_bull,0.90898
664,18ZC5064.JPG,3,2701.6,1324.8,2759.2,1409.6,0.932773,-1,CSL_cow,0.932773
665,18ZC5064.JPG,3,2790.4,1559.2,2865.6,1592,0.665681,-1,CSL_cow,0.665681
666,18ZC5064.JPG,3,2652.8,1160,2703.2,1268,0.142678,-1,CSL_cow,0.142678,CSL_sam,0.0467549
667,18ZC5064.JPG,3,2735.2,1487.2,2762.4,1523.2,0.0446194,-1,CSL_pup,0.0317472,CSL_cow,0.0446194
668,18ZC5064.JPG,3,2693.6,1540.8,2732.8,1568,0.0576957,-1,CSL_yng_male,0.0576957,CSL_juv,0.0244219
669,18ZC5064.JPG,3,2880.8,1504,2959.2,1577.6,0.99945,-1,CSL_bull,0.99945
670,18ZC5064.JPG,3,2621.6,1136,2672.8,1227.2,0.997186,-1,CSL_cow,0.997186
671,18ZC5064.JPG,3,3108.8,1370.4,3144.8,1404.8,0.125592,-1,CSL_juv,0.0413799,CSL_dead_pup,0.125592
672,18ZC5064.JPG,3,2689.6,1328.8,2767.2,1408,0.647521,-1,CSL_sam,0.647521
673,18ZC5064.JPG,3,2824,1535.2,2867.2,1571.2,0.964826,-1,CSL_juv,0.964826
674,18ZC5064.JPG,3,2753.6,1519.2,2819.2,1580.8,0.999633,-1,CSL_cow,0.999633
675,18ZC5064.JPG,3,2648,1877.6,2685.6,1905.6,0.744729,-1,PHS,0.744729
676,18ZC5064.JPG,3,2996.8,1646.4,3055.2,1681.6,0.421517,-1,CSL_cow,0.0200946,PHS,0.421517
677,18ZC5064.JPG,3,2647.2,1880,2686.4,1904,0.390539,-1,CSL_pup,0.390539
678,18ZC5064.JPG,3,2850.4,1574.4,2932,1616,0.631238,-1,CSL_cow,0.631238
679,18ZC5064.JPG,3,3053.6,1634.4,3123.2,1710.4,0.0939513,-1,CSL_cow,0.0939513,CSL_bull,0.0591503
680,18ZC5064.JPG,3,2854.4,1571.2,2931.2,1617.6,0.888696,-1,CSL_bull,0.888696
681,18ZC5064.JPG,3,2775.2,2004,2818.4,2032,0.772678,-1,CSL_juv,0.772678
682,18ZC5064.JPG,3,3116,1736.8,3148,1774.4,0.0191428,-1,CSL_cow,0.0191428
683,18ZC5064.JPG,3,2935.2,2051.2,2997.6,2103.2,0.998798,-1,CSL_cow,0.998798
684,18ZC5064.JPG,3,3000.8,1924.8,3082.4,2012,0.982113,-1,CSL_sam,0.0144196,CSL_bull,0.982113
685,18ZC5064.JPG,3,2633.6,1589.6,2683.2,1667.2,0.707973,-1,CSL_cow,0.707973,CSL_sam,0.0670646
686,18ZC5064.JPG,3,2938.4,1860,2976,1914.4,0.800431,-1,CSL_yng_male,0.800431,CSL_dead_pup,0.0248958
687,18ZC5064.JPG,3,3055.2,1630.4,3123.2,1708,0.621365,-1,CSL_sam,0.621365
688,18ZC5064.JPG,3,3118.4,1737.6,3147.2,1774.4,0.841157,-1,CSL_pup,0.841157
689,18ZC5064.JPG,3,2780.8,2126.4,2833.6,2166.4,0.351025,-1,PHS,0.149157,CSL_juv,0.351025
690,18ZC5064.JPG,3,2843.2,2104,2884.8,2137.6,0.0108487,-1,PHS,0.0108487
691,18ZC5064.JPG,3,2888.8,2118.4,2980,2164.8,0.0678972,-1,CSL_bull,0.0678972
692,18ZC5064.JPG,3,3091.2,2101.6,3128,2146.4,0.0655074,-1,CSL_pup,0.0128523,CSL_juv,0.0655074
693,18ZC5064.JPG,3,2880.8,2122.4,2974.4,2169.6,0.852448,-1,CSL_cow,0.852448
694,18ZC5064.JPG,3,2879.2,2135.2,2957.6,2200.8,0.98112,-1,CSL_cow,0.98112
695,18ZC5064.JPG,3,2856,2180,2934.4,2243.2,0.976759,-1,CSL_cow,0.0148584,CSL_bull,0.976759
696,18ZC5064.JPG,3,2936,2197.6,3012,2277.6,0.972913,-1,CSL_cow,0.972913
697,18ZC5064.JPG,3,3004,2156,3063.2,2241.6,0.999622,-1,CSL_cow,0.999622
698,18ZC5064.JPG,3,3089.6,2102.4,3129.6,2148,0.0275065,-1,CSL_cow,0.0275065
699,18ZC5064.JPG,3,2870.4,2136,2936,2214.4,0.169195,-1,CSL_sam,0.169195
700,18ZC5064.JPG,3,3027.2,2102.4,3072,2151.2,0.820252,-1,CSL_cow,0.820252,CSL_yng_male,0.225673
701,18ZC5064.JPG,3,3052,2160,3080.8,2199.2,0.0170095,-1,CSL_pup,0.0170095
702,18ZC5064.JPG,3,2612,2820.8,2648.8,2840.8,0.683836,-1,CSL_pup,0.683836,PHS,0.0123163
703,18ZC5064.JPG,3,2732.8,3073.6,2769.6,3108,0.411889,-1,CSL_pup,0.411889,CSL_juv,0.127191
704,18ZC5064.JPG,3,2707.2,3052.8,2751.2,3081.6,0.62394,-1,CSL_cow,0.0152766,CSL_juv,0.62394
705,18ZC5064.JPG,3,2812.8,3009.6,2839.2,3043.2,0.503685,-1,CSL_juv,0.503685,CSL_dead_pup,0.0115105
706,18ZC5064.JPG,3,2664.8,2992.8,2699.2,3052.8,0.0570186,-1,CSL_yng_male,0.0570186
707,18ZC5064.JPG,3,2691.2,3088,2729.6,3112,0.0646528,-1,CSL_pup,0.0646528
708,18ZC5064.JPG,3,2702.4,3065.6,2747.2,3100.8,0.0129414,-1,CSL_cow,0.0129414
709,18ZC5064.JPG,3,2712.8,3050.4,2750.4,3080,0.0805267,-1,CSL_pup,0.0805267
710,18ZC5064.JPG,3,2704.8,3065.6,2754.4,3096,0.119104,-1,CSL_pup,0.119104
711,18ZC5064.JPG,3,2697.6,3119.2,2735.2,3152.8,0.206898,-1,CSL_pup,0.206898
712,18ZC5064.JPG,3,2699.2,2994.4,2722.4,3036.8,0.779613,-1,CSL_juv,0.779613
713,18ZC5064.JPG,3,2736.8,2961.6,2779.2,2991.2,0.205831,-1,CSL_cow,0.205831
714,18ZC5064.JPG,3,2670.4,2993.6,2697.6,3049.6,0.310096,-1,CSL_cow,0.310096
715,18ZC5064.JPG,3,2680,2930.4,2710.4,2969.6,0.102165,-1,CSL_juv,0.0208821,CSL_dead_pup,0.102165
716,18ZC5064.JPG,3,2641.6,3203.2,2698.4,3237.6,0.151834,-1,PHS,0.151834,CSL_juv,0.0229036
717,18ZC5064.JPG,3,2976.8,3335.2,3002.4,3381.6,0.102827,-1,PHS,0.102827,CSL_juv,0.021526
718,18ZC5064.JPG,3,2638.4,3205.6,2700.8,3239.2,0.0152406,-1,CSL_cow,0.0152406
719,18ZC5064.JPG,3,2665.6,3471.2,2715.2,3566.4,0.183776,-1,CSL_cow,0.0800515,CSL_yng_male,0.183776
720,18ZC5064.JPG,3,2849.6,3218.4,2911.2,3245.6,0.0226966,-1,CSL_sam,0.0226966,CSL_yng_male,0.0215566
721,18ZC5064.JPG,3,2735.2,3134.4,2786.4,3168,0.0185156,-1,CSL_yng_male,0.0185156
722,18ZC5064.JPG,3,2711.2,3260.8,2756.8,3320,0.0694025,-1,CSL_juv,0.0694025
723,18ZC5064.JPG,3,2712.8,3263.2,2756.8,3316.8,0.995047,-1,CSL_yng_male,0.995047
724,18ZC5064.JPG,3,2937.6,3472.8,2975.2,3514.4,0.091796,-1,CSL_pup,0.0915834,CSL_juv,0.091796
725,18ZC5064.JPG,3,2853.6,3219.2,2911.2,3244.8,0.180303,-1,CSL_juv,0.180303
726,18ZC5064.JPG,3,2881.6,3294.4,2909.6,3340,0.566136,-1,CSL_juv,0.566136
727,18ZC5064.JPG,3,2898.4,3352,2953.6,3380,0.997797,-1,CSL_juv,0.997797
728,18ZC5064.JPG,3,2821.6,3456.8,2840.8,3513.6,0.115808,-1,CSL_pup,0.115808,CSL_juv,0.0547661,CSL_dead_pup,0.0277078
729,18ZC5064.JPG,3,2855.2,3184.8,2902.4,3207.2,0.822946,-1,CSL_cow,0.822946
730,18ZC5064.JPG,3,2690.4,3268.8,2738.4,3299.2,0.0159243,-1,CSL_juv,0.0159243
731,18ZC5064.JPG,3,2837.6,3324.8,2888,3397.6,0.999978,-1,CSL_cow,0.999978
732,18ZC5064.JPG,3,2852.8,3192,2907.2,3215.2,0.964145,-1,CSL_juv,0.964145
733,18ZC5064.JPG,3,2892,3446.4,2941.6,3475.2,0.299848,-1,CSL_pup,0.299848
734,18ZC5064.JPG,3,3590.4,1501.6,3624.8,1544,0.0479717,-1,PHS,0.0479717
735,18ZC5064.JPG,3,3229.6,1403.2,3268.8,1438.4,0.333744,-1,CSL_cow,0.333744,PHS,0.0156023
736,18ZC5064.JPG,3,3368,1502.4,3404,1544.8,0.209959,-1,CSL_cow,0.209959,CSL_yng_male,0.0290279
737,18ZC5064.JPG,3,3271.2,1465.6,3342.4,1516.8,0.969685,-1,CSL_cow,0.969685
738,18ZC5064.JPG,3,3264.8,1475.2,3344,1520,0.610874,-1,CSL_yng_male,0.610874
739,18ZC5064.JPG,3,3342.4,1429.6,3416,1505.6,0.993839,-1,CSL_cow,0.993839
740,18ZC5064.JPG,3,3515.2,1472.8,3591.2,1534.4,0.992165,-1,CSL_cow,0.992165
741,18ZC5064.JPG,3,3552,1446.4,3641.6,1494.4,0.99897,-1,CSL_cow,0.99897
742,18ZC5064.JPG,3,3515.2,1397.6,3564.8,1466.4,0.975659,-1,CSL_cow,0.975659
743,18ZC5064.JPG,3,3223.2,1494.4,3252.8,1529.6,0.1722,-1,CSL_pup,0.1722,CSL_dead_pup,0.0131584
744,18ZC5064.JPG,3,3589.6,1501.6,3626.4,1542.4,0.146084,-1,CSL_pup,0.146084,CSL_juv,0.0374623
745,18ZC5064.JPG,3,3518.4,1400,3566.4,1464.8,0.0385041,-1,CSL_sam,0.0385041
746,18ZC5064.JPG,3,3427.2,1344.8,3500,1380,0.999816,-1,CSL_cow,0.999816
747,18ZC5064.JPG,3,3496.8,1351.2,3581.6,1400,0.998698,-1,CSL_cow,0.998698
748,18ZC5064.JPG,3,3477.6,1338.4,3552.8,1382.4,0.449065,-1,CSL_sam,0.449065
749,18ZC5064.JPG,3,3302.4,1407.2,3350.4,1488.8,0.980715,-1,CSL_cow,0.170612,CSL_sam,0.980715
750,18ZC5064.JPG,3,3550.4,1366.4,3621.6,1443.2,0.452181,-1,CSL_sam,0.452181
751,18ZC5064.JPG,3,3309.6,1212,3368.8,1239.2,0.949515,-1,CSL_juv,0.949515
752,18ZC5064.JPG,3,3540,1349.6,3608.8,1401.6,0.0217307,-1,CSL_cow,0.0217307
753,18ZC5064.JPG,3,3549.6,1363.2,3627.2,1442.4,0.973218,-1,CSL_cow,0.973218
754,18ZC5064.JPG,3,3568.8,1278.4,3636,1328.8,0.610136,-1,CSL_cow,0.0341698,CSL_bull,0.610136
755,18ZC5064.JPG,3,3430.4,1343.2,3500,1379.2,0.0457363,-1,CSL_sam,0.0457363
756,18ZC5064.JPG,3,3340.8,1425.6,3416.8,1510.4,0.0600146,-1,CSL_sam,0.0600146
757,18ZC5064.JPG,3,3252,1413.6,3309.6,1500.8,0.999886,-1,CSL_cow,0.999886
758,18ZC5064.JPG,3,3477.6,1340,3552,1376.8,0.948142,-1,CSL_cow,0.948142
759,18ZC5064.JPG,3,3164,1448.8,3216.8,1520,0.998632,-1,CSL_bull,0.998632
760,18ZC5064.JPG,3,3407.2,1378.4,3477.6,1456,0.999939,-1,CSL_cow,0.999939
761,18ZC5064.JPG,3,3418.4,1364,3495.2,1415.2,0.0458434,-1,CSL_cow,0.0458434
762,18ZC5064.JPG,3,3360.8,1368,3396.8,1404,0.864255,-1,CSL_pup,0.864255
763,18ZC5064.JPG,3,3486.4,1478.4,3513.6,1517.6,0.983667,-1,CSL_pup,0.983667
764,18ZC5064.JPG,3,3400,1328,3425.6,1364,0.999722,-1,CSL_pup,0.999722
765,18ZC5064.JPG,3,3358.4,1764.8,3382.4,1836,0.160614,-1,CSL_yng_male,0.160614
766,18ZC5064.JPG,3,3625.6,1846.4,3661.6,1885.6,0.0279207,-1,CSL_yng_male,0.0279207
767,18ZC5064.JPG,3,3287.2,1679.2,3344,1755.2,0.130216,-1,CSL_cow,0.130216,CSL_sam,0.0429801,CSL_yng_male,0.0214842
768,18ZC5064.JPG,3,3600.8,1796.8,3650.4,1844.8,0.458913,-1,CSL_cow,0.458913,CSL_yng_male,0.0147213
769,18ZC5064.JPG,3,3632,1849.6,3661.6,1884.8,0.113362,-1,CSL_juv,0.113362
770,18ZC5064.JPG,3,3158.4,1724.8,3230.4,1768.8,0.24286,-1,CSL_cow,0.24286
771,18ZC5064.JPG,3,3152,1748.8,3235.2,1789.6,0.901008,-1,CSL_cow,0.901008
772,18ZC5064.JPG,3,3170.4,1669.6,3256.8,1723.2,0.910912,-1,CSL_cow,0.910912
773,18ZC5064.JPG,3,3144.8,1751.2,3246.4,1790.4,0.0158991,-1,CSL_bull,0.0158991
774,18ZC5064.JPG,3,3366.4,1740.8,3448,1799.2,0.969392,-1,CSL_cow,0.969392
775,18ZC5064.JPG,3,3492.8,1814.4,3576.8,1870.4,0.985203,-1,CSL_cow,0.985203
776,18ZC5064.JPG,3,3319.2,1684,3384,1747.2,0.999349,-1,CSL_cow,0.999349
777,18ZC5064.JPG,3,3514.4,1609.6,3539.2,1652,0.994004,-1,CSL_pup,0.994004,CSL_dead_pup,0.0526366
778,18ZC5064.JPG,3,3379.2,1771.2,3402.4,1809.6,0.0347823,-1,CSL_juv,0.0347823
779,18ZC5064.JPG,3,3260.8,1672.8,3303.2,1757.6,0.971333,-1,CSL_cow,0.971333
780,18ZC5064.JPG,3,3135.2,1764,3186.4,1803.2,0.972337,-1,CSL_cow,0.972337
781,18ZC5064.JPG,3,3628,1844,3662.4,1888,0.326938,-1,CSL_cow,0.326938
782,18ZC5064.JPG,3,3231.2,1676,3257.6,1718.4,0.0819514,-1,CSL_pup,0.0819514
783,18ZC5064.JPG,3,3328,1680.8,3376,1708.8,0.0232674,-1,CSL_pup,0.0139232,CSL_juv,0.0232674
784,18ZC5064.JPG,3,3491.2,1813.6,3576,1868,0.831291,-1,CSL_bull,0.831291
785,18ZC5064.JPG,3,3627.2,1849.6,3660,1885.6,0.16519,-1,CSL_pup,0.16519
786,18ZC5064.JPG,3,3446.4,1816.8,3481.6,1859.2,0.387242,-1,CSL_pup,0.387242
787,18ZC5064.JPG,3,3556.8,1655.2,3582.4,1701.6,0.529263,-1,CSL_pup,0.529263
788,18ZC5064.JPG,3,3424,1716,3464.8,1754.4,0.918891,-1,CSL_yng_male,0.918891
789,18ZC5064.JPG,3,3160,3668.8,3207.2,3708,0.0169016,-1,CSL_cow,0.0169016
790,18ZC5064.JPG,3,3157.6,3667.2,3207.2,3707.2,0.66978,-1,CSL_juv,0.66978
791,18ZC5064.JPG,3,3655.2,1262.4,3704,1321.6,0.361688,-1,PHS,0.0799404,CSL_juv,0.361688
792,18ZC5064.JPG,3,3656.8,1264.8,3701.6,1317.6,0.392532,-1,CSL_yng_male,0.392532
793,18ZC5064.JPG,3,3737.6,1887.2,3827.2,1964.8,0.268409,-1,PHS,0.268409,NES_young,0.0766738,NES_juv,0.0120978
794,18ZC5064.JPG,3,3813.6,2664.8,3858.4,2774.4,0.495377,-1,CSL_cow,0.495377,CSL_yng_male,0.243614
795,18ZC5064.JPG,3,4013.6,3560,4088.8,3640,0.731323,-1,CSL_cow,0.731323
796,18ZC5064.JPG,3,4013.6,3559.2,4084.8,3642.4,0.416403,-1,CSL_sam,0.416403
797,18ZC5064.JPG,3,4051.2,3679.2,4103.2,3775.2,0.978457,-1,CSL_cow,0.978457
798,18ZC5064.JPG,3,4525.6,2531.2,4623.2,2571.2,0.92642,-1,CSL_bull,0.92642
799,18ZC5064.JPG,3,5405.6,3744.8,5474.4,3815.2,0.937941,-1,CSL_cow,0.937941
800,18ZC5064.JPG,3,4573.64,3665.45,4630.91,3714.55,0.197017,-1,CSL_cow,0.135546,CSL_sam,0.0433696,PHS,0.0301765,CSL_yng_male,0.0689281,CSL_bull,0.197017
801,18ZC5064.JPG,3,4189.09,1538.18,4246.36,1628.18,0.854393,-1,CSL_pup,0.0176992,PHS,0.018358,CSL_bull,0.854393
802,18ZC5064.JPG,3,4254.55,2421.82,4320,2503.64,0.221547,-1,CSL_cow,0.0650389,CSL_sam,0.107435,PHS,0.0163008,CSL_yng_male,0.0478708,CSL_bull,0.221547
803,18ZC5064.JPG,3,4581.82,2348.18,4639.09,2389.09,0.222628,-1,CSL_cow,0.131839,CSL_sam,0.080816,PHS,0.0161916,CSL_yng_male,0.0289166,CSL_bull,0.222628
804,18ZC5064.JPG,3,1587.27,1701.82,1652.73,1800,0.028813,-1,CSL_cow,0.011937,CSL_sam,0.0125412,CSL_yng_male,0.0116238,CSL_bull,0.028813
805,18ZC5064.JPG,3,3469.09,1251.82,3534.55,1300.91,0.0932944,-1,CSL_sam,0.0120811,CSL_bull,0.0932944
806,18ZC5064.JPG,3,4287.27,1996.36,4360.91,2086.36,0.0878891,-1,CSL_sam,0.0198085,CSL_bull,0.0878891
807,18ZC5064.JPG,3,3796.36,1620,3853.64,1685.45,0.639836,-1,CSL_cow,0.0248253,CSL_sam,0.0474715,CSL_yng_male,0.0219167,CSL_bull,0.639836
808,18ZC5064.JPG,3,842.727,1022.73,924.545,1096.36,0.143128,-1,CSL_cow,0.0701075,CSL_sam,0.0589606,CSL_yng_male,0.0312205,CSL_bull,0.143128
809,18ZC5064.JPG,3,4508.18,1243.64,4606.36,1300.91,0.0387518,-1,CSL_bull,0.0387518
810,18ZC5064.JPG,3,3313.64,1210.91,3395.45,1260,0.036571,-1,CSL_bull,0.036571
811,18ZC5064.JPG,3,4148.18,3747.27,4270.91,3804.55,0.0360977,-1,CSL_bull,0.0360977
812,18ZC5064.JPG,3,5162.73,2757.27,5228.18,2847.27,0.0319468,-1,CSL_sam,0.0210743,CSL_bull,0.0319468
813,18ZC5064.JPG,3,4426.36,3804.55,4549.09,3837.27,0.031875,-1,CSL_cow,0.0172159,CSL_bull,0.031875
814,18ZC5064.JPG,3,4442.73,1955.45,4500,2029.09,0.0312319,-1,CSL_bull,0.0312319
815,18ZC5064.JPG,3,4516.36,2953.64,4614.55,3010.91,0.029503,-1,CSL_bull,0.029503
816,18ZC5064.JPG,3,3510,1832.73,3624.55,1906.36,0.086126,-1,CSL_cow,0.0199628,CSL_bull,0.086126
817,18ZC5064.JPG,3,3935.45,1480.91,3992.73,1554.55,0.0271585,-1,CSL_bull,0.0271585
818,18ZC5064.JPG,3,4189.09,2438.18,4270.91,2495.45,0.026312,-1,CSL_sam,0.015016,CSL_bull,0.026312
819,18ZC5064.JPG,3,4270.91,1971.82,4328.18,2053.64,0.021017,-1,CSL_bull,0.021017
820,18ZC5064.JPG,3,4524.55,3788.18,4655.45,3837.27,0.0200861,-1,CSL_cow,0.0104618,CSL_bull,0.0200861
821,18ZC5064.JPG,3,3673.64,990,3730.91,1047.27,0.0175991,-1,CSL_bull,0.0175991
822,18ZC5064.JPG,3,1963.64,2470.91,2029.09,2552.73,0.0158064,-1,CSL_bull,0.0158064
823,18ZC5064.JPG,3,4557.27,2029.09,4639.09,2094.55,0.0157344,-1,CSL_bull,0.0157344
824,18ZC5064.JPG,3,4041.82,2438.18,4123.64,2487.27,0.0128718,-1,CSL_bull,0.0128718
825,18ZC5064.JPG,3,3510,3788.18,3591.82,3820.91,0.0104667,-1,CSL_bull,0.0104667
826,18ZC5064.JPG,3,5318.18,3665.45,5367.27,3747.27,0.0262224,-1,CSL_cow,0.0262224
827,18ZC5064.JPG,3,3951.82,3780,4058.18,3829.09,0.01196,-1,CSL_cow,0.01196
828,18ZC5064.JPG,3,2143.64,2503.64,2217.27,2569.09,0.0216621,-1,CSL_cow,0.0216621,CSL_sam,0.0158434
829,18ZC5757.JPG,4,36.8,2192,84.8,2231.2,0.0334798,-1,CSL_yng_male,0.0334798,CSL_dead_pup,0.0181917
830,18ZC5757.JPG,4,0,2286.4,40.8,2319.2,0.0142667,-1,CSL_pup,0.0140066,CSL_dead_pup,0.0142667
831,18ZC5757.JPG,4,49.6,2340,163.2,2558.4,0.0538833,-1,NES_bull,0.0538833
832,18ZC5757.JPG,4,388.8,2225.6,503.2,2305.6,0.0250886,-1,NES_sam,0.0250886
833,18ZC5757.JPG,4,318.4,2136.8,476,2300.8,0.498027,-1,NES_sam,0.133013,NES_bull,0.498027
834,18ZC5757.JPG,4,210.4,2281.6,313.6,2505.6,0.222938,-1,NES_bull,0.222938
835,18ZC5757.JPG,4,104.8,2256,140,2296.8,0.147051,-1,CSL_pup,0.147051
836,18ZC5757.JPG,4,226.4,2737.6,364.8,2872.8,0.0901419,-1,NES_sam,0.0538498,CSL_bull,0.0901419
837,18ZC5757.JPG,4,243.2,2728.8,353.6,2872.8,0.4394,-1,NES_bull,0.4394
838,18ZC5757.JPG,4,216.8,3415.2,265.6,3446.4,0.343484,-1,CSL_cow,0.343484,CSL_yng_male,0.270376
839,18ZC5757.JPG,4,101.6,3768.8,152.8,3805.6,0.143339,-1,CSL_cow,0.0413824,PHS,0.143339
840,18ZC5757.JPG,4,103.2,3768.8,152.8,3805.6,0.0332817,-1,CSL_yng_male,0.0332817,CSL_juv,0.016295
841,18ZC5757.JPG,4,49.6,3786.4,112.8,3815.2,0.0224277,-1,PHS,0.0113542,CSL_yng_male,0.0224277
842,18ZC5757.JPG,4,156.8,3767.2,211.2,3813.6,0.963153,-1,CSL_cow,0.0141729,CSL_yng_male,0.963153
843,18ZC5757.JPG,4,170.4,3788.8,194.4,3816.8,0.14957,-1,CSL_pup,0.14957
844,18ZC5757.JPG,4,736.8,1958.4,893.6,2061.6,0.0133469,-1,NES_sam,0.0133469
845,18ZC5757.JPG,4,898.4,2012,976.8,2108,0.175362,-1,NES_bull,0.0248021,CSL_bull,0.175362
846,18ZC5757.JPG,4,939.2,1876.8,1036,2088.8,0.260458,-1,NES_bull,0.260458
847,18ZC5757.JPG,4,568.8,2028,599.2,2067.2,0.0700793,-1,CSL_pup,0.0700793
848,18ZC5757.JPG,4,616.8,2313.6,768.8,2418.4,0.622294,-1,NES_sam,0.0840866,NES_bull,0.622294
849,18ZC5757.JPG,4,644.8,2113.6,709.6,2261.6,0.906966,-1,NES_bull,0.0307169,CSL_bull,0.906966
850,18ZC5757.JPG,4,556.8,2217.6,669.6,2313.6,0.0135814,-1,NES_bull,0.0135814
851,18ZC5757.JPG,4,924,2262.4,957.6,2286.4,0.105303,-1,CSL_pup,0.105303
852,18ZC5757.JPG,4,975.2,2230.4,1029.6,2264.8,0.012349,-1,CSL_pup,0.012349
853,18ZC5757.JPG,4,657.6,2948,695.2,3000.8,0.140651,-1,CSL_pup,0.0104476,CSL_yng_male,0.0400943,CSL_juv,0.140651
854,18ZC5757.JPG,4,792,2613.6,896,2727.2,0.152511,-1,NES_bull,0.152511
855,18ZC5757.JPG,4,558.4,3781.6,616.8,3824.8,0.293799,-1,CSL_pup,0.0500151,CSL_cow,0.293799,CSL_yng_male,0.0405185
856,18ZC5757.JPG,4,716,3780,742.4,3821.6,0.904546,-1,CSL_pup,0.904546,CSL_yng_male,0.0155589
857,18ZC5757.JPG,4,684,3780.8,705.6,3823.2,0.0260037,-1,CSL_pup,0.0260037
858,18ZC5757.JPG,4,692,3776,715.2,3822.4,0.403795,-1,CSL_pup,0.403795
859,18ZC5757.JPG,4,1376.8,1322.4,1430.4,1358.4,0.692286,-1,PHS,0.46783,CSL_juv,0.692286
860,18ZC5757.JPG,4,1520.8,1072,1556,1115.2,0.0128434,-1,CSL_pup,0.0128434
861,18ZC5757.JPG,4,1336,1388.8,1372.8,1425.6,0.98368,-1,CSL_juv,0.98368,CSL_dead_pup,0.0110455
862,18ZC5757.JPG,4,1311.2,1412.8,1359.2,1452,0.755855,-1,CSL_yng_male,0.755855
863,18ZC5757.JPG,4,1522.4,1074.4,1556,1114.4,0.480948,-1,CSL_yng_male,0.480948
864,18ZC5757.JPG,4,1307.2,1410.4,1360,1453.6,0.333788,-1,CSL_juv,0.333788
865,18ZC5757.JPG,4,1424.8,1228,1460.8,1267.2,0.932529,-1,CSL_yng_male,0.932529
866,18ZC5757.JPG,4,1472,1159.2,1516.8,1211.2,0.999127,-1,CSL_yng_male,0.999127
867,18ZC5757.JPG,4,1471.2,1158.4,1517.6,1214.4,0.012029,-1,CSL_juv,0.012029
868,18ZC5757.JPG,4,1465.6,1211.2,1517.6,1248.8,0.112127,-1,CSL_yng_male,0.0180323,CSL_juv,0.112127
869,18ZC5757.JPG,4,1520.8,1073.6,1556,1114.4,0.0379339,-1,CSL_dead_pup,0.0379339
870,18ZC5757.JPG,4,1511.2,1932.8,1577.6,1969.6,0.0129319,-1,PHS,0.0129319,CSL_yng_male,0.0108406
871,18ZC5757.JPG,4,1091.2,1736,1213.6,1908,0.742353,-1,NES_bull,0.742353,CSL_bull,0.015853
872,18ZC5757.JPG,4,1460.8,1768,1545.6,1820.8,0.989084,-1,CSL_bull,0.989084
873,18ZC5757.JPG,4,1330.4,1771.2,1432,1818.4,0.996599,-1,CSL_bull,0.996599
874,18ZC5757.JPG,4,1055.2,2208,1164,2265.6,0.0325627,-1,NES_sam,0.0168717,CSL_bull,0.0325627
875,18ZC5757.JPG,4,1544,3526.4,1585.6,3644.8,0.072789,-1,CSL_bull,0.072789
876,18ZC5757.JPG,4,1544.8,3520,1582.4,3649.6,0.918844,-1,CSL_sam,0.918844,CSL_yng_male,0.108562
877,18ZC5757.JPG,4,1664.8,956,1720,993.6,0.0732748,-1,CSL_cow,0.0333465,PHS,0.0581627,CSL_yng_male,0.0442442,CSL_juv,0.0732748
878,18ZC5757.JPG,4,2078.4,751.2,2107.2,799.2,0.0466566,-1,CSL_yng_male,0.0466566
879,18ZC5757.JPG,4,1609.6,1252,1670.4,1278.4,0.139146,-1,CSL_cow,0.0367487,PHS,0.0824409,CSL_yng_male,0.139146
880,18ZC5757.JPG,4,1896,1456.8,1936.8,1508,0.028146,-1,PHS,0.028146
881,18ZC5757.JPG,4,1896,1457.6,1936.8,1505.6,0.717381,-1,CSL_juv,0.717381
882,18ZC5757.JPG,4,1805.6,1540,1846.4,1579.2,0.167752,-1,CSL_pup,0.143804,CSL_yng_male,0.167752
883,18ZC5757.JPG,4,1580,1260.8,1620,1320.8,0.0590948,-1,CSL_juv,0.0590948
884,18ZC5757.JPG,4,1764.8,1493.6,1792,1545.6,0.115067,-1,CSL_yng_male,0.115067
885,18ZC5757.JPG,4,1943.2,1372,1995.2,1402.4,0.0879867,-1,CSL_cow,0.0879867
886,18ZC5757.JPG,4,1848,1420,1893.6,1468,0.683526,-1,CSL_cow,0.683526,CSL_yng_male,0.0515228
887,18ZC5757.JPG,4,1942.4,1370.4,1996.8,1399.2,0.0284417,-1,CSL_juv,0.0284417
888,18ZC5757.JPG,4,1793.6,1508,1820,1548,0.178749,-1,CSL_pup,0.178749,CSL_yng_male,0.0303835
889,18ZC5757.JPG,4,1816.8,1536,1870.4,1573.6,0.967489,-1,CSL_cow,0.967489,CSL_juv,0.0290874
890,18ZC5757.JPG,4,1764.8,1494.4,1788,1540.8,0.108507,-1,CSL_pup,0.0118489,CSL_juv,0.108507
891,18ZC5757.JPG,4,1754.4,1416,1789.6,1457.6,0.0249378,-1,CSL_juv,0.0249378
892,18ZC5757.JPG,4,1700.8,1271.2,1755.2,1302.4,0.453146,-1,CSL_cow,0.321139,CSL_juv,0.453146
893,18ZC5757.JPG,4,1578.4,1265.6,1621.6,1315.2,0.944454,-1,CSL_yng_male,0.944454
894,18ZC5757.JPG,4,1681.6,1272.8,1711.2,1312.8,0.855308,-1,CSL_pup,0.0123686,CSL_juv,0.855308
895,18ZC5757.JPG,4,2068.8,1412.8,2110.4,1451.2,0.0945359,-1,CSL_pup,0.0945359
896,18ZC5757.JPG,4,1941.6,1372.8,1997.6,1400.8,0.921365,-1,CSL_yng_male,0.921365
897,18ZC5757.JPG,4,1756,1416,1789.6,1456,0.80943,-1,CSL_pup,0.80943,CSL_dead_pup,0.0267862
898,18ZC5757.JPG,4,1871.2,1517.6,1920,1554.4,0.714724,-1,CSL_cow,0.714724,CSL_juv,0.0591265
899,18ZC5757.JPG,4,1944,1353.6,1988.8,1382.4,0.103582,-1,CSL_juv,0.103582
900,18ZC5757.JPG,4,2059.2,1380.8,2104,1419.2,0.0227334,-1,CSL_cow,0.0227334,CSL_juv,0.011875
901,18ZC5757.JPG,4,1813.6,1510.4,1856.8,1550.4,0.938322,-1,CSL_cow,0.938322
902,18ZC5757.JPG,4,1731.2,1421.6,1755.2,1469.6,0.845605,-1,CSL_pup,0.845605
903,18ZC5757.JPG,4,1986.4,1467.2,2019.2,1517.6,0.950005,-1,CSL_juv,0.950005
904,18ZC5757.JPG,4,1808,2014.4,1869.6,2096,0.0467956,-1,PHS,0.0100528,CSL_yng_male,0.0467956
905,18ZC5757.JPG,4,1802.4,2027.2,1886.4,2102.4,0.0308024,-1,NES_bull,0.0308024
906,18ZC5757.JPG,4,1804.8,2020,1865.6,2073.6,0.160991,-1,CSL_cow,0.0101195,CSL_sam,0.0212723,CSL_bull,0.160991
907,18ZC5757.JPG,4,1663.2,3592.8,1718.4,3640,0.866437,-1,CSL_cow,0.866437,CSL_yng_male,0.15409
908,18ZC5757.JPG,4,1717.6,3548,1761.6,3640.8,0.0206873,-1,CSL_yng_male,0.0206873
909,18ZC5757.JPG,4,1833.6,3348.8,1885.6,3452,0.0543024,-1,CSL_cow,0.0543024,CSL_sam,0.0340952
910,18ZC5757.JPG,4,1708,3540,1756.8,3630.4,0.997296,-1,CSL_cow,0.997296,CSL_sam,0.0122243
911,18ZC5757.JPG,4,1610.4,3540,1679.2,3653.6,0.999423,-1,CSL_bull,0.999423
912,18ZC5757.JPG,4,1832,3354.4,1888,3451.2,0.573878,-1,CSL_bull,0.573878
913,18ZC5757.JPG,4,1865.6,3352.8,1886.4,3407.2,0.208036,-1,CSL_pup,0.208036
914,18ZC5757.JPG,4,1598.4,3683.2,1656.8,3775.2,0.535529,-1,CSL_sam,0.535529
915,18ZC5757.JPG,4,1594.4,3679.2,1660.8,3776,0.0500429,-1,CSL_cow,0.0500429
916,18ZC5757.JPG,4,1598.4,3656,1644,3688.8,0.172062,-1,CSL_pup,0.172062
917,18ZC5757.JPG,4,1639.2,3708,1705.6,3792,0.996436,-1,CSL_cow,0.996436
918,18ZC5757.JPG,4,2536.8,565.6,2563.2,621.6,0.949136,-1,PHS,0.949136,CSL_dead_pup,0.048353
919,18ZC5757.JPG,4,2192.8,784,2216.8,824.8,0.184125,-1,CSL_pup,0.12009,CSL_yng_male,0.0966942,CSL_dead_pup,0.184125
920,18ZC5757.JPG,4,2538.4,778.4,2565.6,818.4,0.990129,-1,CSL_pup,0.990129
921,18ZC5757.JPG,4,2534.4,798.4,2580,831.2,0.990845,-1,CSL_cow,0.990845
922,18ZC5757.JPG,4,2111.2,1440.8,2156,1472.8,0.358177,-1,CSL_cow,0.0333949,PHS,0.358177,CSL_yng_male,0.0183134
923,18ZC5757.JPG,4,2208,1310.4,2253.6,1344,0.107418,-1,PHS,0.107418,CSL_yng_male,0.0862199
924,18ZC5757.JPG,4,2133.6,1319.2,2182.4,1351.2,0.0447293,-1,PHS,0.0447293,CSL_juv,0.0343302
925,18ZC5757.JPG,4,2140,1486.4,2192.8,1519.2,0.106761,-1,CSL_cow,0.0127873,PHS,0.0396813,CSL_bull,0.106761
926,18ZC5757.JPG,4,2183.2,1448,2218.4,1490.4,0.989603,-1,CSL_pup,0.989603,PHS,0.0165272
927,18ZC5757.JPG,4,2230.4,1330.4,2275.2,1358.4,0.414876,-1,CSL_pup,0.414876,CSL_juv,0.024529
928,18ZC5757.JPG,4,2273.6,1335.2,2332.8,1366.4,0.908836,-1,CSL_cow,0.908836,CSL_juv,0.0200119
929,18ZC5757.JPG,4,2095.2,1358.4,2143.2,1382.4,0.150512,-1,CSL_pup,0.150512
930,18ZC5757.JPG,4,2311.2,1354.4,2350.4,1398.4,0.920732,-1,CSL_juv,0.920732
931,18ZC5757.JPG,4,2312,1355.2,2346.4,1398.4,0.0102136,-1,CSL_yng_male,0.0102136
932,18ZC5757.JPG,4,2093.6,1356,2141.6,1383.2,0.711616,-1,CSL_juv,0.711616
933,18ZC5757.JPG,4,2179.2,1312,2213.6,1361.6,0.576438,-1,CSL_cow,0.576438
934,18ZC5757.JPG,4,2120.8,1384,2173.6,1421.6,0.922594,-1,CSL_cow,0.922594,CSL_yng_male,0.0187497
935,18ZC5757.JPG,4,2176.8,1372.8,2230.4,1444.8,0.999952,-1,CSL_cow,0.999952
936,18ZC5757.JPG,4,2211.2,1312.8,2256,1343.2,0.0118809,-1,CSL_pup,0.0118809
937,18ZC5757.JPG,4,2105.6,1064.8,2220.8,1258.4,0.474885,-1,NES_bull,0.474885
938,18ZC5757.JPG,4,2480,2011.2,2515.2,2044,0.0811422,-1,CSL_pup,0.0811422
939,18ZC5757.JPG,4,2190.4,2470.4,2237.6,2520.8,0.729245,-1,CSL_juv,0.729245
940,18ZC5757.JPG,4,2107.2,2798.4,2197.6,2853.6,0.997813,-1,CSL_bull,0.997813
941,18ZC5757.JPG,4,2203.2,2760.8,2248,2807.2,0.481193,-1,CSL_yng_male,0.481193,CSL_dead_pup,0.184549
942,18ZC5757.JPG,4,2160,2763.2,2210.4,2811.2,0.13644,-1,CSL_cow,0.061817,CSL_sam,0.13644,CSL_yng_male,0.0126827
943,18ZC5757.JPG,4,2124,3595.2,2165.6,3628,0.161057,-1,CSL_pup,0.0289584,CSL_dead_pup,0.161057
944,18ZC5757.JPG,4,2119.2,3418.4,2147.2,3446.4,0.12147,-1,CSL_pup,0.12147,CSL_dead_pup,0.0277749
945,18ZC5757.JPG,4,2193.6,3216,2244,3251.2,0.31032,-1,CSL_pup,0.31032,CSL_cow,0.0467316,CSL_yng_male,0.0129167
946,18ZC5757.JPG,4,2170.4,3294.4,2235.2,3359.2,0.0797896,-1,CSL_cow,0.0241679,CSL_sam,0.0797896
947,18ZC5757.JPG,4,2394.4,3283.2,2456,3373.6,0.252757,-1,CSL_bull,0.252757
948,18ZC5757.JPG,4,2194.4,3301.6,2287.2,3354.4,0.178355,-1,CSL_cow,0.178355
949,18ZC5757.JPG,4,2396,3286.4,2451.2,3372.8,0.901427,-1,CSL_cow,0.901427
950,18ZC5757.JPG,4,2316,3360.8,2396.8,3440,0.877666,-1,CSL_cow,0.877666,CSL_bull,0.0231584
951,18ZC5757.JPG,4,2141.6,3340.8,2220,3416.8,0.133002,-1,CSL_cow,0.133002
952,18ZC5757.JPG,4,2224.8,3239.2,2315.2,3285.6,0.361165,-1,CSL_cow,0.361165
953,18ZC5757.JPG,4,2228.8,3216.8,2313.6,3268,0.973128,-1,CSL_cow,0.973128
954,18ZC5757.JPG,4,2294.4,3519.2,2336.8,3572,0.922474,-1,CSL_cow,0.922474
955,18ZC5757.JPG,4,2330.4,3253.6,2383.2,3332,0.995075,-1,CSL_cow,0.995075
956,18ZC5757.JPG,4,2168,3300,2257.6,3354.4,0.591351,-1,CSL_bull,0.591351
957,18ZC5757.JPG,4,2351.2,3263.2,2402.4,3347.2,0.0562582,-1,CSL_cow,0.0562582
958,18ZC5757.JPG,4,2428.8,3290.4,2528,3340,0.0374659,-1,CSL_cow,0.0374659,CSL_bull,0.0146221
959,18ZC5757.JPG,4,2139.2,3341.6,2230.4,3426.4,0.799824,-1,CSL_bull,0.799824
960,18ZC5757.JPG,4,2264,3392.8,2320.8,3468,0.350244,-1,CSL_yng_male,0.030297,CSL_bull,0.350244
961,18ZC5757.JPG,4,2187.2,3267.2,2304,3306.4,0.988562,-1,CSL_cow,0.988562
962,18ZC5757.JPG,4,2584.8,3344,2632,3416.8,0.028637,-1,CSL_cow,0.028637
963,18ZC5757.JPG,4,2440.8,3372,2467.2,3409.6,0.0456584,-1,CSL_pup,0.0456584,CSL_juv,0.0131959
964,18ZC5757.JPG,4,2346.4,3400.8,2413.6,3473.6,0.294779,-1,CSL_cow,0.294779,CSL_yng_male,0.0347478
965,18ZC5757.JPG,4,2422.4,3221.6,2451.2,3237.6,0.18159,-1,CSL_pup,0.18159
966,18ZC5757.JPG,4,2157.6,3289.6,2200,3310.4,0.314671,-1,CSL_pup,0.314671
967,18ZC5757.JPG,4,2220,3334.4,2276,3413.6,0.628374,-1,CSL_cow,0.628374,CSL_sam,0.0459845
968,18ZC5757.JPG,4,2450.4,3403.2,2483.2,3439.2,0.43011,-1,CSL_pup,0.43011
969,18ZC5757.JPG,4,2402.4,3368,2459.2,3443.2,0.0510798,-1,CSL_cow,0.0478624,CSL_yng_male,0.0510798
970,18ZC5757.JPG,4,2544.8,3306.4,2589.6,3335.2,0.555459,-1,CSL_pup,0.555459
971,18ZC5757.JPG,4,2260,3331.2,2320,3411.2,0.999875,-1,CSL_cow,0.999875
972,18ZC5757.JPG,4,2337.6,3200,2369.6,3240.8,0.987432,-1,CSL_pup,0.987432
973,18ZC5757.JPG,4,2562.4,3664.8,2606.4,3699.2,0.157538,-1,CSL_pup,0.157538,CSL_yng_male,0.0118645,CSL_juv,0.0107208,CSL_dead_pup,0.0106409
974,18ZC5757.JPG,4,2144.8,3761.6,2178.4,3782.4,0.833806,-1,CSL_dead_pup,0.833806
975,18ZC5757.JPG,4,3034.4,904,3072,1008,0.184131,-1,CSL_sam,0.0419981,CSL_yng_male,0.184131
976,18ZC5757.JPG,4,3048,1006.4,3104,1044.8,0.845589,-1,CSL_cow,0.845589,CSL_yng_male,0.0471239
977,18ZC5757.JPG,4,3053.6,933.6,3083.2,979.2,0.240891,-1,CSL_pup,0.240891,CSL_yng_male,0.0194639,CSL_juv,0.0340268
978,18ZC5757.JPG,4,2920,999.2,2972,1030.4,0.0114995,-1,CSL_cow,0.0114995
979,18ZC5757.JPG,4,2920.8,1000.8,2963.2,1030.4,0.982666,-1,CSL_juv,0.982666
980,18ZC5757.JPG,4,2961.6,962.4,2984,984,0.818106,-1,CSL_pup,0.818106
981,18ZC5757.JPG,4,2928,1011.2,3018.4,1057.6,0.824433,-1,CSL_cow,0.824433
982,18ZC5757.JPG,4,2927.2,1014.4,3018.4,1060.8,0.147965,-1,CSL_bull,0.147965
983,18ZC5757.JPG,4,2912,979.2,2964,1005.6,0.999632,-1,CSL_juv,0.999632
984,18ZC5757.JPG,4,3045.6,1028,3088,1066.4,0.993696,-1,CSL_cow,0.993696
985,18ZC5757.JPG,4,3038.4,906.4,3071.2,1001.6,0.422325,-1,CSL_cow,0.422325
986,18ZC5757.JPG,4,2632,1552.8,2680.8,1587.2,0.123386,-1,CSL_cow,0.123386,CSL_juv,0.0571804
987,18ZC5757.JPG,4,2737.6,1589.6,2775.2,1651.2,0.477852,-1,CSL_cow,0.268055,PHS,0.391923,CSL_juv,0.477852
988,18ZC5757.JPG,4,3084.8,1962.4,3128,1997.6,0.158375,-1,PHS,0.158375
989,18ZC5757.JPG,4,2756,1660,2800.8,1690.4,0.0232634,-1,CSL_pup,0.0232634,PHS,0.0170808
990,18ZC5757.JPG,4,2756,1658.4,2800.8,1689.6,0.0145815,-1,CSL_cow,0.0145815
991,18ZC5757.JPG,4,2826.4,1753.6,2858.4,1798.4,0.192768,-1,CSL_juv,0.192768
992,18ZC5757.JPG,4,2828,1752.8,2858.4,1800,0.0115104,-1,CSL_yng_male,0.0115104
993,18ZC5757.JPG,4,2680.8,1610.4,2724,1648,0.309019,-1,CSL_juv,0.309019
994,18ZC5757.JPG,4,2681.6,1610.4,2722.4,1650.4,0.395644,-1,CSL_yng_male,0.395644
995,18ZC5757.JPG,4,2756.8,1658.4,2802.4,1690.4,0.810805,-1,CSL_juv,0.810805
996,18ZC5757.JPG,4,2718.4,1635.2,2754.4,1678.4,0.0223274,-1,CSL_pup,0.0223274,CSL_bull,0.013327
997,18ZC5757.JPG,4,2800.8,1612,2831.2,1644,0.0164332,-1,CSL_pup,0.0164332
998,18ZC5757.JPG,4,2756.8,1708,2810.4,1748,0.169867,-1,CSL_yng_male,0.169867
999,18ZC5757.JPG,4,2757.6,1699.2,2811.2,1741.6,0.41876,-1,CSL_cow,0.41876
1000,18ZC5757.JPG,4,2718.4,1633.6,2756,1680,0.573395,-1,CSL_cow,0.0115128,CSL_yng_male,0.573395
1001,18ZC5757.JPG,4,2819.2,1856.8,2868.8,1895.2,0.980378,-1,CSL_juv,0.980378
1002,18ZC5757.JPG,4,2759.2,1699.2,2792.8,1722.4,0.393359,-1,CSL_pup,0.393359
1003,18ZC5757.JPG,4,2676.8,2080,2712,2111.2,0.81002,-1,CSL_pup,0.81002
1004,18ZC5757.JPG,4,2652.8,2576.8,2705.6,2603.2,0.0165771,-1,CSL_dead_pup,0.0165771
1005,18ZC5757.JPG,4,2640.8,2571.2,2700,2603.2,0.552311,-1,CSL_yng_male,0.552311
1006,18ZC5757.JPG,4,2792.8,2551.2,2850.4,2580.8,0.313198,-1,CSL_cow,0.313198
1007,18ZC5757.JPG,4,2792.8,2548.8,2851.2,2581.6,0.338296,-1,CSL_juv,0.338296
1008,18ZC5757.JPG,4,2808,2524,2856.8,2558.4,0.995548,-1,CSL_juv,0.995548
1009,18ZC5757.JPG,4,2731.2,2880,2784,2906.4,0.134245,-1,CSL_pup,0.0245084,PHS,0.134245
1010,18ZC5757.JPG,4,2704,2851.2,2750.4,2890.4,0.0573147,-1,CSL_yng_male,0.0436988,CSL_juv,0.0573147
1011,18ZC5757.JPG,4,2683.2,3028,2744,3125.6,0.0207429,-1,CSL_sam,0.0207429,CSL_yng_male,0.0200768
1012,18ZC5757.JPG,4,2699.2,2825.6,2761.6,2859.2,0.290279,-1,CSL_cow,0.290279,CSL_yng_male,0.0675408
1013,18ZC5757.JPG,4,2644.8,2988,2666.4,3043.2,0.472243,-1,CSL_pup,0.0425717,CSL_yng_male,0.472243
1014,18ZC5757.JPG,4,2704,2852,2752,2892.8,0.427196,-1,CSL_cow,0.427196
1015,18ZC5757.JPG,4,2680,2765.6,2735.2,2823.2,0.655966,-1,CSL_cow,0.655966,CSL_yng_male,0.0124338,CSL_juv,0.0329693
1016,18ZC5757.JPG,4,2624.8,2659.2,2659.2,2700.8,0.195975,-1,CSL_yng_male,0.0192412,CSL_juv,0.195975
1017,18ZC5757.JPG,4,2699.2,2925.6,2733.6,2961.6,0.0219724,-1,CSL_juv,0.0219724
1018,18ZC5757.JPG,4,2764.8,2700.8,2860,2770.4,0.0373412,-1,CSL_sam,0.0373412
1019,18ZC5757.JPG,4,2786.4,2682.4,2857.6,2757.6,0.776277,-1,CSL_cow,0.776277
1020,18ZC5757.JPG,4,2685.6,3022.4,2745.6,3132.8,0.874539,-1,CSL_cow,0.0239781,CSL_bull,0.874539
1021,18ZC5757.JPG,4,2712.8,2896.8,2760.8,2955.2,0.0229703,-1,CSL_cow,0.0229703
1022,18ZC5757.JPG,4,2747.2,2611.2,2830.4,2677.6,0.654335,-1,CSL_cow,0.311654,CSL_sam,0.654335
1023,18ZC5757.JPG,4,2734.4,2704.8,2814.4,2771.2,0.998932,-1,CSL_cow,0.998932
1024,18ZC5757.JPG,4,2718.4,2902.4,2754.4,2947.2,0.0282213,-1,CSL_pup,0.0124749,CSL_juv,0.0282213
1025,18ZC5757.JPG,4,2626.4,2659.2,2657.6,2700,0.0855878,-1,CSL_dead_pup,0.0855878
1026,18ZC5757.JPG,4,2699.2,2751.2,2781.6,2796.8,0.999907,-1,CSL_cow,0.999907
1027,18ZC5757.JPG,4,2702.4,2926.4,2730.4,2956.8,0.925809,-1,CSL_pup,0.925809
1028,18ZC5757.JPG,4,3024,3425.6,3077.6,3459.2,0.820504,-1,CSL_yng_male,0.820504
1029,18ZC5757.JPG,4,3068.8,3433.6,3120.8,3470.4,0.805193,-1,CSL_yng_male,0.805193
1030,18ZC5757.JPG,4,2737.6,3612.8,2779.2,3654.4,0.413517,-1,CSL_pup,0.197366,CSL_yng_male,0.413517
1031,18ZC5757.JPG,4,3116,3442.4,3143.2,3505.6,0.388316,-1,CSL_yng_male,0.388316
1032,18ZC5757.JPG,4,3111.2,3440.8,3150.4,3512,0.367128,-1,CSL_cow,0.367128
1033,18ZC5757.JPG,4,2809.6,3440,2855.2,3473.6,0.0730966,-1,CSL_cow,0.0272023,CSL_yng_male,0.0730966
1034,18ZC5757.JPG,4,2663.2,3520,2703.2,3560.8,0.0718524,-1,CSL_pup,0.0342685,CSL_yng_male,0.0718524
1035,18ZC5757.JPG,4,2613.6,3344,2679.2,3421.6,0.997369,-1,CSL_cow,0.997369,CSL_yng_male,0.0569439
1036,18ZC5757.JPG,4,2725.6,3364.8,2775.2,3401.6,0.0160978,-1,CSL_yng_male,0.0160978
1037,18ZC5757.JPG,4,3056,3461.6,3094.4,3497.6,0.820906,-1,CSL_yng_male,0.015119,CSL_juv,0.820906
1038,18ZC5757.JPG,4,2804,3423.2,2845.6,3453.6,0.0105853,-1,CSL_yng_male,0.0105853
1039,18ZC5757.JPG,4,2721.6,3537.6,2765.6,3573.6,0.224058,-1,CSL_cow,0.224058
1040,18ZC5757.JPG,4,2732,3365.6,2776,3401.6,0.72354,-1,CSL_cow,0.72354
1041,18ZC5757.JPG,4,2679.2,3529.6,2735.2,3577.6,0.312825,-1,CSL_cow,0.312825
1042,18ZC5757.JPG,4,2650.4,3342.4,2720.8,3418.4,0.918539,-1,CSL_cow,0.918539
1043,18ZC5757.JPG,4,2876,3477.6,2919.2,3512,0.417646,-1,CSL_pup,0.417646
1044,18ZC5757.JPG,4,2720,3537.6,2766.4,3570.4,0.025706,-1,CSL_juv,0.025706
1045,18ZC5757.JPG,4,2791.2,3372.8,2821.6,3408,0.998814,-1,CSL_pup,0.998814
1046,18ZC5757.JPG,4,2802.4,3426.4,2848.8,3458.4,0.402721,-1,CSL_pup,0.402721
1047,18ZC5757.JPG,4,2752.8,3552.8,2794.4,3620.8,0.986226,-1,CSL_cow,0.986226
1048,18ZC5757.JPG,4,2828.8,3387.2,2855.2,3423.2,0.779684,-1,CSL_pup,0.779684
1049,18ZC5757.JPG,4,2667.2,3486.4,2696.8,3512,0.972496,-1,CSL_pup,0.972496
1050,18ZC5757.JPG,4,2738.4,3420,2809.6,3488.8,0.999678,-1,CSL_cow,0.999678
1051,18ZC5757.JPG,4,3008,3272.8,3056.8,3323.2,0.278287,-1,CSL_cow,0.278287,CSL_juv,0.0272989
1052,18ZC5757.JPG,4,2808,3440.8,2848.8,3475.2,0.0696238,-1,CSL_pup,0.0696238
1053,18ZC5757.JPG,4,2757.6,3477.6,2783.2,3508,0.0899849,-1,CSL_pup,0.0899849
1054,18ZC5757.JPG,4,3064.8,3312,3124.8,3367.2,0.977885,-1,CSL_cow,0.183435,CSL_bull,0.977885
1055,18ZC5757.JPG,4,2720,3348.8,2741.6,3385.6,0.983665,-1,CSL_pup,0.983665
1056,18ZC5757.JPG,4,2751.2,3328.8,2787.2,3362.4,0.0597457,-1,CSL_cow,0.0465509,CSL_juv,0.0597457
1057,18ZC5757.JPG,4,3092.8,3231.2,3140.8,3264,0.167241,-1,CSL_juv,0.167241
1058,18ZC5757.JPG,4,2848,3392,2871.2,3429.6,0.575392,-1,CSL_pup,0.575392
1059,18ZC5757.JPG,4,3075.2,3492,3145.6,3565.6,0.0505499,-1,CSL_sam,0.0505499
1060,18ZC5757.JPG,4,2816,3463.2,2852.8,3496.8,0.198697,-1,CSL_pup,0.198697
1061,18ZC5757.JPG,4,2857.6,3319.2,2964,3376,0.999987,-1,CSL_bull,0.999987
1062,18ZC5757.JPG,4,3448,922.4,3500.8,972.8,0.999632,-1,CSL_yng_male,0.999632
1063,18ZC5757.JPG,4,3447.2,917.6,3501.6,978.4,0.010419,-1,CSL_juv,0.010419
1064,18ZC5757.JPG,4,3270.4,1040.8,3308.8,1070.4,0.961198,-1,CSL_juv,0.961198
1065,18ZC5757.JPG,4,3540.8,1034.4,3578.4,1059.2,0.013584,-1,CSL_pup,0.013584
1066,18ZC5757.JPG,4,3284,1018.4,3337.6,1044,0.998357,-1,CSL_juv,0.998357
1067,18ZC5757.JPG,4,3252,1064,3292,1092,0.0477014,-1,CSL_pup,0.0121289,CSL_cow,0.0255821,CSL_yng_male,0.0120637,CSL_juv,0.0477014
1068,18ZC5757.JPG,4,3473.6,1242.4,3528.8,1351.2,0.543841,-1,CSL_cow,0.543841,CSL_bull,0.169012
1069,18ZC5757.JPG,4,3504,1408.8,3526.4,1454.4,0.999163,-1,CSL_pup,0.999163
1070,18ZC5757.JPG,4,3236,1688.8,3269.6,1730.4,0.861734,-1,PHS,0.861734,CSL_dead_pup,0.152286
1071,18ZC5757.JPG,4,3238.4,2246.4,3277.6,2297.6,0.480637,-1,CSL_yng_male,0.480637
1072,18ZC5757.JPG,4,3238.4,2246.4,3277.6,2296,0.702548,-1,CSL_cow,0.702548
1073,18ZC5757.JPG,4,3195.2,3506.4,3240,3568,0.999551,-1,CSL_yng_male,0.999551
1074,18ZC5757.JPG,4,3140.8,3310.4,3192.8,3376.8,0.313424,-1,CSL_yng_male,0.313424
1075,18ZC5757.JPG,4,3146.4,3316.8,3184,3360.8,0.384925,-1,CSL_pup,0.384925
1076,18ZC5757.JPG,4,3218.4,3408.8,3289.6,3480,0.344004,-1,CSL_bull,0.344004
1077,18ZC5757.JPG,4,3220.8,3409.6,3284,3476,0.33267,-1,CSL_cow,0.33267
1078,18ZC5757.JPG,4,3160.8,3268.8,3250.4,3314.4,0.99201,-1,CSL_cow,0.99201
1079,18ZC5757.JPG,4,3167.2,3289.6,3220.8,3376.8,0.822004,-1,CSL_cow,0.822004
1080,18ZC5757.JPG,4,3140,3231.2,3231.2,3277.6,0.999638,-1,CSL_cow,0.999638
1081,18ZC5757.JPG,4,3170.4,3291.2,3224,3380,0.013416,-1,CSL_sam,0.013416
1082,18ZC5757.JPG,4,3168.8,3207.2,3192.8,3253.6,0.999272,-1,CSL_pup,0.999272
1083,18ZC5757.JPG,4,4127.2,233.6,4152.8,276,0.0216983,-1,CSL_juv,0.0136492,CSL_dead_pup,0.0216983
1084,18ZC5757.JPG,4,3924,3663.2,4009.6,3723.2,0.991294,-1,CSL_sam,0.991294,CSL_bull,0.0125769
1085,18ZC5757.JPG,4,3839.2,3748,3950.4,3809.6,0.855141,-1,CSL_sam,0.855141,CSL_bull,0.0264614
1086,18ZC5757.JPG,4,4160.8,3751.2,4183.2,3799.2,0.383703,-1,CSL_pup,0.383703,CSL_juv,0.0134586
1087,18ZC5757.JPG,4,4149.6,3761.6,4168.8,3809.6,0.0549208,-1,CSL_pup,0.0549208,CSL_juv,0.0146812
1088,18ZC5757.JPG,4,4304.8,3591.2,4335.2,3640.8,0.029576,-1,CSL_cow,0.029576
1089,18ZC5757.JPG,4,4455.2,3722.4,4507.2,3760,0.159484,-1,PHS,0.0221599,CSL_yng_male,0.159484
1090,18ZC5757.JPG,4,4458.4,3724,4500,3756.8,0.0103276,-1,CSL_cow,0.0103276
1091,18ZC5757.JPG,4,4491.2,3724,4539.2,3781.6,0.0300592,-1,PHS,0.0113281,CSL_juv,0.0300592
1092,18ZC5757.JPG,4,4456.8,3724.8,4504.8,3760,0.110385,-1,CSL_juv,0.110385
1093,18ZC5757.JPG,4,4464,3760,4508.8,3824,0.346211,-1,CSL_cow,0.346211,CSL_yng_male,0.0294962
1094,18ZC5757.JPG,4,4461.6,3761.6,4511.2,3827.2,0.0568839,-1,CSL_sam,0.0568839
1095,18ZC5757.JPG,4,4340,3715.2,4418.4,3770.4,0.0114855,-1,CSL_yng_male,0.0114855
1096,18ZC5757.JPG,4,4439.2,3756,4480.8,3795.2,0.0246035,-1,CSL_juv,0.0246035
1097,18ZC5757.JPG,4,4197.6,3676,4246.4,3711.2,0.690377,-1,CSL_cow,0.690377
1098,18ZC5757.JPG,4,4224,3746.4,4264,3787.2,0.231611,-1,CSL_pup,0.231611,CSL_juv,0.0160417
1099,18ZC5757.JPG,4,4212,3772.8,4307.2,3815.2,0.994013,-1,CSL_cow,0.994013
1100,18ZC5757.JPG,4,4347.2,3713.6,4412.8,3768,0.994934,-1,CSL_cow,0.994934
1101,18ZC5757.JPG,4,4307.2,3667.2,4374.4,3737.6,0.0131086,-1,CSL_sam,0.0131086
1102,18ZC5757.JPG,4,4347.2,3757.6,4430.4,3824.8,0.996975,-1,CSL_cow,0.996975
1103,18ZC5757.JPG,4,4234.4,3704.8,4325.6,3766.4,0.999649,-1,CSL_cow,0.999649
1104,18ZC5757.JPG,4,4300,3665.6,4373.6,3739.2,0.652167,-1,CSL_cow,0.573611,CSL_bull,0.652167
1105,18ZC5757.JPG,4,4179.2,3753.6,4212.8,3776,0.0114891,-1,CSL_pup,0.0114891
1106,18ZC5757.JPG,4,4268.8,3749.6,4348.8,3805.6,0.999826,-1,CSL_cow,0.999826
1107,18ZC5757.JPG,4,4494.4,3724.8,4536.8,3781.6,0.901769,-1,CSL_yng_male,0.901769
1108,18ZC5757.JPG,4,3207.27,1685.45,3280.91,1759.09,0.575809,-1,CSL_pup,0.0112786,CSL_cow,0.036169,CSL_sam,0.0443242,PHS,0.0131186,CSL_yng_male,0.0273252,CSL_bull,0.575809
1109,18ZC5757.JPG,4,1530,3542.73,1579.09,3608.18,0.172892,-1,CSL_cow,0.0236405,CSL_sam,0.0241071,CSL_yng_male,0.021639,CSL_bull,0.172892
1110,18ZC5757.JPG,4,4107.27,3796.36,4189.09,3829.09,0.0759846,-1,CSL_bull,0.0759846
1111,18ZC5757.JPG,4,1505.45,3002.73,1587.27,3068.18,0.0720431,-1,CSL_sam,0.0143881,CSL_bull,0.0720431
1112,18ZC5757.JPG,4,3068.18,1939.09,3133.64,2020.91,0.0590743,-1,CSL_bull,0.0590743
1113,18ZC5757.JPG,4,1718.18,3796.36,1832.73,3829.09,0.0495493,-1,CSL_cow,0.0106083,CSL_bull,0.0495493
1114,18ZC5757.JPG,4,973.636,3804.55,1063.64,3845.45,0.042662,-1,CSL_bull,0.042662
1115,18ZC5757.JPG,4,1399.09,3796.36,1497.27,3829.09,0.0393581,-1,CSL_bull,0.0393581
1116,18ZC5757.JPG,4,1366.36,1767.27,1456.36,1824.55,0.0323703,-1,CSL_cow,0.0103601,CSL_sam,0.0177872,CSL_bull,0.0323703
1117,18ZC5757.JPG,4,1022.73,3788.18,1096.36,3829.09,0.0247745,-1,CSL_bull,0.0247745
1118,18ZC5757.JPG,4,662.727,2348.18,752.727,2446.36,0.0210144,-1,CSL_bull,0.0210144
1119,18ZC5757.JPG,4,687.273,2364.55,760.909,2454.55,0.0475684,-1,CSL_pup,0.0475684
1120,18ZC5757.JPG,4,2119.09,3788.18,2225.45,3820.91,0.0193469,-1,CSL_cow,0.0124742,CSL_bull,0.0193469
1121,18ZC5757.JPG,4,2094.55,3755.45,2176.36,3804.55,0.0177616,-1,CSL_cow,0.0138213,CSL_bull,0.0177616
1122,18ZC5757.JPG,4,2691.82,2953.64,2724.55,3019.09,0.0148602,-1,CSL_bull,0.0148602
1123,18ZC5757.JPG,4,3673.64,3730.91,3747.27,3820.91,0.014509,-1,CSL_bull,0.014509
1124,18ZC5757.JPG,4,229.091,2798.18,368.182,2880,0.011799,-1,CSL_bull,0.011799
1125,18ZC5757.JPG,4,1693.64,3796.36,1775.45,3829.09,0.0114363,-1,CSL_bull,0.0114363
1126,18ZC5757.JPG,4,2855.45,3804.55,2953.64,3837.27,0.0108869,-1,CSL_bull,0.0108869
1127,18ZC5757.JPG,4,376.364,2176.36,474.545,2331.82,0.164133,-1,CSL_pup,0.164133,CSL_sam,0.0410128
1128,18ZC5757.JPG,4,0,2863.64,98.1818,3182.73,0.0144259,-1,CSL_cow,0.0144259,NES_bull,0.0102869
1129,18ZC5757.JPG,4,376.364,2520,548.182,2683.64,0.617391,-1,CSL_pup,0.617391
1130,18ZC5757.JPG,4,204.545,2274.55,335.455,2495.45,0.740808,-1,CSL_pup,0.740808
1131,18ZC5757.JPG,4,1055.45,1685.45,1251.82,1906.36,0.098606,-1,CSL_pup,0.098606
1132,18ZC5757.JPG,4,32.7273,2364.55,196.364,2593.64,0.943008,-1,CSL_pup,0.943008
1133,18ZC5757.JPG,4,867.273,1898.18,1022.73,2110.91,0.0629766,-1,CSL_pup,0.0629766
