11739,18ZC4773.JPG,0,1326.4,1760,1444.8,1805.6,1,-1,epoch_50,1
11740,18ZC4773.JPG,0,2123.2,2036.8,2229.6,2225.6,1,-1,epoch_50,1
11741,18ZC4773.JPG,0,1452,1809.6,1596,1973.6,1,-1,epoch_50,1
11742,18ZC4773.JPG,0,1933.6,2712,2025.6,2860,0.999999,-1,epoch_50,0.999999
11743,18ZC4773.JPG,0,1413.6,315.2,1500,353.6,0.999999,-1,epoch_50,0.999999
11744,18ZC4773.JPG,0,1746.4,2176,1896.8,2324,0.999999,-1,epoch_50,0.999999
11745,18ZC4773.JPG,0,3480.8,1204.8,3590.4,1386.4,0.999999,-1,epoch_50,0.999999
11746,18ZC4773.JPG,0,1255.2,370.4,1332,427.2,0.999999,-1,epoch_50,0.999999
11747,18ZC4773.JPG,0,1619.2,2116.8,1788.8,2209.6,0.999999,-1,epoch_50,0.999999
11748,18ZC4773.JPG,0,3161.6,3179.2,3378.4,3273.6,0.999999,-1,epoch_50,0.999999
11749,18ZC4773.JPG,0,1489.6,904,1533.6,975.2,0.999998,-1,epoch_50,0.999998
11750,18ZC4773.JPG,0,1440,1363.2,1589.6,1452.8,0.999998,-1,epoch_50,0.999998
11751,18ZC4773.JPG,0,1465.6,1006.4,1528.8,1051.2,0.999997,-1,epoch_50,0.999997
11752,18ZC4773.JPG,0,1568,1035.2,1631.2,1082.4,0.999997,-1,epoch_50,0.999997
11753,18ZC4773.JPG,0,1387.2,287.2,1432,348,0.999997,-1,epoch_50,0.999997
11754,18ZC4773.JPG,0,1546.4,920.8,1616,948,0.999996,-1,epoch_50,0.999996
11755,18ZC4773.JPG,0,1440,180.8,1468.8,290.4,0.999996,-1,epoch_50,0.999996
11756,18ZC4773.JPG,0,1952.8,3052,2025.6,3147.2,0.999995,-1,epoch_50,0.999995
11757,18ZC4773.JPG,0,1555.2,1883.2,1680,2061.6,0.999995,-1,epoch_50,0.999995
11758,18ZC4773.JPG,0,1461.6,208,1493.6,277.6,0.999995,-1,epoch_50,0.999995
11759,18ZC4773.JPG,0,2068.8,605.6,2213.6,639.2,0.999995,-1,epoch_50,0.999995
11760,18ZC4773.JPG,0,1518.4,976,1580.8,1000.8,0.999993,-1,epoch_50,0.999993
11761,18ZC4773.JPG,0,1588,912.8,1650.4,972.8,0.999992,-1,epoch_50,0.999992
11762,18ZC4773.JPG,0,1605.6,2345.6,1682.4,2399.2,0.999992,-1,epoch_50,0.999992
11763,18ZC4773.JPG,0,1440,2349.6,1574.4,2399.2,0.999992,-1,epoch_50,0.999992
11764,18ZC4773.JPG,0,1725.6,2640,1883.2,2751.2,0.99999,-1,epoch_50,0.99999
11765,18ZC4773.JPG,0,1480.8,3613.6,1528,3642.4,0.999989,-1,epoch_50,0.999989
11766,18ZC4773.JPG,0,2101.6,1898.4,2276.8,1999.2,0.999988,-1,epoch_50,0.999988
11767,18ZC4773.JPG,0,1785.6,2878.4,1957.6,2998.4,0.999987,-1,epoch_50,0.999987
11768,18ZC4773.JPG,0,2426.4,2640,2460.8,2658.4,0.999986,-1,epoch_50,0.999986
11769,18ZC4773.JPG,0,1440,1016.8,1456.8,1059.2,0.999983,-1,epoch_50,0.999983
11770,18ZC4773.JPG,0,1453.6,2674.4,1545.6,2868.8,0.999982,-1,epoch_50,0.999982
11771,18ZC4773.JPG,0,1591.2,995.2,1649.6,1023.2,0.999981,-1,epoch_50,0.999981
11772,18ZC4773.JPG,0,1152.8,3520,1196.8,3547.2,0.999981,-1,epoch_50,0.999981
11773,18ZC4773.JPG,0,1767.2,2716.8,1917.6,2854.4,0.999978,-1,epoch_50,0.999978
11774,18ZC4773.JPG,0,2588.8,2656,2690.4,2844.8,0.999962,-1,epoch_50,0.999962
11775,18ZC4773.JPG,0,1546.4,996.8,1599.2,1045.6,0.999954,-1,epoch_50,0.999954
11776,18ZC4773.JPG,0,2533,2468,2709,2631,0.999934,-1,epoch_50,0.999934
11777,18ZC4773.JPG,0,1593.6,1062.4,1656.8,1100,0.999931,-1,epoch_50,0.999931
11778,18ZC4773.JPG,0,1556,2724,1763.2,2837.6,0.999924,-1,epoch_50,0.999924
11779,18ZC4773.JPG,0,2085,2407,2218,2592,0.999924,-1,epoch_50,0.999924
11780,18ZC4773.JPG,0,1381.6,191.2,1407.2,242.4,0.99991,-1,epoch_50,0.99991
11781,18ZC4773.JPG,0,1586.4,967.2,1622.4,999.2,0.999892,-1,epoch_50,0.999892
11782,18ZC4773.JPG,0,1756,2406,1972,2494,0.999892,-1,epoch_50,0.999892
11783,18ZC4773.JPG,0,2400.8,2829.6,2517.6,2952.8,0.999887,-1,epoch_50,0.999887
11784,18ZC4773.JPG,0,1532,3246.4,1574.4,3276,0.99987,-1,epoch_50,0.99987
11785,18ZC4773.JPG,0,2319.2,2640,2342.4,2664.8,0.999834,-1,epoch_50,0.999834
11786,18ZC4773.JPG,0,1415.2,164,1444,208.8,0.999822,-1,epoch_50,0.999822
11787,18ZC4773.JPG,0,1776,3557.6,1937.6,3678.4,0.999809,-1,epoch_50,0.999809
11788,18ZC4773.JPG,0,1302.4,332.8,1365.6,428,0.999799,-1,epoch_50,0.999799
11789,18ZC4773.JPG,0,1432,880,1504.8,890.4,0.999776,-1,epoch_50,0.999776
11790,18ZC4773.JPG,0,1530,2332,1693,2492,0.999749,-1,epoch_50,0.999749
11791,18ZC4773.JPG,0,1897.6,3005.6,2024.8,3098.4,0.99969,-1,epoch_50,0.99969
11792,18ZC4773.JPG,0,1400,188.8,1422.4,247.2,0.999623,-1,epoch_50,0.999623
11793,18ZC4773.JPG,0,1517.6,3210.4,1549.6,3239.2,0.999576,-1,epoch_50,0.999576
11794,18ZC4773.JPG,0,1528,911.2,1583.2,937.6,0.999555,-1,epoch_50,0.999555
11795,18ZC4773.JPG,0,1458.4,3127.2,1504.8,3161.6,0.9994,-1,epoch_50,0.9994
11796,18ZC4773.JPG,0,1508.8,955.2,1567.2,976,0.999159,-1,epoch_50,0.999159
11797,18ZC4773.JPG,0,1578,1632,1666,1846,0.999109,-1,epoch_50,0.999109
11798,18ZC4773.JPG,0,2479.2,260.8,2689.6,382.4,0.999105,-1,epoch_50,0.999105
11799,18ZC4773.JPG,0,2200,2364,2433,2484,0.998873,-1,epoch_50,0.998873
11800,18ZC4773.JPG,0,1565.6,3250.4,1612.8,3276.8,0.99819,-1,epoch_50,0.99819
11801,18ZC4773.JPG,0,1468.8,3732.8,1493.6,3759.2,0.997652,-1,epoch_50,0.997652
11802,18ZC4773.JPG,0,2253.6,3627.2,2355.2,3828,0.99747,-1,epoch_50,0.99747
11803,18ZC4773.JPG,0,1515.2,889.6,1580.8,911.2,0.997439,-1,epoch_50,0.997439
11804,18ZC4773.JPG,0,1593.6,3232,1635.2,3257.6,0.997043,-1,epoch_50,0.997043
11805,18ZC4773.JPG,0,1476.8,3758.4,1516.8,3783.2,0.995551,-1,epoch_50,0.995551
11806,18ZC4773.JPG,0,1548.8,3520.8,1658.4,3552.8,0.995057,-1,epoch_50,0.995057
11807,18ZC4773.JPG,0,1660.8,1888,1708,1996.8,0.994843,-1,epoch_50,0.994843
11808,18ZC4773.JPG,0,1200.8,216.8,1229.6,242.4,0.992973,-1,epoch_50,0.992973
11809,18ZC4773.JPG,0,1399.2,313.6,1444,405.6,0.992571,-1,epoch_50,0.992571
11810,18ZC4773.JPG,0,1096.8,259.2,1141.6,283.2,0.990325,-1,epoch_50,0.990325
11811,18ZC4773.JPG,0,1459.2,1889.6,1482.4,1920,0.990255,-1,epoch_50,0.990255
11812,18ZC4773.JPG,0,2236,2558,2363,2668,0.98509,-1,epoch_50,0.98509
11813,18ZC4773.JPG,0,3177,2482,3321,2635,0.983694,-1,epoch_50,0.983694
11814,18ZC4773.JPG,0,2096.8,1436,2125.6,1467.2,0.98329,-1,epoch_50,0.98329
11815,18ZC4773.JPG,0,1509.6,2005.6,1534.4,2025.6,0.98274,-1,epoch_50,0.98274
11816,18ZC4773.JPG,0,1914.4,2640,2008,2644.8,0.982324,-1,epoch_50,0.982324
11817,18ZC4773.JPG,0,1920,2691.2,1935.2,2720,0.98143,-1,epoch_50,0.98143
11818,18ZC4773.JPG,0,2256.8,2374.4,2417.6,2398.4,0.979553,-1,epoch_50,0.979553
11819,18ZC4773.JPG,0,1963.2,1289.6,1992,1310.4,0.978201,-1,epoch_50,0.978201
11820,18ZC4773.JPG,0,1741,1283,1813,1361,0.972682,-1,epoch_50,0.972682
11821,18ZC4773.JPG,0,1840,3405,1972,3580,0.968743,-1,epoch_50,0.968743
11822,18ZC4773.JPG,0,1656,2490,1843,2576,0.953086,-1,epoch_50,0.953086
11823,18ZC4773.JPG,0,1931,2501,2118,2658,0.940004,-1,epoch_50,0.940004
11824,18ZC4773.JPG,0,1907,601,2033,668,0.935186,-1,epoch_50,0.935186
11825,18ZC4773.JPG,0,1545,1554,1632,1627,0.925698,-1,epoch_50,0.925698
11826,18ZC4773.JPG,0,1770,3350,1949,3440,0.920942,-1,epoch_50,0.920942
11827,18ZC4773.JPG,0,1472,3209,1583,3300,0.883123,-1,epoch_50,0.883123
11828,18ZC4773.JPG,0,1542,1520,1616,1580,0.878819,-1,epoch_50,0.878819
11829,18ZC4773.JPG,0,1848.8,3029.6,1884.8,3052,0.876315,-1,epoch_50,0.876315
11830,18ZC4773.JPG,0,1924.8,2881.6,1958.4,2914.4,0.870798,-1,epoch_50,0.870798
11831,18ZC4773.JPG,0,1478.4,3208.8,1522.4,3235.2,0.869344,-1,epoch_50,0.869344
11832,18ZC4773.JPG,0,1826,459,1893,546,0.863247,-1,epoch_50,0.863247
11833,18ZC4773.JPG,0,1428,838,1514,884,0.848717,-1,epoch_50,0.848717
11834,18ZC4773.JPG,0,2038,815,2110,900,0.838639,-1,epoch_50,0.838639
11835,18ZC4773.JPG,0,1044.8,20,1064.8,68.8,0.832559,-1,epoch_50,0.832559
11836,18ZC4773.JPG,0,2400.8,2386.4,2440,2398.4,0.823623,-1,epoch_50,0.823623
11837,18ZC4773.JPG,0,1920,1238.4,1924.8,1283.2,0.795671,-1,epoch_50,0.795671
11838,18ZC4773.JPG,0,1385,1676,1444,1787,0.794362,-1,epoch_50,0.794362
11839,18ZC4773.JPG,0,1975,1134,2054,1219,0.767556,-1,epoch_50,0.767556
11840,18ZC4773.JPG,0,1704,1669,1758,1768,0.767243,-1,epoch_50,0.767243
11841,18ZC4773.JPG,0,1440,1458.4,1448.8,1477.6,0.744624,-1,epoch_50,0.744624
11842,18ZC4773.JPG,0,1502.4,2713.6,1549.6,2738.4,0.725843,-1,epoch_50,0.725843
11843,18ZC4773.JPG,0,1924.8,2640,1940,2644,0.710394,-1,epoch_50,0.710394
11844,18ZC4773.JPG,0,2071,1113,2150,1172,0.68814,-1,epoch_50,0.68814
11845,18ZC4773.JPG,0,1505.6,3214.4,1520,3234.4,0.686348,-1,epoch_50,0.686348
11846,18ZC4773.JPG,0,1498,3310,1597,3359,0.677406,-1,epoch_50,0.677406
11847,18ZC4773.JPG,0,1189,190,1253,245,0.644748,-1,epoch_50,0.644748
11848,18ZC4773.JPG,0,2347,2851,2422,2961,0.629496,-1,epoch_50,0.629496
11849,18ZC4773.JPG,0,2172,1127,2239,1198,0.622958,-1,epoch_50,0.622958
11850,18ZC4773.JPG,0,1645,2572,1825,2666,0.598653,-1,epoch_50,0.598653
11851,18ZC4773.JPG,0,1979.2,3021.6,2099.2,3080,0.596918,-1,epoch_50,0.596918
11852,18ZC4773.JPG,0,2403,2613,2465,2660,0.592188,-1,epoch_50,0.592188
11853,18ZC4773.JPG,0,1434,779,1524,839,0.576514,-1,epoch_50,0.576514
11854,18ZC4773.JPG,0,1451.2,3667.2,1513.6,3709.6,0.556121,-1,epoch_50,0.556121
11855,18ZC4773.JPG,0,1460,3359,1564,3420,0.539466,-1,epoch_50,0.539466
11856,18ZC4773.JPG,0,2013,1007,2095,1060,0.531,-1,epoch_50,0.531
11857,18ZC4773.JPG,0,2107,995,2187,1050,0.508868,-1,epoch_50,0.508868
11858,18ZC4773.JPG,0,1460,3232.8,1501.6,3259.2,0.499441,-1,epoch_50,0.499441
11859,18ZC4773.JPG,0,1806.4,880,1856,887.2,0.479814,-1,epoch_50,0.479814
11860,18ZC4773.JPG,0,1920,2701.6,1949.6,2914.4,0.456839,-1,epoch_50,0.456839
11861,18ZC4773.JPG,0,1320,3630.4,1346.4,3676.8,0.450659,-1,epoch_50,0.450659
11862,18ZC4773.JPG,0,1511,1637,1596,1698,0.444723,-1,epoch_50,0.444723
11863,18ZC4773.JPG,0,1577.6,3736.8,1619.2,3760,0.429505,-1,epoch_50,0.429505
11864,18ZC4773.JPG,0,1532.8,973.6,1544.8,1038.4,0.427517,-1,epoch_50,0.427517
11865,18ZC4773.JPG,0,1511.2,1096,1537.6,1133.6,0.426077,-1,epoch_50,0.426077
11866,18ZC4773.JPG,0,1336,826,1427,872,0.421511,-1,epoch_50,0.421511
11867,18ZC4773.JPG,0,1682.4,524.8,1709.6,555.2,0.417215,-1,epoch_50,0.417215
11868,18ZC4773.JPG,0,1509.6,880,1579.2,894.4,0.399707,-1,epoch_50,0.399707
11869,18ZC4773.JPG,0,1744.8,2863.2,1779.2,2888.8,0.392444,-1,epoch_50,0.392444
11870,18ZC4773.JPG,0,1077.6,633.6,1127.2,639.2,0.381355,-1,epoch_50,0.381355
11871,18ZC4773.JPG,0,2066,957,2138,1050,0.377416,-1,epoch_50,0.377416
11872,18ZC4773.JPG,0,1802,2568,1915,2632,0.316636,-1,epoch_50,0.316636
11873,18ZC4773.JPG,0,1624,1509,1686,1564,0.308558,-1,epoch_50,0.308558
11874,18ZC4773.JPG,0,1632,3788,1740,3834,0.304658,-1,epoch_50,0.304658
11875,18ZC4773.JPG,0,960,520,968.8,583.2,0.301759,-1,epoch_50,0.301759
11876,18ZC4773.JPG,0,1478.4,3274.4,1525.6,3278.4,0.247203,-1,epoch_50,0.247203
11877,18ZC4773.JPG,0,1920,1168.8,1924.8,1216.8,0.211851,-1,epoch_50,0.211851
11878,18ZC4773.JPG,0,1503.2,3733.6,1520,3748,0.183744,-1,epoch_50,0.183744
11879,18ZC4773.JPG,0,1920,2804,1925.6,2888.8,0.183534,-1,epoch_50,0.183534
11880,18ZC4773.JPG,0,1740,1760,1751.2,1762.4,0.174418,-1,epoch_50,0.174418
11881,18ZC4773.JPG,0,1480.8,3715.2,1494.4,3734.4,0.169633,-1,epoch_50,0.169633
11882,18ZC4773.JPG,0,1836.8,380.8,1857.6,408,0.147847,-1,epoch_50,0.147847
11883,18ZC4773.JPG,0,1528.8,1055.2,1544.8,1067.2,0.145134,-1,epoch_50,0.145134
11884,18ZC4773.JPG,0,2141,909,2190,984,0.142613,-1,epoch_50,0.142613
11885,18ZC4773.JPG,0,1124.8,224,1150.4,248,0.130003,-1,epoch_50,0.130003
11886,18ZC4773.JPG,0,1920,3588,1938.4,3651.2,0.0949159,-1,epoch_50,0.0949159
11887,18ZC4773.JPG,0,3231.2,3273.6,3284.8,3278.4,0.0786791,-1,epoch_50,0.0786791
11888,18ZC4773.JPG,0,1448.8,1450.4,1484.8,1474.4,0.0710868,-1,epoch_50,0.0710868
11889,18ZC4773.JPG,0,1539.2,1100.8,1545.6,1115.2,0.0710733,-1,epoch_50,0.0710733
11890,18ZC4773.JPG,0,1518.4,1065.6,1536.8,1085.6,0.0628027,-1,epoch_50,0.0628027
11891,18ZC4773.JPG,0,1440,189.6,1448,273.6,0.0584975,-1,epoch_50,0.0584975
11892,18ZC4773.JPG,0,1542.4,986.4,1544.8,1040,0.0576822,-1,epoch_50,0.0576822
11893,18ZC4773.JPG,0,2469.6,2640,2485.6,2644.8,0.0512653,-1,epoch_50,0.0512653
11894,18ZC4890.JPG,1,3062.4,3520,3126.4,3565.6,1,-1,epoch_50,1
11895,18ZC4890.JPG,1,3872,1999.2,3969.6,2051.2,1,-1,epoch_50,1
11896,18ZC4890.JPG,1,3629.6,2187.2,3694.4,2236,1,-1,epoch_50,1
11897,18ZC4890.JPG,1,3629.6,2163.2,3704.8,2192,0.999999,-1,epoch_50,0.999999
11898,18ZC4890.JPG,1,3752.8,1998.4,3796.8,2024.8,0.999999,-1,epoch_50,0.999999
11899,18ZC4890.JPG,1,3696,2021.6,3760,2082.4,0.999999,-1,epoch_50,0.999999
11900,18ZC4890.JPG,1,3918.4,1864,3986.4,1916,0.999999,-1,epoch_50,0.999999
11901,18ZC4890.JPG,1,4445.6,1836,4530.4,1889.6,0.999999,-1,epoch_50,0.999999
11902,18ZC4890.JPG,1,3771.2,2140.8,3816.8,2196.8,0.999999,-1,epoch_50,0.999999
11903,18ZC4890.JPG,1,3654.4,2050.4,3739.2,2092,0.999999,-1,epoch_50,0.999999
11904,18ZC4890.JPG,1,3699.2,1793.6,3776,1874.4,0.999999,-1,epoch_50,0.999999
11905,18ZC4890.JPG,1,4057.6,880,4135.2,910.4,0.999999,-1,epoch_50,0.999999
11906,18ZC4890.JPG,1,3544,1796.8,3611.2,1860,0.999999,-1,epoch_50,0.999999
11907,18ZC4890.JPG,1,3794.4,1964,3872,2000.8,0.999998,-1,epoch_50,0.999998
11908,18ZC4890.JPG,1,3680.8,2077.6,3744,2115.2,0.999998,-1,epoch_50,0.999998
11909,18ZC4890.JPG,1,3107.2,3188,3180.8,3226.4,0.999998,-1,epoch_50,0.999998
11910,18ZC4890.JPG,1,3363.2,2287.2,3424.8,2342.4,0.999998,-1,epoch_50,0.999998
11911,18ZC4890.JPG,1,3571.2,2090.4,3637.6,2136,0.999998,-1,epoch_50,0.999998
11912,18ZC4890.JPG,1,3734.4,1919.2,3782.4,1980.8,0.999998,-1,epoch_50,0.999998
11913,18ZC4890.JPG,1,3608,2224.8,3707.2,2268.8,0.999997,-1,epoch_50,0.999997
11914,18ZC4890.JPG,1,2919.2,3520,2973.6,3549.6,0.999997,-1,epoch_50,0.999997
11915,18ZC4890.JPG,1,3776.8,2015.2,3832,2079.2,0.999997,-1,epoch_50,0.999997
11916,18ZC4890.JPG,1,3585.6,2132.8,3654.4,2168.8,0.999996,-1,epoch_50,0.999996
11917,18ZC4890.JPG,1,3860.8,1832,3925.6,1873.6,0.999994,-1,epoch_50,0.999994
11918,18ZC4890.JPG,1,3544,2128.8,3600.8,2155.2,0.999989,-1,epoch_50,0.999989
11919,18ZC4890.JPG,1,3835.2,2018.4,3882.4,2068,0.999987,-1,epoch_50,0.999987
11920,18ZC4890.JPG,1,3625.6,2248,3654.4,2296,0.999987,-1,epoch_50,0.999987
11921,18ZC4890.JPG,1,3484,2297.6,3534.4,2392,0.999984,-1,epoch_50,0.999984
11922,18ZC4890.JPG,1,3631.2,1900,3692.8,2024,0.999983,-1,epoch_50,0.999983
11923,18ZC4890.JPG,1,3677.6,1915.2,3719.2,1988.8,0.999983,-1,epoch_50,0.999983
11924,18ZC4890.JPG,1,3932,1784.8,3944.8,1862.4,0.999981,-1,epoch_50,0.999981
11925,18ZC4890.JPG,1,3840,2038.4,3875.2,2125.6,0.999974,-1,epoch_50,0.999974
11926,18ZC4890.JPG,1,4366.4,1032,4469.6,1081.6,0.999974,-1,epoch_50,0.999974
11927,18ZC4890.JPG,1,3948,1798.4,3990.4,1854.4,0.999932,-1,epoch_50,0.999932
11928,18ZC4890.JPG,1,3205.6,3102.4,3259.2,3161.6,0.999907,-1,epoch_50,0.999907
11929,18ZC4890.JPG,1,3644.8,2097.6,3688.8,2164,0.999891,-1,epoch_50,0.999891
11930,18ZC4890.JPG,1,3432,2300,3470.4,2393.6,0.99987,-1,epoch_50,0.99987
11931,18ZC4890.JPG,1,2297.6,1812,2354.4,1902.4,0.999858,-1,epoch_50,0.999858
11932,18ZC4890.JPG,1,4302,1560,4430,1641,0.999842,-1,epoch_50,0.999842
11933,18ZC4890.JPG,1,3756,2076.8,3808.8,2125.6,0.999694,-1,epoch_50,0.999694
11934,18ZC4890.JPG,1,3679.2,1980.8,3734.4,2029.6,0.999649,-1,epoch_50,0.999649
11935,18ZC4890.JPG,1,3067,2555,3142,2622,0.999286,-1,epoch_50,0.999286
11936,18ZC4890.JPG,1,3464.8,2296.8,3500,2384.8,0.997942,-1,epoch_50,0.997942
11937,18ZC4890.JPG,1,4027,629,4101,763,0.993765,-1,epoch_50,0.993765
11938,18ZC4890.JPG,1,3644,2285,3726,2336,0.992712,-1,epoch_50,0.992712
11939,18ZC4890.JPG,1,4098,763,4166,821,0.99267,-1,epoch_50,0.99267
11940,18ZC4890.JPG,1,3321.6,2363.2,3373.6,2398.4,0.989868,-1,epoch_50,0.989868
11941,18ZC4890.JPG,1,3360,2640,3384,2663.2,0.986247,-1,epoch_50,0.986247
11942,18ZC4890.JPG,1,2959,3291,3009,3385,0.981487,-1,epoch_50,0.981487
11943,18ZC4890.JPG,1,3074,3415,3133,3469,0.981111,-1,epoch_50,0.981111
11944,18ZC4890.JPG,1,3347,2531,3457,2598,0.976443,-1,epoch_50,0.976443
11945,18ZC4890.JPG,1,3305,2587,3386,2684,0.971737,-1,epoch_50,0.971737
11946,18ZC4890.JPG,1,3272,2442,3336,2532,0.968208,-1,epoch_50,0.968208
11947,18ZC4890.JPG,1,2843,3443,2913,3518,0.967509,-1,epoch_50,0.967509
11948,18ZC4890.JPG,1,3506,1624,3601,1720,0.966421,-1,epoch_50,0.966421
11949,18ZC4890.JPG,1,3254,2515,3339,2566,0.963426,-1,epoch_50,0.963426
11950,18ZC4890.JPG,1,3360,2304,3383.2,2382.4,0.951853,-1,epoch_50,0.951853
11951,18ZC4890.JPG,1,3698.4,2131.2,3780,2195.2,0.949923,-1,epoch_50,0.949923
11952,18ZC4890.JPG,1,3180,2463,3235,2581,0.941062,-1,epoch_50,0.941062
11953,18ZC4890.JPG,1,4041,769,4130,833,0.924675,-1,epoch_50,0.924675
11954,18ZC4890.JPG,1,3866.4,2042.4,3881.6,2076,0.92044,-1,epoch_50,0.92044
11955,18ZC4890.JPG,1,3632,1928.8,3655.2,1965.6,0.893007,-1,epoch_50,0.893007
11956,18ZC4890.JPG,1,3941,771,3997,867,0.864083,-1,epoch_50,0.864083
11957,18ZC4890.JPG,1,3386.4,2322.4,3437.6,2379.2,0.803693,-1,epoch_50,0.803693
11958,18ZC4890.JPG,1,3384,2378,3445,2436,0.796937,-1,epoch_50,0.796937
11959,18ZC4890.JPG,1,2854,3376,2968,3444,0.776434,-1,epoch_50,0.776434
11960,18ZC4890.JPG,1,4054.4,880,4094.4,892.8,0.755621,-1,epoch_50,0.755621
11961,18ZC4890.JPG,1,3709,1991,3787,2055,0.715729,-1,epoch_50,0.715729
11962,18ZC4890.JPG,1,3987,820,4056,889,0.701678,-1,epoch_50,0.701678
11963,18ZC4890.JPG,1,3124,2429,3191,2482,0.632548,-1,epoch_50,0.632548
11964,18ZC4890.JPG,1,3140,2501,3206,2579,0.492497,-1,epoch_50,0.492497
11965,18ZC4890.JPG,1,4010.4,880,4063.2,888.8,0.492421,-1,epoch_50,0.492421
11966,18ZC4890.JPG,1,3322,2547,3407,2625,0.361039,-1,epoch_50,0.361039
11967,18ZC4890.JPG,1,2929,3383,3011,3433,0.3228,-1,epoch_50,0.3228
11968,18ZC4890.JPG,1,2909,3430,2976,3492,0.307034,-1,epoch_50,0.307034
11969,18ZC4890.JPG,1,2880,3539.2,2884.8,3566.4,0.245776,-1,epoch_50,0.245776
11970,18ZC4890.JPG,1,3459.2,2308.8,3464.8,2380,0.207167,-1,epoch_50,0.207167
11971,18ZC4890.JPG,1,3987,706,4036,761,0.155816,-1,epoch_50,0.155816
11972,18ZC4890.JPG,1,3245,2441,3280,2560,0.149681,-1,epoch_50,0.149681
11973,18ZC4890.JPG,1,3360,2379.2,3369.6,2399.2,0.105673,-1,epoch_50,0.105673
11974,18ZC4890.JPG,1,3965,792,4047,846,0.0906627,-1,epoch_50,0.0906627
11975,18ZC4890.JPG,1,3382.4,2376.8,3412.8,2398.4,0.0830226,-1,epoch_50,0.0830226
11976,18ZC4890.JPG,1,3392.8,2393.6,3436,2398.4,0.0670165,-1,epoch_50,0.0670165
11977,18ZC4890.JPG,1,3604.8,2088.8,3630.4,2111.2,0.0661455,-1,epoch_50,0.0661455
11978,18ZC4890.JPG,1,3318.4,2648,3337.6,2674.4,0.0517408,-1,epoch_50,0.0517408
11979,18ZC4890.JPG,1,3344,2377,3405,2445,0.0500302,-1,epoch_50,0.0500302
11980,18ZC5063.JPG,2,3028,371.2,3095.2,476,1,-1,epoch_50,1
11981,18ZC5063.JPG,2,2519.2,1367.2,2597.6,1448,1,-1,epoch_50,1
11982,18ZC5063.JPG,2,2532.8,1436.8,2596.8,1494.4,0.999999,-1,epoch_50,0.999999
11983,18ZC5063.JPG,2,1325.6,1143.2,1373.6,1222.4,0.999999,-1,epoch_50,0.999999
11984,18ZC5063.JPG,2,2971.2,413.6,3062.4,476.8,0.999999,-1,epoch_50,0.999999
11985,18ZC5063.JPG,2,3150.4,2145.6,3228,2223.2,0.999999,-1,epoch_50,0.999999
11986,18ZC5063.JPG,2,2389.6,2207.2,2413.6,2259.2,0.999999,-1,epoch_50,0.999999
11987,18ZC5063.JPG,2,3644,1788,3679.2,1836.8,0.999998,-1,epoch_50,0.999998
11988,18ZC5063.JPG,2,480.8,204.8,509.6,258.4,0.999998,-1,epoch_50,0.999998
11989,18ZC5063.JPG,2,2302.4,458.4,2343.2,578.4,0.999998,-1,epoch_50,0.999998
11990,18ZC5063.JPG,2,276,8,320,54.3999,0.999998,-1,epoch_50,0.999998
11991,18ZC5063.JPG,2,0,1760,93.6,1810.4,0.999998,-1,epoch_50,0.999998
11992,18ZC5063.JPG,2,2675.2,2979.2,2698.4,3016.8,0.999998,-1,epoch_50,0.999998
11993,18ZC5063.JPG,2,1664.8,1489.6,1714.4,1519.2,0.999997,-1,epoch_50,0.999997
11994,18ZC5063.JPG,2,588,264.8,637.6,297.6,0.999997,-1,epoch_50,0.999997
11995,18ZC5063.JPG,2,3013.6,328,3108,374.4,0.999997,-1,epoch_50,0.999997
11996,18ZC5063.JPG,2,1268,1308,1302.4,1345.6,0.999997,-1,epoch_50,0.999997
11997,18ZC5063.JPG,2,2359.2,2196,2403.2,2224,0.999997,-1,epoch_50,0.999997
11998,18ZC5063.JPG,2,645.6,155.2,669.6,210.4,0.999997,-1,epoch_50,0.999997
11999,18ZC5063.JPG,2,3136.8,2196,3220,2253.6,0.999996,-1,epoch_50,0.999996
12000,18ZC5063.JPG,2,1226.4,962.4,1271.2,990.4,0.999996,-1,epoch_50,0.999996
12001,18ZC5063.JPG,2,2685.6,2864.8,2717.6,2900.8,0.999994,-1,epoch_50,0.999994
12002,18ZC5063.JPG,2,1268,1334.4,1301.6,1376,0.999993,-1,epoch_50,0.999993
12003,18ZC5063.JPG,2,2352,2320.8,2400.8,2343.2,0.999993,-1,epoch_50,0.999993
12004,18ZC5063.JPG,2,2657.6,2968,2697.6,2993.6,0.999992,-1,epoch_50,0.999992
12005,18ZC5063.JPG,2,1203.2,1086.4,1242.4,1141.6,0.999992,-1,epoch_50,0.999992
12006,18ZC5063.JPG,2,1128,1021.6,1187.2,1062.4,0.999992,-1,epoch_50,0.999992
12007,18ZC5063.JPG,2,589.6,108.8,625.6,165.6,0.999991,-1,epoch_50,0.999991
12008,18ZC5063.JPG,2,2349.6,2244.8,2414.4,2279.2,0.999991,-1,epoch_50,0.999991
12009,18ZC5063.JPG,2,2676,2923.2,2714.4,2956,0.999991,-1,epoch_50,0.999991
12010,18ZC5063.JPG,2,346.4,229.6,371.2,292.8,0.99999,-1,epoch_50,0.99999
12011,18ZC5063.JPG,2,1315.2,1243.2,1337.6,1283.2,0.99999,-1,epoch_50,0.99999
12012,18ZC5063.JPG,2,524.8,208.8,573.6,256,0.99999,-1,epoch_50,0.99999
12013,18ZC5063.JPG,2,1316,1285.6,1337.6,1336,0.999987,-1,epoch_50,0.999987
12014,18ZC5063.JPG,2,3176.8,2080.8,3226.4,2151.2,0.999986,-1,epoch_50,0.999986
12015,18ZC5063.JPG,2,2434.4,2934.4,2479.2,2965.6,0.999986,-1,epoch_50,0.999986
12016,18ZC5063.JPG,2,339.2,14.3999,382.4,63.2,0.999985,-1,epoch_50,0.999985
12017,18ZC5063.JPG,2,1372.8,1115.2,1402.4,1160.8,0.999982,-1,epoch_50,0.999982
12018,18ZC5063.JPG,2,2588,2906.4,2629.6,2935.2,0.999978,-1,epoch_50,0.999978
12019,18ZC5063.JPG,2,304,260.8,354.4,296,0.999978,-1,epoch_50,0.999978
12020,18ZC5063.JPG,2,2361.6,2918.4,2415.2,2953.6,0.999976,-1,epoch_50,0.999976
12021,18ZC5063.JPG,2,2400.8,886.4,2436,913.6,0.999975,-1,epoch_50,0.999975
12022,18ZC5063.JPG,2,404.8,217.6,456.8,265.6,0.999973,-1,epoch_50,0.999973
12023,18ZC5063.JPG,2,2726.4,2940.8,2755.2,2976.8,0.999971,-1,epoch_50,0.999971
12024,18ZC5063.JPG,2,522.4,39.2,588.8,93.6001,0.999971,-1,epoch_50,0.999971
12025,18ZC5063.JPG,2,398.4,33.6001,438.4,70.3999,0.999964,-1,epoch_50,0.999964
12026,18ZC5063.JPG,2,2192,2016,2230.4,2060.8,0.999961,-1,epoch_50,0.999961
12027,18ZC5063.JPG,2,1391.2,1176,1448,1202.4,0.999958,-1,epoch_50,0.999958
12028,18ZC5063.JPG,2,1441.6,1292,1473.6,1342.4,0.999956,-1,epoch_50,0.999956
12029,18ZC5063.JPG,2,1216,940.8,1261.6,977.6,0.999947,-1,epoch_50,0.999947
12030,18ZC5063.JPG,2,1193.6,889.6,1239.2,911.2,0.999947,-1,epoch_50,0.999947
12031,18ZC5063.JPG,2,782.4,210.4,817.6,252,0.999943,-1,epoch_50,0.999943
12032,18ZC5063.JPG,2,1520,96,1544.8,141.6,0.999942,-1,epoch_50,0.999942
12033,18ZC5063.JPG,2,255.2,208.8,293.6,261.6,0.99994,-1,epoch_50,0.99994
12034,18ZC5063.JPG,2,1216.8,889.6,1256.8,928.8,0.99994,-1,epoch_50,0.99994
12035,18ZC5063.JPG,2,2712.8,2993.6,2770.4,3016,0.999939,-1,epoch_50,0.999939
12036,18ZC5063.JPG,2,1339.2,1035.2,1401.6,1068,0.999928,-1,epoch_50,0.999928
12037,18ZC5063.JPG,2,2400,2348,2414.4,2383.2,0.999927,-1,epoch_50,0.999927
12038,18ZC5063.JPG,2,2702.4,2956.8,2725.6,3000,0.999926,-1,epoch_50,0.999926
12039,18ZC5063.JPG,2,2344.8,2268.8,2385.6,2299.2,0.999912,-1,epoch_50,0.999912
12040,18ZC5063.JPG,2,1387.2,2.3999,1472.8,73.6001,0.999908,-1,epoch_50,0.999908
12041,18ZC5063.JPG,2,660.8,232.8,698.4,271.2,0.999887,-1,epoch_50,0.999887
12042,18ZC5063.JPG,2,2720,3016.8,2764,3042.4,0.999881,-1,epoch_50,0.999881
12043,18ZC5063.JPG,2,1387.2,1267.2,1439.2,1296.8,0.999873,-1,epoch_50,0.999873
12044,18ZC5063.JPG,2,2560.8,1494.4,2610.4,1519.2,0.999871,-1,epoch_50,0.999871
12045,18ZC5063.JPG,2,2358.4,2296,2402.4,2320,0.999835,-1,epoch_50,0.999835
12046,18ZC5063.JPG,2,3218.4,2148.8,3255.2,2193.6,0.999822,-1,epoch_50,0.999822
12047,18ZC5063.JPG,2,2275.2,2298.4,2314.4,2332.8,0.999681,-1,epoch_50,0.999681
12048,18ZC5063.JPG,2,2764.8,3064,2798.4,3125.6,0.999528,-1,epoch_50,0.999528
12049,18ZC5063.JPG,2,2364,2339.2,2397.6,2372,0.999514,-1,epoch_50,0.999514
12050,18ZC5063.JPG,2,3676,1760,3775.2,1819.2,0.999469,-1,epoch_50,0.999469
12051,18ZC5063.JPG,2,3972,3271,4076,3336,0.999362,-1,epoch_50,0.999362
12052,18ZC5063.JPG,2,255.2,236.8,308.8,279.2,0.999304,-1,epoch_50,0.999304
12053,18ZC5063.JPG,2,1060,612.8,1112,637.6,0.999261,-1,epoch_50,0.999261
12054,18ZC5063.JPG,2,2626.4,2820,2656.8,2846.4,0.999254,-1,epoch_50,0.999254
12055,18ZC5063.JPG,2,1742.4,2221.6,1788,2243.2,0.998887,-1,epoch_50,0.998887
12056,18ZC5063.JPG,2,4288,3313,4374,3374,0.998794,-1,epoch_50,0.998794
12057,18ZC5063.JPG,2,3437,2773,3526,2903,0.99857,-1,epoch_50,0.99857
12058,18ZC5063.JPG,2,2657.6,2840.8,2689.6,2872.8,0.99821,-1,epoch_50,0.99821
12059,18ZC5063.JPG,2,2367.2,2388,2436,2398.4,0.997456,-1,epoch_50,0.997456
12060,18ZC5063.JPG,2,3009,1833,3097,1883,0.997323,-1,epoch_50,0.997323
12061,18ZC5063.JPG,2,5301,2946,5386,2995,0.997146,-1,epoch_50,0.997146
12062,18ZC5063.JPG,2,142,312,240,386,0.996914,-1,epoch_50,0.996914
12063,18ZC5063.JPG,2,3406,2485,3514,2531,0.996441,-1,epoch_50,0.996441
12064,18ZC5063.JPG,2,650.4,312,674.4,356.8,0.996427,-1,epoch_50,0.996427
12065,18ZC5063.JPG,2,345.6,542.4,422.4,600.8,0.996273,-1,epoch_50,0.996273
12066,18ZC5063.JPG,2,3893,1545,3962,1607,0.995787,-1,epoch_50,0.995787
12067,18ZC5063.JPG,2,2852,1497,2971,1565,0.995169,-1,epoch_50,0.995169
12068,18ZC5063.JPG,2,1181.6,938.4,1220,976.8,0.995118,-1,epoch_50,0.995118
12069,18ZC5063.JPG,2,683.2,193.6,716.8,218.4,0.995071,-1,epoch_50,0.995071
12070,18ZC5063.JPG,2,863.2,192.8,898.4,239.2,0.992752,-1,epoch_50,0.992752
12071,18ZC5063.JPG,2,2359.2,2361.6,2406.4,2396,0.992671,-1,epoch_50,0.992671
12072,18ZC5063.JPG,2,1336.8,1000.8,1392.8,1029.6,0.991804,-1,epoch_50,0.991804
12073,18ZC5063.JPG,2,671.2,189.6,692,219.2,0.991746,-1,epoch_50,0.991746
12074,18ZC5063.JPG,2,3503,3120,3557,3259,0.991616,-1,epoch_50,0.991616
12075,18ZC5063.JPG,2,3085,1795,3189,1872,0.990889,-1,epoch_50,0.990889
12076,18ZC5063.JPG,2,4603,1445,4686,1495,0.990261,-1,epoch_50,0.990261
12077,18ZC5063.JPG,2,1075.2,1159.2,1116,1181.6,0.989743,-1,epoch_50,0.989743
12078,18ZC5063.JPG,2,906,735,999,801,0.989244,-1,epoch_50,0.989244
12079,18ZC5063.JPG,2,655.2,101.6,711.2,136,0.987147,-1,epoch_50,0.987147
12080,18ZC5063.JPG,2,2647.2,2948,2682.4,2974.4,0.984594,-1,epoch_50,0.984594
12081,18ZC5063.JPG,2,1106.4,2143.2,1140.8,2163.2,0.9843,-1,epoch_50,0.9843
12082,18ZC5063.JPG,2,2721.6,2959.2,2765.6,2996.8,0.983769,-1,epoch_50,0.983769
12083,18ZC5063.JPG,2,3307,2476,3382,2536,0.98355,-1,epoch_50,0.98355
12084,18ZC5063.JPG,2,1441,1788,1514,1847,0.983271,-1,epoch_50,0.983271
12085,18ZC5063.JPG,2,3609,2458,3687,2532,0.980942,-1,epoch_50,0.980942
12086,18ZC5063.JPG,2,3436.8,2791.2,3464.8,2825.6,0.979231,-1,epoch_50,0.979231
12087,18ZC5063.JPG,2,3152,1890,3223,1979,0.97901,-1,epoch_50,0.97901
12088,18ZC5063.JPG,2,1607.2,1490.4,1640,1518.4,0.977825,-1,epoch_50,0.977825
12089,18ZC5063.JPG,2,3834,1821,3907,1904,0.97765,-1,epoch_50,0.97765
12090,18ZC5063.JPG,2,1136,809,1208,875,0.974233,-1,epoch_50,0.974233
12091,18ZC5063.JPG,2,2634.4,2980.8,2681.6,3027.2,0.973648,-1,epoch_50,0.973648
12092,18ZC5063.JPG,2,1582,1645,1655,1739,0.971516,-1,epoch_50,0.971516
12093,18ZC5063.JPG,2,3854,1619,3923,1684,0.968525,-1,epoch_50,0.968525
12094,18ZC5063.JPG,2,2777,1372,2870,1413,0.96709,-1,epoch_50,0.96709
12095,18ZC5063.JPG,2,4061,1989,4153,2045,0.965446,-1,epoch_50,0.965446
12096,18ZC5063.JPG,2,3577,534,3670,589,0.964637,-1,epoch_50,0.964637
12097,18ZC5063.JPG,2,3840,1760,3889.6,1812,0.958731,-1,epoch_50,0.958731
12098,18ZC5063.JPG,2,3906,1327,3958,1396,0.956198,-1,epoch_50,0.956198
12099,18ZC5063.JPG,2,1637,2175,1716,2288,0.95241,-1,epoch_50,0.95241
12100,18ZC5063.JPG,2,1103.2,1407.2,1141.6,1460.8,0.949106,-1,epoch_50,0.949106
12101,18ZC5063.JPG,2,1196.8,880,1233.6,897.6,0.943318,-1,epoch_50,0.943318
12102,18ZC5063.JPG,2,4234,2179,4317,2268,0.938457,-1,epoch_50,0.938457
12103,18ZC5063.JPG,2,1689,2003,1806,2075,0.938153,-1,epoch_50,0.938153
12104,18ZC5063.JPG,2,3645,2539,3755,2606,0.931643,-1,epoch_50,0.931643
12105,18ZC5063.JPG,2,2641.6,2812,2676.8,2832.8,0.929611,-1,epoch_50,0.929611
12106,18ZC5063.JPG,2,1549,1779,1611,1847,0.928872,-1,epoch_50,0.928872
12107,18ZC5063.JPG,2,2518.4,2875.2,2561.6,2916,0.927607,-1,epoch_50,0.927607
12108,18ZC5063.JPG,2,4541,2948,4634,3022,0.923623,-1,epoch_50,0.923623
12109,18ZC5063.JPG,2,676.8,176,716,203.2,0.906214,-1,epoch_50,0.906214
12110,18ZC5063.JPG,2,3678,621,3799,689,0.903362,-1,epoch_50,0.903362
12111,18ZC5063.JPG,2,3728,2548,3799,2619,0.902234,-1,epoch_50,0.902234
12112,18ZC5063.JPG,2,4189,2256,4259,2314,0.900976,-1,epoch_50,0.900976
12113,18ZC5063.JPG,2,3964,1341,4030,1428,0.892495,-1,epoch_50,0.892495
12114,18ZC5063.JPG,2,3039.2,1352,3066.4,1380,0.890595,-1,epoch_50,0.890595
12115,18ZC5063.JPG,2,3499,2576,3585,2640,0.890454,-1,epoch_50,0.890454
12116,18ZC5063.JPG,2,1341.6,1020,1395.2,1041.6,0.887412,-1,epoch_50,0.887412
12117,18ZC5063.JPG,2,685.6,143.2,722.4,180.8,0.886599,-1,epoch_50,0.886599
12118,18ZC5063.JPG,2,2595,2801,2677,2849,0.885541,-1,epoch_50,0.885541
12119,18ZC5063.JPG,2,3192,2229,3312,2324,0.884802,-1,epoch_50,0.884802
12120,18ZC5063.JPG,2,2290,1334,2352,1403,0.880158,-1,epoch_50,0.880158
12121,18ZC5063.JPG,2,1503,2053,1625,2117,0.877973,-1,epoch_50,0.877973
12122,18ZC5063.JPG,2,1067,754,1150,796,0.877232,-1,epoch_50,0.877232
12123,18ZC5063.JPG,2,1020.8,1394.4,1072.8,1431.2,0.874857,-1,epoch_50,0.874857
12124,18ZC5063.JPG,2,823,1130,942,1193,0.873157,-1,epoch_50,0.873157
12125,18ZC5063.JPG,2,679.2,880,719.2,901.6,0.860002,-1,epoch_50,0.860002
12126,18ZC5063.JPG,2,1518,2197,1628,2298,0.858413,-1,epoch_50,0.858413
12127,18ZC5063.JPG,2,1440,2317.6,1446.4,2380.8,0.853451,-1,epoch_50,0.853451
12128,18ZC5063.JPG,2,4320,3064.8,4410.4,3147.2,0.850626,-1,epoch_50,0.850626
12129,18ZC5063.JPG,2,1658,1871,1755,1932,0.848277,-1,epoch_50,0.848277
12130,18ZC5063.JPG,2,3817,1425,3911,1493,0.840188,-1,epoch_50,0.840188
12131,18ZC5063.JPG,2,1920,567.2,1938.4,639.2,0.834237,-1,epoch_50,0.834237
12132,18ZC5063.JPG,2,1654.4,296,1729.6,359.2,0.834112,-1,epoch_50,0.834112
12133,18ZC5063.JPG,2,3141,1375,3215,1432,0.827373,-1,epoch_50,0.827373
12134,18ZC5063.JPG,2,2976,1615,3060,1703,0.822105,-1,epoch_50,0.822105
12135,18ZC5063.JPG,2,1800,434,1923,487,0.813439,-1,epoch_50,0.813439
12136,18ZC5063.JPG,2,2544,1596,2665,1646,0.811194,-1,epoch_50,0.811194
12137,18ZC5063.JPG,2,409,285,494,373,0.807824,-1,epoch_50,0.807824
12138,18ZC5063.JPG,2,2521,1416,2605,1600,0.803874,-1,epoch_50,0.803874
12139,18ZC5063.JPG,2,1164,874,1259,980,0.802314,-1,epoch_50,0.802314
12140,18ZC5063.JPG,2,3581,1858,3670,1928,0.797176,-1,epoch_50,0.797176
12141,18ZC5063.JPG,2,4683,3021,4807,3073,0.794436,-1,epoch_50,0.794436
12142,18ZC5063.JPG,2,2090.4,889.6,2157.6,961.6,0.793066,-1,epoch_50,0.793066
12143,18ZC5063.JPG,2,1751.2,2264.8,1792.8,2287.2,0.765852,-1,epoch_50,0.765852
12144,18ZC5063.JPG,2,4307,2297,4375,2362,0.760524,-1,epoch_50,0.760524
12145,18ZC5063.JPG,2,3198,3608,3298,3668,0.760166,-1,epoch_50,0.760166
12146,18ZC5063.JPG,2,616.8,152,658.4,205.6,0.758711,-1,epoch_50,0.758711
12147,18ZC5063.JPG,2,3122,921,3214,967,0.757909,-1,epoch_50,0.757909
12148,18ZC5063.JPG,2,1769,1421,1852,1508,0.75645,-1,epoch_50,0.75645
12149,18ZC5063.JPG,2,2138,1014,2237,1066,0.752212,-1,epoch_50,0.752212
12150,18ZC5063.JPG,2,3259,2629,3357,2680,0.736283,-1,epoch_50,0.736283
12151,18ZC5063.JPG,2,3093,2205,3182,2326,0.70057,-1,epoch_50,0.70057
12152,18ZC5063.JPG,2,1996,880,2024.8,901.6,0.685638,-1,epoch_50,0.685638
12153,18ZC5063.JPG,2,1800,1252,1868,1328,0.679125,-1,epoch_50,0.679125
12154,18ZC5063.JPG,2,1587.2,2379.2,1652,2398.4,0.656659,-1,epoch_50,0.656659
12155,18ZC5063.JPG,2,672,77.6001,725.6,113.6,0.652436,-1,epoch_50,0.652436
12156,18ZC5063.JPG,2,3671.2,2651.2,3837.6,2730.4,0.638419,-1,epoch_50,0.638419
12157,18ZC5063.JPG,2,3384,3649,3471,3701,0.631582,-1,epoch_50,0.631582
12158,18ZC5063.JPG,2,3386,2545,3525,2601,0.625075,-1,epoch_50,0.625075
12159,18ZC5063.JPG,2,653,467,779,518,0.622142,-1,epoch_50,0.622142
12160,18ZC5063.JPG,2,770,398,865,449,0.613598,-1,epoch_50,0.613598
12161,18ZC5063.JPG,2,4258,2322,4355,2420,0.601893,-1,epoch_50,0.601893
12162,18ZC5063.JPG,2,655,211,759,267,0.597794,-1,epoch_50,0.597794
12163,18ZC5063.JPG,2,3550,2569,3660,2640,0.593208,-1,epoch_50,0.593208
12164,18ZC5063.JPG,2,3520,457,3613,502,0.585615,-1,epoch_50,0.585615
12165,18ZC5063.JPG,2,4097,3694,4182,3745,0.569988,-1,epoch_50,0.569988
12166,18ZC5063.JPG,2,2740.8,2982.4,2761.6,2997.6,0.505387,-1,epoch_50,0.505387
12167,18ZC5063.JPG,2,1440,1238.4,1444.8,1277.6,0.503188,-1,epoch_50,0.503188
12168,18ZC5063.JPG,2,1736.8,1951.2,1767.2,1976,0.322881,-1,epoch_50,0.322881
12169,18ZC5063.JPG,2,630.4,452,682.4,482.4,0.3068,-1,epoch_50,0.3068
12170,18ZC5063.JPG,2,1379.2,0,1432.8,13.6001,0.294705,-1,epoch_50,0.294705
12171,18ZC5063.JPG,2,1387.2,1253.6,1442.4,1275.2,0.263225,-1,epoch_50,0.263225
12172,18ZC5063.JPG,2,587.2,883.2,673.6,965.6,0.250156,-1,epoch_50,0.250156
12173,18ZC5063.JPG,2,1472.8,1155.2,1493.6,1202.4,0.211367,-1,epoch_50,0.211367
12174,18ZC5063.JPG,2,1547.2,1841.6,1578.4,1855.2,0.188367,-1,epoch_50,0.188367
12175,18ZC5063.JPG,2,2400,2385.6,2408.8,2398.4,0.186075,-1,epoch_50,0.186075
12176,18ZC5063.JPG,2,343.2,0,359.2,3.19995,0.146099,-1,epoch_50,0.146099
12177,18ZC5063.JPG,2,1070.4,1769.6,1108,1802.4,0.13133,-1,epoch_50,0.13133
12178,18ZC5063.JPG,2,3472.8,3269.6,3496.8,3278.4,0.120568,-1,epoch_50,0.120568
12179,18ZC5063.JPG,2,1829.6,633.6,1875.2,638.4,0.11966,-1,epoch_50,0.11966
12180,18ZC5063.JPG,2,4104,3524.8,4222.4,3635.2,0.102064,-1,epoch_50,0.102064
12181,18ZC5063.JPG,2,2303.2,2394.4,2340,2399.2,0.0963442,-1,epoch_50,0.0963442
12182,18ZC5063.JPG,2,1473.6,1824,1501.6,1879.2,0.0962389,-1,epoch_50,0.0962389
12183,18ZC5063.JPG,2,1398.4,2386.4,1436,2398.4,0.0800252,-1,epoch_50,0.0800252
12184,18ZC5063.JPG,2,288.8,0,367.2,5.6001,0.0723051,-1,epoch_50,0.0723051
12185,18ZC5063.JPG,2,3748,1980.8,3822.4,2048.8,0.0721985,-1,epoch_50,0.0721985
12186,18ZC5063.JPG,2,1532.8,2320.8,1544.8,2353.6,0.0712046,-1,epoch_50,0.0712046
12187,18ZC5063.JPG,2,370.4,628.8,424.8,637.6,0.0669978,-1,epoch_50,0.0669978
12188,18ZC5063.JPG,2,2665.6,2872.8,2691.2,2891.2,0.0637787,-1,epoch_50,0.0637787
12189,18ZC5063.JPG,2,1899.2,2032,1917.6,2057.6,0.0577416,-1,epoch_50,0.0577416
12190,18ZC5064.JPG,3,3002.4,1924.8,3080.8,2015.2,1,-1,epoch_50,1
12191,18ZC5064.JPG,3,3310.4,1212,3366.4,1240.8,1,-1,epoch_50,1
12192,18ZC5064.JPG,3,3252,1416,3306.4,1500,1,-1,epoch_50,1
12193,18ZC5064.JPG,3,3265.6,1458.4,3342.4,1516,1,-1,epoch_50,1
12194,18ZC5064.JPG,3,303.2,900.8,381.6,958.4,1,-1,epoch_50,1
12195,18ZC5064.JPG,3,4012,3558.4,4090.4,3640.8,1,-1,epoch_50,1
12196,18ZC5064.JPG,3,3346.4,1427.2,3413.6,1512,1,-1,epoch_50,1
12197,18ZC5064.JPG,3,2511.2,1243.2,2582.4,1320,0.999999,-1,epoch_50,0.999999
12198,18ZC5064.JPG,3,1248.8,1349.6,1324,1442.4,0.999999,-1,epoch_50,0.999999
12199,18ZC5064.JPG,3,608.8,583.2,681.6,638.4,0.999999,-1,epoch_50,0.999999
12200,18ZC5064.JPG,3,1174.4,1353.6,1252,1497.6,0.999999,-1,epoch_50,0.999999
12201,18ZC5064.JPG,3,255.2,960.8,342.4,1001.6,0.999999,-1,epoch_50,0.999999
12202,18ZC5064.JPG,3,3815.2,2658.4,3855.2,2778.4,0.999999,-1,epoch_50,0.999999
12203,18ZC5064.JPG,3,4054.4,3684.8,4100.8,3772,0.999999,-1,epoch_50,0.999999
12204,18ZC5064.JPG,3,3404,1376.8,3463.2,1456,0.999999,-1,epoch_50,0.999999
12205,18ZC5064.JPG,3,2438.4,2935.2,2470.4,2979.2,0.999999,-1,epoch_50,0.999999
12206,18ZC5064.JPG,3,590.4,1226.4,655.2,1302.4,0.999999,-1,epoch_50,0.999999
12207,18ZC5064.JPG,3,697.6,85.6001,739.2,116.8,0.999999,-1,epoch_50,0.999999
12208,18ZC5064.JPG,3,360.8,933.6,416.8,1001.6,0.999999,-1,epoch_50,0.999999
12209,18ZC5064.JPG,3,3600.8,1794.4,3648,1848,0.999999,-1,epoch_50,0.999999
12210,18ZC5064.JPG,3,3552,1446.4,3640,1496,0.999999,-1,epoch_50,0.999999
12211,18ZC5064.JPG,3,4024.8,3629.6,4089.6,3688,0.999998,-1,epoch_50,0.999998
12212,18ZC5064.JPG,3,2003.2,2120,2025.6,2162.4,0.999998,-1,epoch_50,0.999998
12213,18ZC5064.JPG,3,2504.8,2993.6,2553.6,3032,0.999998,-1,epoch_50,0.999998
12214,18ZC5064.JPG,3,519.2,333.6,568,366.4,0.999998,-1,epoch_50,0.999998
12215,18ZC5064.JPG,3,2362.4,980.8,2437.6,1050.4,0.999998,-1,epoch_50,0.999998
12216,18ZC5064.JPG,3,1833.6,2204,1878.4,2250.4,0.999998,-1,epoch_50,0.999998
12217,18ZC5064.JPG,3,2620,1134.4,2668,1236,0.999998,-1,epoch_50,0.999998
12218,18ZC5064.JPG,3,3516,1392,3561.6,1472.8,0.999998,-1,epoch_50,0.999998
12219,18ZC5064.JPG,3,298.4,1035.2,380,1066.4,0.999997,-1,epoch_50,0.999997
12220,18ZC5064.JPG,3,3657.6,1265.6,3701.6,1319.2,0.999997,-1,epoch_50,0.999997
12221,18ZC5064.JPG,3,2781.6,2125.6,2831.2,2167.2,0.999997,-1,epoch_50,0.999997
12222,18ZC5064.JPG,3,2846.4,2068,2900,2138.4,0.999997,-1,epoch_50,0.999997
12223,18ZC5064.JPG,3,3308,1407.2,3346.4,1489.6,0.999997,-1,epoch_50,0.999997
12224,18ZC5064.JPG,3,2487.2,2917.6,2527.2,2969.6,0.999997,-1,epoch_50,0.999997
12225,18ZC5064.JPG,3,3124,1793.6,3161.6,1853.6,0.999997,-1,epoch_50,0.999997
12226,18ZC5064.JPG,3,636.8,1232.8,709.6,1295.2,0.999997,-1,epoch_50,0.999997
12227,18ZC5064.JPG,3,2655.2,1152.8,2705.6,1265.6,0.999997,-1,epoch_50,0.999997
12228,18ZC5064.JPG,3,3361.6,1364.8,3395.2,1405.6,0.999997,-1,epoch_50,0.999997
12229,18ZC5064.JPG,3,3377.6,1765.6,3402.4,1810.4,0.999996,-1,epoch_50,0.999996
12230,18ZC5064.JPG,3,416,1299.2,467.2,1372.8,0.999996,-1,epoch_50,0.999996
12231,18ZC5064.JPG,3,2040,1929.6,2067.2,1973.6,0.999996,-1,epoch_50,0.999996
12232,18ZC5064.JPG,3,3488.8,1813.6,3574.4,1869.6,0.999996,-1,epoch_50,0.999996
12233,18ZC5064.JPG,3,3552.8,1356,3619.2,1449.6,0.999996,-1,epoch_50,0.999996
12234,18ZC5064.JPG,3,2168.8,2082.4,2199.2,2137.6,0.999995,-1,epoch_50,0.999995
12235,18ZC5064.JPG,3,459.2,396,508.8,436.8,0.999995,-1,epoch_50,0.999995
12236,18ZC5064.JPG,3,2190.4,2352,2215.2,2398.4,0.999995,-1,epoch_50,0.999995
12237,18ZC5064.JPG,3,1203.2,1163.2,1228,1202.4,0.999995,-1,epoch_50,0.999995
12238,18ZC5064.JPG,3,2690.4,1324,2758.4,1448,0.999995,-1,epoch_50,0.999995
12239,18ZC5064.JPG,3,2812,3006.4,2836.8,3043.2,0.999995,-1,epoch_50,0.999995
12240,18ZC5064.JPG,3,2918.4,880.8,2985.6,909.6,0.999994,-1,epoch_50,0.999994
12241,18ZC5064.JPG,3,2407.2,2377.6,2445.6,2399.2,0.999994,-1,epoch_50,0.999994
12242,18ZC5064.JPG,3,576,266.4,606.4,311.2,0.999994,-1,epoch_50,0.999994
12243,18ZC5064.JPG,3,2899.2,2062.4,2992,2144,0.999994,-1,epoch_50,0.999994
12244,18ZC5064.JPG,3,1896,2148,1918.4,2199.2,0.999994,-1,epoch_50,0.999994
12245,18ZC5064.JPG,3,1715.2,1940.8,1742.4,1993.6,0.999993,-1,epoch_50,0.999993
12246,18ZC5064.JPG,3,3427.2,1344.8,3496.8,1379.2,0.999993,-1,epoch_50,0.999993
12247,18ZC5064.JPG,3,2640.8,3197.6,2698.4,3237.6,0.999992,-1,epoch_50,0.999992
12248,18ZC5064.JPG,3,2735.2,1485.6,2760.8,1518.4,0.999992,-1,epoch_50,0.999992
12249,18ZC5064.JPG,3,1980,1812.8,2058.4,1867.2,0.999992,-1,epoch_50,0.999992
12250,18ZC5064.JPG,3,2100.8,2864,2126.4,2904,0.999992,-1,epoch_50,0.999992
12251,18ZC5064.JPG,3,658.4,1316.8,704.8,1351.2,0.999991,-1,epoch_50,0.999991
12252,18ZC5064.JPG,3,656.8,144.8,703.2,175.2,0.999991,-1,epoch_50,0.999991
12253,18ZC5064.JPG,3,318.4,1113.6,379.2,1160.8,0.999989,-1,epoch_50,0.999989
12254,18ZC5064.JPG,3,1189.6,1274.4,1243.2,1301.6,0.999989,-1,epoch_50,0.999989
12255,18ZC5064.JPG,3,182.4,376,224,430.4,0.999989,-1,epoch_50,0.999989
12256,18ZC5064.JPG,3,2110.4,2236.8,2140.8,2266.4,0.999988,-1,epoch_50,0.999988
12257,18ZC5064.JPG,3,3045.6,2301.6,3076,2341.6,0.999987,-1,epoch_50,0.999987
12258,18ZC5064.JPG,3,3480,1336.8,3551.2,1383.2,0.999987,-1,epoch_50,0.999987
12259,18ZC5064.JPG,3,1993.6,2160,2024.8,2204,0.999987,-1,epoch_50,0.999987
12260,18ZC5064.JPG,3,497.6,138.4,519.2,171.2,0.999986,-1,epoch_50,0.999986
12261,18ZC5064.JPG,3,480,1255.2,530.4,1298.4,0.999986,-1,epoch_50,0.999986
12262,18ZC5064.JPG,3,2400,1042.4,2432.8,1093.6,0.999986,-1,epoch_50,0.999986
12263,18ZC5064.JPG,3,2939.2,1860.8,2974.4,1912,0.999986,-1,epoch_50,0.999986
12264,18ZC5064.JPG,3,2737.6,3122.4,2775.2,3155.2,0.999985,-1,epoch_50,0.999985
12265,18ZC5064.JPG,3,3164,1447.2,3218.4,1516,0.999984,-1,epoch_50,0.999984
12266,18ZC5064.JPG,3,561.6,459.2,597.6,497.6,0.999984,-1,epoch_50,0.999984
12267,18ZC5064.JPG,3,428.8,171.2,451.2,225.6,0.999984,-1,epoch_50,0.999984
12268,18ZC5064.JPG,3,560.8,194.4,603.2,236.8,0.999984,-1,epoch_50,0.999984
12269,18ZC5064.JPG,3,595.2,1175.2,657.6,1247.2,0.999982,-1,epoch_50,0.999982
12270,18ZC5064.JPG,3,2484.8,1262.4,2536.8,1305.6,0.99998,-1,epoch_50,0.99998
12271,18ZC5064.JPG,3,3628.8,1845.6,3659.2,1888.8,0.99998,-1,epoch_50,0.99998
12272,18ZC5064.JPG,3,2947.2,2196,3018.4,2272,0.99998,-1,epoch_50,0.99998
12273,18ZC5064.JPG,3,696,103.2,741.6,141.6,0.999979,-1,epoch_50,0.999979
12274,18ZC5064.JPG,3,524.8,284.8,558.4,334.4,0.999979,-1,epoch_50,0.999979
12275,18ZC5064.JPG,3,587.2,505.6,628,539.2,0.999979,-1,epoch_50,0.999979
12276,18ZC5064.JPG,3,1555.2,1359.2,1593.6,1392.8,0.999978,-1,epoch_50,0.999978
12277,18ZC5064.JPG,3,271.2,1053.6,352,1122.4,0.999978,-1,epoch_50,0.999978
12278,18ZC5064.JPG,3,1073.6,1148.8,1108,1192.8,0.999978,-1,epoch_50,0.999978
12279,18ZC5064.JPG,3,2737.6,3139.2,2784.8,3169.6,0.999976,-1,epoch_50,0.999976
12280,18ZC5064.JPG,3,2772.8,3520.8,2808.8,3549.6,0.999976,-1,epoch_50,0.999976
12281,18ZC5064.JPG,3,652,117.6,676,156.8,0.999976,-1,epoch_50,0.999976
12282,18ZC5064.JPG,3,435.2,515.2,490.4,565.6,0.999974,-1,epoch_50,0.999974
12283,18ZC5064.JPG,3,1561.6,1488.8,1597.6,1518.4,0.999974,-1,epoch_50,0.999974
12284,18ZC5064.JPG,3,611.2,269.6,660.8,299.2,0.999973,-1,epoch_50,0.999973
12285,18ZC5064.JPG,3,2216,2372.8,2261.6,2398.4,0.99997,-1,epoch_50,0.99997
12286,18ZC5064.JPG,3,485.6,1205.6,585.6,1246.4,0.999969,-1,epoch_50,0.999969
12287,18ZC5064.JPG,3,4486.4,2640,4581.6,2676.8,0.999969,-1,epoch_50,0.999969
12288,18ZC5064.JPG,3,604.8,248,647.2,276.8,0.999968,-1,epoch_50,0.999968
12289,18ZC5064.JPG,3,5408.8,3740.8,5474.4,3821.6,0.999966,-1,epoch_50,0.999966
12290,18ZC5064.JPG,3,520,368,558.4,392,0.999965,-1,epoch_50,0.999965
12291,18ZC5064.JPG,3,2137.6,2306.4,2172.8,2361.6,0.999964,-1,epoch_50,0.999964
12292,18ZC5064.JPG,3,2800.8,1065.6,2838.4,1112.8,0.999962,-1,epoch_50,0.999962
12293,18ZC5064.JPG,3,1106.4,1217.6,1136,1266.4,0.999962,-1,epoch_50,0.999962
12294,18ZC5064.JPG,3,481.6,253.6,516,310.4,0.999961,-1,epoch_50,0.999961
12295,18ZC5064.JPG,3,1156.8,1221.6,1184,1272,0.99996,-1,epoch_50,0.99996
12296,18ZC5064.JPG,3,670.4,1812.8,726.4,1833.6,0.999958,-1,epoch_50,0.999958
12297,18ZC5064.JPG,3,1004,1214.4,1047.2,1271.2,0.999957,-1,epoch_50,0.999957
12298,18ZC5064.JPG,3,161.6,964,196.8,1009.6,0.999953,-1,epoch_50,0.999953
12299,18ZC5064.JPG,3,2528.8,1392,2548,1422.4,0.999943,-1,epoch_50,0.999943
12300,18ZC5064.JPG,3,2888,2129.6,2972,2193.6,0.999938,-1,epoch_50,0.999938
12301,18ZC5064.JPG,3,2228.8,2327.2,2254.4,2353.6,0.999937,-1,epoch_50,0.999937
12302,18ZC5064.JPG,3,3004.8,2160,3059.2,2241.6,0.999935,-1,epoch_50,0.999935
12303,18ZC5064.JPG,3,3188,3744.8,3219.2,3780,0.999934,-1,epoch_50,0.999934
12304,18ZC5064.JPG,3,534.4,1184,570.4,1219.2,0.999931,-1,epoch_50,0.999931
12305,18ZC5064.JPG,3,490.4,445.6,516.8,483.2,0.999931,-1,epoch_50,0.999931
12306,18ZC5064.JPG,3,500,576.8,532,636.8,0.999929,-1,epoch_50,0.999929
12307,18ZC5064.JPG,3,2732.8,3070.4,2770.4,3108,0.999926,-1,epoch_50,0.999926
12308,18ZC5064.JPG,3,2084.8,2109.6,2110.4,2171.2,0.999926,-1,epoch_50,0.999926
12309,18ZC5064.JPG,3,1932.8,2184.8,1954.4,2239.2,0.999921,-1,epoch_50,0.999921
12310,18ZC5064.JPG,3,2708,3069.6,2755.2,3095.2,0.999921,-1,epoch_50,0.999921
12311,18ZC5064.JPG,3,1075.2,1195.2,1102.4,1250.4,0.999904,-1,epoch_50,0.999904
12312,18ZC5064.JPG,3,2611.2,2819.2,2648.8,2842.4,0.999897,-1,epoch_50,0.999897
12313,18ZC5064.JPG,3,419.2,380.8,444,422.4,0.999887,-1,epoch_50,0.999887
12314,18ZC5064.JPG,3,366.4,326.4,415.2,353.6,0.999885,-1,epoch_50,0.999885
12315,18ZC5064.JPG,3,1370.4,1919.2,1406.4,1948,0.999875,-1,epoch_50,0.999875
12316,18ZC5064.JPG,3,879.2,1012,958.4,1070.4,0.999874,-1,epoch_50,0.999874
12317,18ZC5064.JPG,3,217.6,600,280,636.8,0.999871,-1,epoch_50,0.999871
12318,18ZC5064.JPG,3,2708.8,3048.8,2753.6,3079.2,0.999871,-1,epoch_50,0.999871
12319,18ZC5064.JPG,3,2561.6,2093.6,2614.4,2116,0.999865,-1,epoch_50,0.999865
12320,18ZC5064.JPG,3,1899.2,2204.8,1938.4,2260,0.999853,-1,epoch_50,0.999853
12321,18ZC5064.JPG,3,3451.2,1812,3464.8,1866.4,0.999853,-1,epoch_50,0.999853
12322,18ZC5064.JPG,3,3228,3801.6,3255.2,3828.8,0.99984,-1,epoch_50,0.99984
12323,18ZC5064.JPG,3,747.2,2096.8,802.4,2136,0.999838,-1,epoch_50,0.999838
12324,18ZC5064.JPG,3,1484.8,1959.2,1526.4,2047.2,0.999828,-1,epoch_50,0.999828
12325,18ZC5064.JPG,3,336.8,1349.6,388.8,1441.6,0.999827,-1,epoch_50,0.999827
12326,18ZC5064.JPG,3,687.2,1408,706.4,1432.8,0.99982,-1,epoch_50,0.99982
12327,18ZC5064.JPG,3,1974.4,1846.4,2039.2,1885.6,0.9998,-1,epoch_50,0.9998
12328,18ZC5064.JPG,3,1606.4,1317.6,1634.4,1378.4,0.999798,-1,epoch_50,0.999798
12329,18ZC5064.JPG,3,2225.6,2774.4,2256,2831.2,0.999795,-1,epoch_50,0.999795
12330,18ZC5064.JPG,3,1585.6,1404.8,1629.6,1437.6,0.999776,-1,epoch_50,0.999776
12331,18ZC5064.JPG,3,1943.2,2114.4,1972.8,2147.2,0.999774,-1,epoch_50,0.999774
12332,18ZC5064.JPG,3,3053.6,2156.8,3081.6,2204,0.999767,-1,epoch_50,0.999767
12333,18ZC5064.JPG,3,550.4,399.2,592,436,0.999748,-1,epoch_50,0.999748
12334,18ZC5064.JPG,3,3132.8,1766.4,3186.4,1813.6,0.999737,-1,epoch_50,0.999737
12335,18ZC5064.JPG,3,1125.6,1380,1166.4,1408,0.999723,-1,epoch_50,0.999723
12336,18ZC5064.JPG,3,67.2,1760.8,132.8,1811.2,0.999701,-1,epoch_50,0.999701
12337,18ZC5064.JPG,3,1954.4,2231.2,1993.6,2266.4,0.999694,-1,epoch_50,0.999694
12338,18ZC5064.JPG,3,1915.2,2180,1939.2,2228.8,0.999682,-1,epoch_50,0.999682
12339,18ZC5064.JPG,3,177.6,1016,244,1066.4,0.999649,-1,epoch_50,0.999649
12340,18ZC5064.JPG,3,537.6,1298.4,601.6,1365.6,0.99957,-1,epoch_50,0.99957
12341,18ZC5064.JPG,3,2988.8,896.8,3011.2,929.6,0.999569,-1,epoch_50,0.999569
12342,18ZC5064.JPG,3,412.8,211.2,442.4,233.6,0.999524,-1,epoch_50,0.999524
12343,18ZC5064.JPG,3,1567,1697,1642,1770,0.999447,-1,epoch_50,0.999447
12344,18ZC5064.JPG,3,2665.6,2994.4,2692,3046.4,0.999436,-1,epoch_50,0.999436
12345,18ZC5064.JPG,3,480,530.4,499.2,564,0.999397,-1,epoch_50,0.999397
12346,18ZC5064.JPG,3,3515.2,1485.6,3612,1518.4,0.999352,-1,epoch_50,0.999352
12347,18ZC5064.JPG,3,1232,1300,1264.8,1350.4,0.999311,-1,epoch_50,0.999311
12348,18ZC5064.JPG,3,662.4,1866.4,690.4,1912,0.999122,-1,epoch_50,0.999122
12349,18ZC5064.JPG,3,2848.8,3214.4,2908.8,3246.4,0.999118,-1,epoch_50,0.999118
12350,18ZC5064.JPG,3,2848,3180.8,2902.4,3210.4,0.999039,-1,epoch_50,0.999039
12351,18ZC5064.JPG,3,1555.2,1408.8,1579.2,1450.4,0.99888,-1,epoch_50,0.99888
12352,18ZC5064.JPG,3,2585.6,2796.8,2625.6,2823.2,0.99881,-1,epoch_50,0.99881
12353,18ZC5064.JPG,3,1748,1298,1823,1344,0.998789,-1,epoch_50,0.998789
12354,18ZC5064.JPG,3,1562.4,1760.8,1630.4,1800,0.998704,-1,epoch_50,0.998704
12355,18ZC5064.JPG,3,822.4,1356,876,1440,0.998691,-1,epoch_50,0.998691
12356,18ZC5064.JPG,3,254.4,1134.4,359.2,1187.2,0.998641,-1,epoch_50,0.998641
12357,18ZC5064.JPG,3,3396,1327.2,3424,1365.6,0.998578,-1,epoch_50,0.998578
12358,18ZC5064.JPG,3,2060.8,2897.6,2148.8,2947.2,0.998501,-1,epoch_50,0.998501
12359,18ZC5064.JPG,3,2185.6,2072.8,2220,2113.6,0.998455,-1,epoch_50,0.998455
12360,18ZC5064.JPG,3,380,1291.2,432,1320.8,0.998428,-1,epoch_50,0.998428
12361,18ZC5064.JPG,3,264.8,1182.4,356.8,1213.6,0.998295,-1,epoch_50,0.998295
12362,18ZC5064.JPG,3,2082.4,2682.4,2126.4,2707.2,0.998019,-1,epoch_50,0.998019
12363,18ZC5064.JPG,3,466.4,239.2,499.2,275.2,0.997962,-1,epoch_50,0.997962
12364,18ZC5064.JPG,3,1133,1602,1224,1675,0.997701,-1,epoch_50,0.997701
12365,18ZC5064.JPG,3,705.6,152.8,738.4,192.8,0.997661,-1,epoch_50,0.997661
12366,18ZC5064.JPG,3,477.6,58.3999,502.4,92,0.997636,-1,epoch_50,0.997636
12367,18ZC5064.JPG,3,2534,1727,2625,1774,0.997564,-1,epoch_50,0.997564
12368,18ZC5064.JPG,3,2489.6,1320,2504.8,1353.6,0.997344,-1,epoch_50,0.997344
12369,18ZC5064.JPG,3,2431.2,3227.2,2468.8,3248,0.997313,-1,epoch_50,0.997313
12370,18ZC5064.JPG,3,3185.6,3789.6,3211.2,3821.6,0.997111,-1,epoch_50,0.997111
12371,18ZC5064.JPG,3,960,1904,995.2,1983.2,0.996989,-1,epoch_50,0.996989
12372,18ZC5064.JPG,3,513.6,240,559.2,272,0.996972,-1,epoch_50,0.996972
12373,18ZC5064.JPG,3,3116,1610,3212,1675,0.996919,-1,epoch_50,0.996919
12374,18ZC5064.JPG,3,1992.8,1936,2020.8,1968,0.996699,-1,epoch_50,0.996699
12375,18ZC5064.JPG,3,2135.2,2026.4,2184,2054.4,0.996498,-1,epoch_50,0.996498
12376,18ZC5064.JPG,3,1570.4,1404,1591.2,1433.6,0.996332,-1,epoch_50,0.996332
12377,18ZC5064.JPG,3,4607,3112,4715,3171,0.995819,-1,epoch_50,0.995819
12378,18ZC5064.JPG,3,532.8,439.2,584,464.8,0.995816,-1,epoch_50,0.995816
12379,18ZC5064.JPG,3,2857.6,2179.2,2935.2,2232.8,0.995466,-1,epoch_50,0.995466
12380,18ZC5064.JPG,3,264,984,354.4,1034.4,0.995405,-1,epoch_50,0.995405
12381,18ZC5064.JPG,3,2145.6,2169.6,2193.6,2191.2,0.995359,-1,epoch_50,0.995359
12382,18ZC5064.JPG,3,1564,1443.2,1592.8,1476,0.995257,-1,epoch_50,0.995257
12383,18ZC5064.JPG,3,536,576,572,612.8,0.995211,-1,epoch_50,0.995211
12384,18ZC5064.JPG,3,3103.2,3667.2,3152.8,3709.6,0.99442,-1,epoch_50,0.99442
12385,18ZC5064.JPG,3,3092,2100.8,3126.4,2148.8,0.994406,-1,epoch_50,0.994406
12386,18ZC5064.JPG,3,2230.4,2352.8,2263.2,2376,0.994223,-1,epoch_50,0.994223
12387,18ZC5064.JPG,3,5213,2831,5327,2896,0.994043,-1,epoch_50,0.994043
12388,18ZC5064.JPG,3,3565.6,1296.8,3618.4,1356.8,0.993666,-1,epoch_50,0.993666
12389,18ZC5064.JPG,3,1351,1410,1416,1475,0.992792,-1,epoch_50,0.992792
12390,18ZC5064.JPG,3,510.4,227.2,548,252,0.992698,-1,epoch_50,0.992698
12391,18ZC5064.JPG,3,3356,1762.4,3384,1832.8,0.992657,-1,epoch_50,0.992657
12392,18ZC5064.JPG,3,2677,3262,2758,3315,0.992008,-1,epoch_50,0.992008
12393,18ZC5064.JPG,3,220,121,317,202,0.991967,-1,epoch_50,0.991967
12394,18ZC5064.JPG,3,581.6,586.4,610.4,627.2,0.991964,-1,epoch_50,0.991964
12395,18ZC5064.JPG,3,5083,2735,5211,2789,0.991694,-1,epoch_50,0.991694
12396,18ZC5064.JPG,3,1958.4,2323.2,2001.6,2348,0.990836,-1,epoch_50,0.990836
12397,18ZC5064.JPG,3,2600,2949.6,2659.2,2969.6,0.99067,-1,epoch_50,0.99067
12398,18ZC5064.JPG,3,488.8,13.6001,524,50.3999,0.990317,-1,epoch_50,0.990317
12399,18ZC5064.JPG,3,3105.6,1367.2,3145.6,1401.6,0.990113,-1,epoch_50,0.990113
12400,18ZC5064.JPG,3,691.2,1916.8,730.4,1939.2,0.989915,-1,epoch_50,0.989915
12401,18ZC5064.JPG,3,3281,1690,3392,1756,0.989833,-1,epoch_50,0.989833
12402,18ZC5064.JPG,3,507.2,190.4,532,220.8,0.989392,-1,epoch_50,0.989392
12403,18ZC5064.JPG,3,848.8,1327.2,877.6,1360,0.989234,-1,epoch_50,0.989234
12404,18ZC5064.JPG,3,456,1281.6,507.2,1370.4,0.98923,-1,epoch_50,0.98923
12405,18ZC5064.JPG,3,895.2,1862.4,934.4,1881.6,0.989191,-1,epoch_50,0.989191
12406,18ZC5064.JPG,3,3545,2433,3605,2491,0.988374,-1,epoch_50,0.988374
12407,18ZC5064.JPG,3,196.8,1191.2,293.6,1231.2,0.988024,-1,epoch_50,0.988024
12408,18ZC5064.JPG,3,3046,2409,3145,2461,0.987893,-1,epoch_50,0.987893
12409,18ZC5064.JPG,3,689.6,196.8,717.6,244.8,0.98682,-1,epoch_50,0.98682
12410,18ZC5064.JPG,3,1933.6,2013.6,1972,2049.6,0.986099,-1,epoch_50,0.986099
12411,18ZC5064.JPG,3,1064,301,1130,361,0.98566,-1,epoch_50,0.98566
12412,18ZC5064.JPG,3,1813.6,2029.6,1834.4,2065.6,0.985118,-1,epoch_50,0.985118
12413,18ZC5064.JPG,3,1135.2,1129.6,1161.6,1153.6,0.984958,-1,epoch_50,0.984958
12414,18ZC5064.JPG,3,1239,1656,1396,1751,0.984935,-1,epoch_50,0.984935
12415,18ZC5064.JPG,3,2501.6,1414.4,2599.2,1516,0.984798,-1,epoch_50,0.984798
12416,18ZC5064.JPG,3,3222.4,1489.6,3256,1517.6,0.982493,-1,epoch_50,0.982493
12417,18ZC5064.JPG,3,631.2,1860,660.8,1885.6,0.981804,-1,epoch_50,0.981804
12418,18ZC5064.JPG,3,523.2,79.2,553.6,144.8,0.981237,-1,epoch_50,0.981237
12419,18ZC5064.JPG,3,445.6,89.6001,475.2,116,0.980638,-1,epoch_50,0.980638
12420,18ZC5064.JPG,3,2545,2594,2606,2676,0.979956,-1,epoch_50,0.979956
12421,18ZC5064.JPG,3,635.2,172,673.6,211.2,0.979589,-1,epoch_50,0.979589
12422,18ZC5064.JPG,3,2915,882,3005,971,0.977641,-1,epoch_50,0.977641
12423,18ZC5064.JPG,3,2575,2799,2648,2866,0.977364,-1,epoch_50,0.977364
12424,18ZC5064.JPG,3,480,881.6,498.4,923.2,0.975906,-1,epoch_50,0.975906
12425,18ZC5064.JPG,3,3160.8,3668.8,3200.8,3706.4,0.973798,-1,epoch_50,0.973798
12426,18ZC5064.JPG,3,1163,1263,1252,1330,0.973567,-1,epoch_50,0.973567
12427,18ZC5064.JPG,3,543.2,348,580,386.4,0.97327,-1,epoch_50,0.97327
12428,18ZC5064.JPG,3,527.2,460,577.6,484.8,0.972539,-1,epoch_50,0.972539
12429,18ZC5064.JPG,3,3360,1216.8,3365.6,1239.2,0.966519,-1,epoch_50,0.966519
12430,18ZC5064.JPG,3,520.8,142.4,559.2,182.4,0.961939,-1,epoch_50,0.961939
12431,18ZC5064.JPG,3,149.6,271.2,185.6,293.6,0.958642,-1,epoch_50,0.958642
12432,18ZC5064.JPG,3,531,692,610,759,0.957765,-1,epoch_50,0.957765
12433,18ZC5064.JPG,3,2136,2168,2216,2232,0.957325,-1,epoch_50,0.957325
12434,18ZC5064.JPG,3,500,818,608,879,0.956377,-1,epoch_50,0.956377
12435,18ZC5064.JPG,3,2681.6,2929.6,2708,2970.4,0.953421,-1,epoch_50,0.953421
12436,18ZC5064.JPG,3,697.6,1432.8,724.8,1456.8,0.952459,-1,epoch_50,0.952459
12437,18ZC5064.JPG,3,548,1355.2,624,1418.4,0.952278,-1,epoch_50,0.952278
12438,18ZC5064.JPG,3,1926.4,2156,1970.4,2187.2,0.951276,-1,epoch_50,0.951276
12439,18ZC5064.JPG,3,2696,3263.2,2755.2,3279.2,0.950658,-1,epoch_50,0.950658
12440,18ZC5064.JPG,3,402.4,137.6,434.4,166.4,0.949978,-1,epoch_50,0.949978
12441,18ZC5064.JPG,3,2921,2303,3049,2367,0.949023,-1,epoch_50,0.949023
12442,18ZC5064.JPG,3,2157,2521,2227,2627,0.948613,-1,epoch_50,0.948613
12443,18ZC5064.JPG,3,4021,1852,4090,1909,0.947633,-1,epoch_50,0.947633
12444,18ZC5064.JPG,3,2735.2,2959.2,2774.4,2990.4,0.94404,-1,epoch_50,0.94404
12445,18ZC5064.JPG,3,439,697,513,769,0.94372,-1,epoch_50,0.94372
12446,18ZC5064.JPG,3,1441.6,1984.8,1464,2020,0.942292,-1,epoch_50,0.942292
12447,18ZC5064.JPG,3,620.8,409.6,644,454.4,0.942086,-1,epoch_50,0.942086
12448,18ZC5064.JPG,3,248.8,1240,322.4,1290.4,0.937989,-1,epoch_50,0.937989
12449,18ZC5064.JPG,3,524,385.6,554.4,414.4,0.937374,-1,epoch_50,0.937374
12450,18ZC5064.JPG,3,560,524.8,584,566.4,0.934967,-1,epoch_50,0.934967
12451,18ZC5064.JPG,3,2233.6,2392,2277.6,2398.4,0.933427,-1,epoch_50,0.933427
12452,18ZC5064.JPG,3,1805,2419,1924,2484,0.932954,-1,epoch_50,0.932954
12453,18ZC5064.JPG,3,548,153.6,580.8,177.6,0.93294,-1,epoch_50,0.93294
12454,18ZC5064.JPG,3,3210,2562,3276,2634,0.931804,-1,epoch_50,0.931804
12455,18ZC5064.JPG,3,1257,1558,1329,1637,0.927983,-1,epoch_50,0.927983
12456,18ZC5064.JPG,3,326.4,993.6,438.4,1038.4,0.922233,-1,epoch_50,0.922233
12457,18ZC5064.JPG,3,1624,2113,1694,2178,0.921361,-1,epoch_50,0.921361
12458,18ZC5064.JPG,3,2977,1640,3069,1696,0.919936,-1,epoch_50,0.919936
12459,18ZC5064.JPG,3,2878,3427,2956,3486,0.919341,-1,epoch_50,0.919341
12460,18ZC5064.JPG,3,1398,1815,1507,1882,0.918012,-1,epoch_50,0.918012
12461,18ZC5064.JPG,3,2864,1512,2961,1582,0.914819,-1,epoch_50,0.914819
12462,18ZC5064.JPG,3,5416,3533,5471,3602,0.913269,-1,epoch_50,0.913269
12463,18ZC5064.JPG,3,2178.4,2341.6,2203.2,2373.6,0.910589,-1,epoch_50,0.910589
12464,18ZC5064.JPG,3,1649.6,2236,1684.8,2262.4,0.910395,-1,epoch_50,0.910395
12465,18ZC5064.JPG,3,200,907,303,965,0.90928,-1,epoch_50,0.90928
12466,18ZC5064.JPG,3,1464,1920,1524.8,2004.8,0.901766,-1,epoch_50,0.901766
12467,18ZC5064.JPG,3,5009,2643,5150,2706,0.900696,-1,epoch_50,0.900696
12468,18ZC5064.JPG,3,3660,2054,3734,2107,0.898039,-1,epoch_50,0.898039
12469,18ZC5064.JPG,3,500.8,631.2,544.8,638.4,0.896359,-1,epoch_50,0.896359
12470,18ZC5064.JPG,3,3484,1475.2,3509.6,1517.6,0.896084,-1,epoch_50,0.896084
12471,18ZC5064.JPG,3,2081,2983,2178,3047,0.893714,-1,epoch_50,0.893714
12472,18ZC5064.JPG,3,3120,1738,3241,1789,0.892233,-1,epoch_50,0.892233
12473,18ZC5064.JPG,3,1428,1696,1506,1754,0.890114,-1,epoch_50,0.890114
12474,18ZC5064.JPG,3,2215,2269,2298,2323,0.89004,-1,epoch_50,0.89004
12475,18ZC5064.JPG,3,1967,2488,2032,2560,0.889542,-1,epoch_50,0.889542
12476,18ZC5064.JPG,3,2078,2237,2154,2294,0.880526,-1,epoch_50,0.880526
12477,18ZC5064.JPG,3,152,820,272,891,0.879421,-1,epoch_50,0.879421
12478,18ZC5064.JPG,3,194,658,301,730,0.877533,-1,epoch_50,0.877533
12479,18ZC5064.JPG,3,1598.4,1437.6,1624.8,1478.4,0.875675,-1,epoch_50,0.875675
12480,18ZC5064.JPG,3,3112,2473,3217,2529,0.87497,-1,epoch_50,0.87497
12481,18ZC5064.JPG,3,580,1639,679,1697,0.874326,-1,epoch_50,0.874326
12482,18ZC5064.JPG,3,2696.8,3118.4,2732,3154.4,0.872917,-1,epoch_50,0.872917
12483,18ZC5064.JPG,3,1549,1357,1620,1452,0.866704,-1,epoch_50,0.866704
12484,18ZC5064.JPG,3,1730,1923,1791,1986,0.866424,-1,epoch_50,0.866424
12485,18ZC5064.JPG,3,960,1268.8,967.2,1292,0.863321,-1,epoch_50,0.863321
12486,18ZC5064.JPG,3,2902,783,2983,857,0.852997,-1,epoch_50,0.852997
12487,18ZC5064.JPG,3,3421.6,1366.4,3496,1414.4,0.852578,-1,epoch_50,0.852578
12488,18ZC5064.JPG,3,2213,2407,2301,2461,0.851735,-1,epoch_50,0.851735
12489,18ZC5064.JPG,3,467,1518,583,1592,0.848562,-1,epoch_50,0.848562
12490,18ZC5064.JPG,3,1535,1457,1602,1551,0.833583,-1,epoch_50,0.833583
12491,18ZC5064.JPG,3,349,327,424,418,0.821816,-1,epoch_50,0.821816
12492,18ZC5064.JPG,3,386.4,266.4,416,302.4,0.820379,-1,epoch_50,0.820379
12493,18ZC5064.JPG,3,2161,2336,2234,2407,0.820289,-1,epoch_50,0.820289
12494,18ZC5064.JPG,3,2924,839,3015,878,0.819851,-1,epoch_50,0.819851
12495,18ZC5064.JPG,3,588,517,677,581,0.813472,-1,epoch_50,0.813472
12496,18ZC5064.JPG,3,4332,3600,4390,3663,0.806513,-1,epoch_50,0.806513
12497,18ZC5064.JPG,3,4628,3567,4708,3628,0.805031,-1,epoch_50,0.805031
12498,18ZC5064.JPG,3,3010,2107,3076,2167,0.802687,-1,epoch_50,0.802687
12499,18ZC5064.JPG,3,2880,1503.2,2966.4,1519.2,0.800273,-1,epoch_50,0.800273
12500,18ZC5064.JPG,3,365,1584,460,1650,0.799747,-1,epoch_50,0.799747
12501,18ZC5064.JPG,3,1510,806,1617,850,0.790649,-1,epoch_50,0.790649
12502,18ZC5064.JPG,3,347.2,1288,370.4,1321.6,0.78371,-1,epoch_50,0.78371
12503,18ZC5064.JPG,3,2122,1958,2211,2016,0.77819,-1,epoch_50,0.77819
12504,18ZC5064.JPG,3,480.8,220.8,515.2,255.2,0.772935,-1,epoch_50,0.772935
12505,18ZC5064.JPG,3,723.2,1884.8,756,1911.2,0.766556,-1,epoch_50,0.766556
12506,18ZC5064.JPG,3,3031.2,2115.2,3064,2144.8,0.757921,-1,epoch_50,0.757921
12507,18ZC5064.JPG,3,2854.4,3204,2905.6,3222.4,0.728908,-1,epoch_50,0.728908
12508,18ZC5064.JPG,3,526.4,4.80005,575.2,33.6001,0.706254,-1,epoch_50,0.706254
12509,18ZC5064.JPG,3,544,382.4,584.8,404,0.688937,-1,epoch_50,0.688937
12510,18ZC5064.JPG,3,1415.2,1932.8,1458.4,2012.8,0.682779,-1,epoch_50,0.682779
12511,18ZC5064.JPG,3,3852.8,3681.6,3876.8,3723.2,0.668105,-1,epoch_50,0.668105
12512,18ZC5064.JPG,3,3111.2,3808,3138.4,3836,0.657192,-1,epoch_50,0.657192
12513,18ZC5064.JPG,3,964.8,1112.8,1008,1158.4,0.654984,-1,epoch_50,0.654984
12514,18ZC5064.JPG,3,2499.2,1454.4,2504.8,1488.8,0.635472,-1,epoch_50,0.635472
12515,18ZC5064.JPG,3,794.4,1414.4,820.8,1436,0.615034,-1,epoch_50,0.615034
12516,18ZC5064.JPG,3,2495.2,1094.4,2532.8,1115.2,0.603166,-1,epoch_50,0.603166
12517,18ZC5064.JPG,3,2934.4,2068.8,2981.6,2107.2,0.582623,-1,epoch_50,0.582623
12518,18ZC5064.JPG,3,531.2,0,561.6,10.3999,0.581379,-1,epoch_50,0.581379
12519,18ZC5064.JPG,3,249.6,1344,316,1388,0.571163,-1,epoch_50,0.571163
12520,18ZC5064.JPG,3,1654.4,1852.8,1697.6,1892.8,0.567091,-1,epoch_50,0.567091
12521,18ZC5064.JPG,3,2937.6,2237.6,2958.4,2270.4,0.549823,-1,epoch_50,0.549823
12522,18ZC5064.JPG,3,1136.8,2700.8,1165.6,2726.4,0.543911,-1,epoch_50,0.543911
12523,18ZC5064.JPG,3,466.4,440.8,497.6,462.4,0.524207,-1,epoch_50,0.524207
12524,18ZC5064.JPG,3,763.2,1176.8,785.6,1220.8,0.486453,-1,epoch_50,0.486453
12525,18ZC5064.JPG,3,3093.6,3805.6,3121.6,3818.4,0.485714,-1,epoch_50,0.485714
12526,18ZC5064.JPG,3,960,1115.2,976,1188,0.481467,-1,epoch_50,0.481467
12527,18ZC5064.JPG,3,2173.6,2046.4,2221.6,2076.8,0.462235,-1,epoch_50,0.462235
12528,18ZC5064.JPG,3,438.4,1191.2,477.6,1218.4,0.461397,-1,epoch_50,0.461397
12529,18ZC5064.JPG,3,3231.2,1404,3268.8,1436.8,0.451486,-1,epoch_50,0.451486
12530,18ZC5064.JPG,3,1546.4,1384.8,1596.8,1408,0.432258,-1,epoch_50,0.432258
12531,18ZC5064.JPG,3,651.2,445.6,685.6,492,0.405837,-1,epoch_50,0.405837
12532,18ZC5064.JPG,3,364,24.8,408,59.2,0.393917,-1,epoch_50,0.393917
12533,18ZC5064.JPG,3,475.2,175.2,512,200,0.386061,-1,epoch_50,0.386061
12534,18ZC5064.JPG,3,3504,1461.6,3539.2,1501.6,0.357936,-1,epoch_50,0.357936
12535,18ZC5064.JPG,3,3141.6,1760,3223.2,1771.2,0.346852,-1,epoch_50,0.346852
12536,18ZC5064.JPG,3,1532,1843.2,1544.8,1872.8,0.345365,-1,epoch_50,0.345365
12537,18ZC5064.JPG,3,1826.4,2020,1843.2,2063.2,0.326455,-1,epoch_50,0.326455
12538,18ZC5064.JPG,3,2150.4,2703.2,2249.6,2757.6,0.307271,-1,epoch_50,0.307271
12539,18ZC5064.JPG,3,798.4,1828,833.6,1877.6,0.28116,-1,epoch_50,0.28116
12540,18ZC5064.JPG,3,2018.4,2160,2024.8,2203.2,0.251767,-1,epoch_50,0.251767
12541,18ZC5064.JPG,3,3360,2801.6,3365.6,2819.2,0.251575,-1,epoch_50,0.251575
12542,18ZC5064.JPG,3,730.4,198.4,754.4,220,0.247512,-1,epoch_50,0.247512
12543,18ZC5064.JPG,3,3583.2,1502.4,3623.2,1519.2,0.219132,-1,epoch_50,0.219132
12544,18ZC5064.JPG,3,511.2,1401.6,548,1424,0.215678,-1,epoch_50,0.215678
12545,18ZC5064.JPG,3,1589.6,2682.4,1630.4,2714.4,0.214031,-1,epoch_50,0.214031
12546,18ZC5064.JPG,3,3368,1507.2,3397.6,1518.4,0.178063,-1,epoch_50,0.178063
12547,18ZC5064.JPG,3,1080,1188.8,1132.8,1212.8,0.177893,-1,epoch_50,0.177893
12548,18ZC5064.JPG,3,231.2,1208.8,332.8,1262.4,0.163381,-1,epoch_50,0.163381
12549,18ZC5064.JPG,3,526.4,193.6,550.4,220.8,0.1572,-1,epoch_50,0.1572
12550,18ZC5064.JPG,3,1440,1944,1445.6,2001.6,0.139852,-1,epoch_50,0.139852
12551,18ZC5064.JPG,3,2544,1424.8,2580.8,1452,0.126074,-1,epoch_50,0.126074
12552,18ZC5064.JPG,3,3240.8,1513.6,3275.2,1518.4,0.120225,-1,epoch_50,0.120225
12553,18ZC5064.JPG,3,2200.8,2392.8,2240,2398.4,0.119766,-1,epoch_50,0.119766
12554,18ZC5064.JPG,3,1653.6,2273.6,1670.4,2290.4,0.116423,-1,epoch_50,0.116423
12555,18ZC5064.JPG,3,480,1438.4,485.6,1466.4,0.113943,-1,epoch_50,0.113943
12556,18ZC5064.JPG,3,791.2,1499.2,852.8,1518.4,0.111569,-1,epoch_50,0.111569
12557,18ZC5064.JPG,3,2164.8,2364,2196,2388.8,0.110829,-1,epoch_50,0.110829
12558,18ZC5064.JPG,3,1838.4,2032,1858.4,2080.8,0.101934,-1,epoch_50,0.101934
12559,18ZC5064.JPG,3,3197.6,3784,3228.8,3801.6,0.0796888,-1,epoch_50,0.0796888
12560,18ZC5064.JPG,3,1016.8,1160,1048.8,1201.6,0.0782223,-1,epoch_50,0.0782223
12561,18ZC5064.JPG,3,1587.2,1512.8,1631.2,1518.4,0.0769362,-1,epoch_50,0.0769362
12562,18ZC5064.JPG,3,2498.4,310.4,2505.6,332.8,0.0705935,-1,epoch_50,0.0705935
12563,18ZC5064.JPG,3,2018.4,2315.2,2025.6,2324.8,0.0697938,-1,epoch_50,0.0697938
12564,18ZC5064.JPG,3,2191.2,880,2208.8,885.6,0.0665804,-1,epoch_50,0.0665804
12565,18ZC5064.JPG,3,2020.8,1880.8,2025.6,1898.4,0.0664368,-1,epoch_50,0.0664368
12566,18ZC5064.JPG,3,1572.8,2753.6,1608,2771.2,0.0643908,-1,epoch_50,0.0643908
12567,18ZC5064.JPG,3,3840.8,2693.6,3856.8,2736.8,0.0607198,-1,epoch_50,0.0607198
12568,18ZC5064.JPG,3,547.2,880,600,888,0.0571494,-1,epoch_50,0.0571494
12569,18ZC5064.JPG,3,1852.8,2055.2,1868,2080.8,0.0555969,-1,epoch_50,0.0555969
12570,18ZC5064.JPG,3,483.2,1012.8,523.2,1040,0.0550755,-1,epoch_50,0.0550755
12571,18ZC5064.JPG,3,1007.2,1392.8,1028,1419.2,0.052848,-1,epoch_50,0.052848
12572,18ZC5757.JPG,4,3116.8,3584.8,3204,3677.6,1,-1,epoch_50,1
12573,18ZC5757.JPG,4,3376.8,3625.6,3483.2,3714.4,1,-1,epoch_50,1
12574,18ZC5757.JPG,4,3047.2,1003.2,3102.4,1043.2,1,-1,epoch_50,1
12575,18ZC5757.JPG,4,4127.2,3808.8,4168.8,3839.2,1,-1,epoch_50,1
12576,18ZC5757.JPG,4,3842.4,3752,3944.8,3807.2,1,-1,epoch_50,1
12577,18ZC5757.JPG,4,3946.4,3601.6,4036.8,3684,1,-1,epoch_50,1
12578,18ZC5757.JPG,4,3642.4,3728,3726.4,3812.8,1,-1,epoch_50,1
12579,18ZC5757.JPG,4,3447.2,921.6,3501.6,972,0.999999,-1,epoch_50,0.999999
12580,18ZC5757.JPG,4,239.2,2732.8,355.2,2856.8,0.999999,-1,epoch_50,0.999999
12581,18ZC5757.JPG,4,1612,3540.8,1672,3656.8,0.999999,-1,epoch_50,0.999999
12582,18ZC5757.JPG,4,235.2,3777.6,272.8,3832,0.999999,-1,epoch_50,0.999999
12583,18ZC5757.JPG,4,4087.2,3592.8,4127.2,3688.8,0.999999,-1,epoch_50,0.999999
12584,18ZC5757.JPG,4,2700.8,2746.4,2778.4,2797.6,0.999999,-1,epoch_50,0.999999
12585,18ZC5757.JPG,4,3473.6,1254.4,3524.8,1347.2,0.999999,-1,epoch_50,0.999999
12586,18ZC5757.JPG,4,4320,3597.6,4335.2,3642.4,0.999999,-1,epoch_50,0.999999
12587,18ZC5757.JPG,4,4341.6,3761.6,4431.2,3822.4,0.999999,-1,epoch_50,0.999999
12588,18ZC5757.JPG,4,2497.6,2004,2553.6,2119.2,0.999999,-1,epoch_50,0.999999
12589,18ZC5757.JPG,4,4320,3664,4376,3733.6,0.999999,-1,epoch_50,0.999999
12590,18ZC5757.JPG,4,1464.8,1211.2,1515.2,1248,0.999999,-1,epoch_50,0.999999
12591,18ZC5757.JPG,4,1609.6,1244.8,1668,1280,0.999998,-1,epoch_50,0.999998
12592,18ZC5757.JPG,4,3284.8,1018.4,3337.6,1043.2,0.999998,-1,epoch_50,0.999998
12593,18ZC5757.JPG,4,2593.6,461.6,2667.2,639.2,0.999998,-1,epoch_50,0.999998
12594,18ZC5757.JPG,4,1543.2,3527.2,1583.2,3640.8,0.999998,-1,epoch_50,0.999998
12595,18ZC5757.JPG,4,1802.4,2020,1906.4,2122.4,0.999998,-1,epoch_50,0.999998
12596,18ZC5757.JPG,4,2744.8,2640,2830.4,2676.8,0.999998,-1,epoch_50,0.999998
12597,18ZC5757.JPG,4,2108.8,1056.8,2214.4,1258.4,0.999998,-1,epoch_50,0.999998
12598,18ZC5757.JPG,4,2101.6,2799.2,2207.2,2852,0.999998,-1,epoch_50,0.999998
12599,18ZC5757.JPG,4,1376,1322.4,1431.2,1356,0.999998,-1,epoch_50,0.999998
12600,18ZC5757.JPG,4,618.4,2317.6,808,2399.2,0.999997,-1,epoch_50,0.999997
12601,18ZC5757.JPG,4,4338.4,3710.4,4410.4,3773.6,0.999997,-1,epoch_50,0.999997
12602,18ZC5757.JPG,4,2928,1011.2,3015.2,1060,0.999997,-1,epoch_50,0.999997
12603,18ZC5757.JPG,4,3074.4,3133.6,3151.2,3204,0.999997,-1,epoch_50,0.999997
12604,18ZC5757.JPG,4,2701.6,2822.4,2757.6,2860.8,0.999997,-1,epoch_50,0.999997
12605,18ZC5757.JPG,4,1696.8,1267.2,1756.8,1302.4,0.999997,-1,epoch_50,0.999997
12606,18ZC5757.JPG,4,1900.8,1460.8,1933.6,1503.2,0.999997,-1,epoch_50,0.999997
12607,18ZC5757.JPG,4,2733.6,2703.2,2865.6,2772,0.999997,-1,epoch_50,0.999997
12608,18ZC5757.JPG,4,480,2828,609.6,3020.8,0.999997,-1,epoch_50,0.999997
12609,18ZC5757.JPG,4,1090.4,1760,1220.8,1888.8,0.999997,-1,epoch_50,0.999997
12610,18ZC5757.JPG,4,2919.2,1036.8,2985.6,1108,0.999997,-1,epoch_50,0.999997
12611,18ZC5757.JPG,4,3084,1960,3129.6,1996,0.999997,-1,epoch_50,0.999997
12612,18ZC5757.JPG,4,4274.4,3659.2,4340,3728.8,0.999997,-1,epoch_50,0.999997
12613,18ZC5757.JPG,4,1522.4,1075.2,1555.2,1112,0.999996,-1,epoch_50,0.999996
12614,18ZC5757.JPG,4,3252.8,1060.8,3295.2,1093.6,0.999996,-1,epoch_50,0.999996
12615,18ZC5757.JPG,4,3322.4,1031.2,3350.4,1084,0.999996,-1,epoch_50,0.999996
12616,18ZC5757.JPG,4,4212.8,3766.4,4318.4,3814.4,0.999996,-1,epoch_50,0.999996
12617,18ZC5757.JPG,4,480,2172,520,2301.6,0.999996,-1,epoch_50,0.999996
12618,18ZC5757.JPG,4,4234.4,3702.4,4322.4,3760,0.999996,-1,epoch_50,0.999996
12619,18ZC5757.JPG,4,1475.2,1158.4,1515.2,1212,0.999996,-1,epoch_50,0.999996
12620,18ZC5757.JPG,4,3034.4,906.4,3067.2,1005.6,0.999996,-1,epoch_50,0.999996
12621,18ZC5757.JPG,4,0.8,3792,100.8,3840,0.999996,-1,epoch_50,0.999996
12622,18ZC5757.JPG,4,2811.2,2640,2880.8,2671.2,0.999995,-1,epoch_50,0.999995
12623,18ZC5757.JPG,4,2681.6,3025.6,2750.4,3139.2,0.999995,-1,epoch_50,0.999995
12624,18ZC5757.JPG,4,1669.6,957.6,1717.6,989.6,0.999995,-1,epoch_50,0.999995
12625,18ZC5757.JPG,4,1662.4,3591.2,1717.6,3640,0.999995,-1,epoch_50,0.999995
12626,18ZC5757.JPG,4,2273.6,1340,2332,1367.2,0.999995,-1,epoch_50,0.999995
12627,18ZC5757.JPG,4,2627.2,2658.4,2659.2,2700.8,0.999995,-1,epoch_50,0.999995
12628,18ZC5757.JPG,4,3136,3231.2,3233.6,3277.6,0.999994,-1,epoch_50,0.999994
12629,18ZC5757.JPG,4,4196,3672.8,4248,3709.6,0.999994,-1,epoch_50,0.999994
12630,18ZC5757.JPG,4,328,3804.8,413.6,3840,0.999994,-1,epoch_50,0.999994
12631,18ZC5757.JPG,4,960,2276,1105.6,2373.6,0.999994,-1,epoch_50,0.999994
12632,18ZC5757.JPG,4,1706.4,3536.8,1756.8,3634.4,0.999994,-1,epoch_50,0.999994
12633,18ZC5757.JPG,4,472,3780.8,543.2,3840,0.999992,-1,epoch_50,0.999992
12634,18ZC5757.JPG,4,4211.2,3641.6,4234.4,3689.6,0.999992,-1,epoch_50,0.999992
12635,18ZC5757.JPG,4,3502.4,1409.6,3527.2,1452.8,0.999992,-1,epoch_50,0.999992
12636,18ZC5757.JPG,4,1464.8,1763.2,1538.4,1822.4,0.999992,-1,epoch_50,0.999992
12637,18ZC5757.JPG,4,2480.8,2012,2505.6,2044.8,0.999991,-1,epoch_50,0.999991
12638,18ZC5757.JPG,4,3924,3664,4006.4,3720,0.99999,-1,epoch_50,0.99999
12639,18ZC5757.JPG,4,1730.4,1420,1756.8,1469.6,0.99999,-1,epoch_50,0.99999
12640,18ZC5757.JPG,4,2642.4,2987.2,2667.2,3044.8,0.99999,-1,epoch_50,0.99999
12641,18ZC5757.JPG,4,4497.6,3726.4,4537.6,3777.6,0.999989,-1,epoch_50,0.999989
12642,18ZC5757.JPG,4,3112,2290.4,3168.8,2335.2,0.999989,-1,epoch_50,0.999989
12643,18ZC5757.JPG,4,2920,1002.4,2957.6,1028.8,0.999989,-1,epoch_50,0.999989
12644,18ZC5757.JPG,4,570.4,2032.8,599.2,2071.2,0.999989,-1,epoch_50,0.999989
12645,18ZC5757.JPG,4,2600.8,3000.8,2650.4,3037.6,0.999988,-1,epoch_50,0.999988
12646,18ZC5757.JPG,4,1756.8,1416.8,1787.2,1453.6,0.999988,-1,epoch_50,0.999988
12647,18ZC5757.JPG,4,1680,1272,1708.8,1311.2,0.999988,-1,epoch_50,0.999988
12648,18ZC5757.JPG,4,3237.6,2245.6,3276,2297.6,0.999988,-1,epoch_50,0.999988
12649,18ZC5757.JPG,4,3568,1076.8,3596,1101.6,0.999986,-1,epoch_50,0.999986
12650,18ZC5757.JPG,4,1642.4,3704.8,1705.6,3806.4,0.999986,-1,epoch_50,0.999986
12651,18ZC5757.JPG,4,296,2127,516,2315,0.999985,-1,epoch_50,0.999985
12652,18ZC5757.JPG,4,1393.6,3802.4,1449.6,3839.2,0.999984,-1,epoch_50,0.999984
12653,18ZC5757.JPG,4,983.2,2192,1172.8,2273.6,0.999984,-1,epoch_50,0.999984
12654,18ZC5757.JPG,4,2177.6,1311.2,2212,1361.6,0.999984,-1,epoch_50,0.999984
12655,18ZC5757.JPG,4,363,2517,549,2688,0.999981,-1,epoch_50,0.999981
12656,18ZC5757.JPG,4,2208.8,2760.8,2240,2795.2,0.999981,-1,epoch_50,0.999981
12657,18ZC5757.JPG,4,2684,2771.2,2736.8,2817.6,0.999981,-1,epoch_50,0.999981
12658,18ZC5757.JPG,4,1984,1465.6,2017.6,1517.6,0.999979,-1,epoch_50,0.999979
12659,18ZC5757.JPG,4,432.8,3538.4,484.8,3591.2,0.999979,-1,epoch_50,0.999979
12660,18ZC5757.JPG,4,960,1937.6,1041.6,2068,0.999978,-1,epoch_50,0.999978
12661,18ZC5757.JPG,4,4243.2,3637.6,4291.2,3735.2,0.999977,-1,epoch_50,0.999977
12662,18ZC5757.JPG,4,2190.4,3217.6,2244,3248,0.999976,-1,epoch_50,0.999976
12663,18ZC5757.JPG,4,484,2746.4,683.2,2882.4,0.999975,-1,epoch_50,0.999975
12664,18ZC5757.JPG,4,2160.8,2760.8,2209.6,2814.4,0.999974,-1,epoch_50,0.999974
12665,18ZC5757.JPG,4,2118.4,2150.4,2193.6,2184,0.999968,-1,epoch_50,0.999968
12666,18ZC5757.JPG,4,2236.8,1327.2,2275.2,1351.2,0.999966,-1,epoch_50,0.999966
12667,18ZC5757.JPG,4,2912.8,972.8,2964,1004,0.999963,-1,epoch_50,0.999963
12668,18ZC5757.JPG,4,1182.4,2053.6,1405.6,2124,0.99996,-1,epoch_50,0.99996
12669,18ZC5757.JPG,4,2827.2,1760,2858.4,1803.2,0.999948,-1,epoch_50,0.999948
12670,18ZC5757.JPG,4,1552.8,2084.8,1596,2109.6,0.999947,-1,epoch_50,0.999947
12671,18ZC5757.JPG,4,3168.8,3204.8,3194.4,3256,0.999946,-1,epoch_50,0.999946
12672,18ZC5757.JPG,4,1942.4,1372,1994.4,1406.4,0.999944,-1,epoch_50,0.999944
12673,18ZC5757.JPG,4,100.8,3772,148.8,3804.8,0.999941,-1,epoch_50,0.999941
12674,18ZC5757.JPG,4,2701.6,2927.2,2733.6,2958.4,0.999941,-1,epoch_50,0.999941
12675,18ZC5757.JPG,4,4469.6,3759.2,4501.6,3789.6,0.999936,-1,epoch_50,0.999936
12676,18ZC5757.JPG,4,3607.2,3624,3656,3670.4,0.999931,-1,epoch_50,0.999931
12677,18ZC5757.JPG,4,37.6,2191.2,87.2,2229.6,0.999923,-1,epoch_50,0.999923
12678,18ZC5757.JPG,4,688,3776,716,3827.2,0.999918,-1,epoch_50,0.999918
12679,18ZC5757.JPG,4,631.2,2039.2,703.2,2253.6,0.999915,-1,epoch_50,0.999915
12680,18ZC5757.JPG,4,597,2468,744,2701,0.999909,-1,epoch_50,0.999909
12681,18ZC5757.JPG,4,2180,1371.2,2225.6,1443.2,0.999908,-1,epoch_50,0.999908
12682,18ZC5757.JPG,4,771.2,2012.8,925.6,2147.2,0.999904,-1,epoch_50,0.999904
12683,18ZC5757.JPG,4,2311.2,1352.8,2345.6,1399.2,0.999902,-1,epoch_50,0.999902
12684,18ZC5757.JPG,4,2741.6,2875.2,2784.8,2904.8,0.999901,-1,epoch_50,0.999901
12685,18ZC5757.JPG,4,4119.2,3647.2,4153.6,3691.2,0.999895,-1,epoch_50,0.999895
12686,18ZC5757.JPG,4,1511.2,1934.4,1577.6,1968.8,0.999884,-1,epoch_50,0.999884
12687,18ZC5757.JPG,4,723.2,3770.4,770.4,3830.4,0.999883,-1,epoch_50,0.999883
12688,18ZC5757.JPG,4,1310.4,1411.2,1359.2,1452,0.999859,-1,epoch_50,0.999859
12689,18ZC5757.JPG,4,3096,3226.4,3134.4,3260,0.999852,-1,epoch_50,0.999852
12690,18ZC5757.JPG,4,2184.8,1445.6,2216.8,1491.2,0.999841,-1,epoch_50,0.999841
12691,18ZC5757.JPG,4,3060,912,3081.6,978.4,0.999835,-1,epoch_50,0.999835
12692,18ZC5757.JPG,4,212,2250.4,293.6,2396.8,0.999834,-1,epoch_50,0.999834
12693,18ZC5757.JPG,4,2088.8,1335.2,2126.4,1364,0.999824,-1,epoch_50,0.999824
12694,18ZC5757.JPG,4,3008,1884.8,3075.2,1910.4,0.999823,-1,epoch_50,0.999823
12695,18ZC5757.JPG,4,1337.6,1391.2,1376,1424.8,0.999806,-1,epoch_50,0.999806
12696,18ZC5757.JPG,4,774,2515,938,2746,0.999805,-1,epoch_50,0.999805
12697,18ZC5757.JPG,4,2849.6,433.6,2874.4,462.4,0.999802,-1,epoch_50,0.999802
12698,18ZC5757.JPG,4,587.2,2370.4,713.6,2399.2,0.9998,-1,epoch_50,0.9998
12699,18ZC5757.JPG,4,2011,736,2107,799,0.999791,-1,epoch_50,0.999791
12700,18ZC5757.JPG,4,2027.2,1408.8,2068.8,1439.2,0.999785,-1,epoch_50,0.999785
12701,18ZC5757.JPG,4,2292.8,3522.4,2334.4,3579.2,0.999752,-1,epoch_50,0.999752
12702,18ZC5757.JPG,4,1943.2,1348.8,1986.4,1388,0.999735,-1,epoch_50,0.999735
12703,18ZC5757.JPG,4,1085.6,3802.4,1121.6,3839.2,0.99965,-1,epoch_50,0.99965
12704,18ZC5757.JPG,4,2119.2,1916,2163.2,1964,0.999612,-1,epoch_50,0.999612
12705,18ZC5757.JPG,4,1440,1231.2,1460,1264.8,0.999531,-1,epoch_50,0.999531
12706,18ZC5757.JPG,4,3925.6,3651.2,3945.6,3703.2,0.999508,-1,epoch_50,0.999508
12707,18ZC5757.JPG,4,2345.6,598.4,2386.4,620.8,0.999507,-1,epoch_50,0.999507
12708,18ZC5757.JPG,4,16,2360,186,2595,0.999427,-1,epoch_50,0.999427
12709,18ZC5757.JPG,4,2728,2921.6,2764,2958.4,0.999333,-1,epoch_50,0.999333
12710,18ZC5757.JPG,4,1070.4,2368,1120.8,2398.4,0.999329,-1,epoch_50,0.999329
12711,18ZC5757.JPG,4,2264.8,3691.2,2308,3713.6,0.999292,-1,epoch_50,0.999292
12712,18ZC5757.JPG,4,2244,3252,2284,3276,0.998846,-1,epoch_50,0.998846
12713,18ZC5757.JPG,4,2290.4,3694.4,2343.2,3716.8,0.998829,-1,epoch_50,0.998829
12714,18ZC5757.JPG,4,2715.2,2960,2744,2992.8,0.998748,-1,epoch_50,0.998748
12715,18ZC5757.JPG,4,1341,1769,1437,1827,0.998708,-1,epoch_50,0.998708
12716,18ZC5757.JPG,4,2122.4,1386.4,2174.4,1418.4,0.998454,-1,epoch_50,0.998454
12717,18ZC5757.JPG,4,2238.4,3204.8,2331.2,3279.2,0.998362,-1,epoch_50,0.998362
12718,18ZC5757.JPG,4,4160.8,3718.4,4208.8,3773.6,0.99832,-1,epoch_50,0.99832
12719,18ZC5757.JPG,4,1788.8,1508,1855.2,1518.4,0.998266,-1,epoch_50,0.998266
12720,18ZC5757.JPG,4,2677.6,2077.6,2724.8,2131.2,0.9982,-1,epoch_50,0.9982
12721,18ZC5757.JPG,4,3215,3405,3289,3486,0.998116,-1,epoch_50,0.998116
12722,18ZC5757.JPG,4,2253,3680,2340,3739,0.99803,-1,epoch_50,0.99803
12723,18ZC5757.JPG,4,377.6,2640,461.6,2692,0.997986,-1,epoch_50,0.997986
12724,18ZC5757.JPG,4,1601.6,3631.2,1704.8,3680.8,0.997631,-1,epoch_50,0.997631
12725,18ZC5757.JPG,4,3070.4,3520,3138.4,3556.8,0.99763,-1,epoch_50,0.99763
12726,18ZC5757.JPG,4,1596,3684,1652,3769.6,0.99761,-1,epoch_50,0.99761
12727,18ZC5757.JPG,4,4149.6,3752.8,4200,3828,0.997556,-1,epoch_50,0.997556
12728,18ZC5757.JPG,4,501,3761,617,3828,0.997231,-1,epoch_50,0.997231
12729,18ZC5757.JPG,4,4473.6,3781.6,4504,3806.4,0.997107,-1,epoch_50,0.997107
12730,18ZC5757.JPG,4,3046.4,1029.6,3089.6,1065.6,0.997086,-1,epoch_50,0.997086
12731,18ZC5757.JPG,4,2705.6,2862.4,2735.2,2893.6,0.996388,-1,epoch_50,0.996388
12732,18ZC5757.JPG,4,4320,3760.8,4353.6,3822.4,0.99613,-1,epoch_50,0.99613
12733,18ZC5757.JPG,4,43.2,3075.2,79.2,3104,0.996037,-1,epoch_50,0.996037
12734,18ZC5757.JPG,4,3288,2144,3331.2,2240.8,0.994777,-1,epoch_50,0.994777
12735,18ZC5757.JPG,4,1875,1525,1948,1593,0.994758,-1,epoch_50,0.994758
12736,18ZC5757.JPG,4,1581.6,1268,1620.8,1314.4,0.994206,-1,epoch_50,0.994206
12737,18ZC5757.JPG,4,3270.4,1041.6,3309.6,1070.4,0.994186,-1,epoch_50,0.994186
12738,18ZC5757.JPG,4,2068,1421.6,2107.2,1449.6,0.99367,-1,epoch_50,0.99367
12739,18ZC5757.JPG,4,2864,420.8,2895.2,440,0.993352,-1,epoch_50,0.993352
12740,18ZC5757.JPG,4,2040.8,3520,2092.8,3532.8,0.993327,-1,epoch_50,0.993327
12741,18ZC5757.JPG,4,662.4,2949.6,689.6,2997.6,0.991057,-1,epoch_50,0.991057
12742,18ZC5757.JPG,4,542,2149,666,2319,0.990456,-1,epoch_50,0.990456
12743,18ZC5757.JPG,4,2510,1493,2590,1547,0.990039,-1,epoch_50,0.990039
12744,18ZC5757.JPG,4,2.4,2283.2,39.2,2324.8,0.988643,-1,epoch_50,0.988643
12745,18ZC5757.JPG,4,307,3451,359,3519,0.987826,-1,epoch_50,0.987826
12746,18ZC5757.JPG,4,2729,2546,2777,2643,0.986029,-1,epoch_50,0.986029
12747,18ZC5757.JPG,4,3072,3305,3189,3380,0.9857,-1,epoch_50,0.9857
12748,18ZC5757.JPG,4,1843.2,1424.8,1886.4,1470.4,0.98492,-1,epoch_50,0.98492
12749,18ZC5757.JPG,4,2313.6,3713.6,2336,3748,0.984474,-1,epoch_50,0.984474
12750,18ZC5757.JPG,4,2724.8,2857.6,2747.2,2892,0.983908,-1,epoch_50,0.983908
12751,18ZC5757.JPG,4,3089,3395,3176,3460,0.982911,-1,epoch_50,0.982911
12752,18ZC5757.JPG,4,795.2,3789.6,823.2,3830.4,0.982705,-1,epoch_50,0.982705
12753,18ZC5757.JPG,4,4320.8,3815.2,4354.4,3840.8,0.98223,-1,epoch_50,0.98223
12754,18ZC5757.JPG,4,547,2033,655,2244,0.981944,-1,epoch_50,0.981944
12755,18ZC5757.JPG,4,576,3764.8,616.8,3799.2,0.981254,-1,epoch_50,0.981254
12756,18ZC5757.JPG,4,3191,3504,3244,3571,0.981232,-1,epoch_50,0.981232
12757,18ZC5757.JPG,4,2146,3366,2258,3435,0.980621,-1,epoch_50,0.980621
12758,18ZC5757.JPG,4,3004,3272,3062,3349,0.975415,-1,epoch_50,0.975415
12759,18ZC5757.JPG,4,2728.8,3628.8,2759.2,3666.4,0.972747,-1,epoch_50,0.972747
12760,18ZC5757.JPG,4,2400,3204,2414.4,3237.6,0.972153,-1,epoch_50,0.972153
12761,18ZC5757.JPG,4,2795,2517,2860,2581,0.97101,-1,epoch_50,0.97101
12762,18ZC5757.JPG,4,29,3054,120,3136,0.96977,-1,epoch_50,0.96977
12763,18ZC5757.JPG,4,2012,3484,2100,3540,0.951948,-1,epoch_50,0.951948
12764,18ZC5757.JPG,4,2205.6,1307.2,2255.2,1348,0.951516,-1,epoch_50,0.951516
12765,18ZC5757.JPG,4,745.6,1958.4,919.2,2082.4,0.943573,-1,epoch_50,0.943573
12766,18ZC5757.JPG,4,124.8,2387.2,180.8,2399.2,0.939287,-1,epoch_50,0.939287
12767,18ZC5757.JPG,4,4223.2,3747.2,4264.8,3784.8,0.937421,-1,epoch_50,0.937421
12768,18ZC5757.JPG,4,2508,780,2581,843,0.935298,-1,epoch_50,0.935298
12769,18ZC5757.JPG,4,1.6,1760,104.8,1862.4,0.934029,-1,epoch_50,0.934029
12770,18ZC5757.JPG,4,2212.8,1342.4,2256.8,1367.2,0.92378,-1,epoch_50,0.92378
12771,18ZC5757.JPG,4,2216,2780.8,2247.2,2812.8,0.920976,-1,epoch_50,0.920976
12772,18ZC5757.JPG,4,2134.4,1316.8,2179.2,1351.2,0.920339,-1,epoch_50,0.920339
12773,18ZC5757.JPG,4,4439,3721,4513,3822,0.918063,-1,epoch_50,0.918063
12774,18ZC5757.JPG,4,2545.6,568,2565.6,616.8,0.90699,-1,epoch_50,0.90699
12775,18ZC5757.JPG,4,352,2319,475,2376,0.898177,-1,epoch_50,0.898177
12776,18ZC5757.JPG,4,1885,530,1947,588,0.882065,-1,epoch_50,0.882065
12777,18ZC5757.JPG,4,1554,1587,1706,1717,0.861065,-1,epoch_50,0.861065
12778,18ZC5757.JPG,4,1266,816,1407,896,0.834648,-1,epoch_50,0.834648
12779,18ZC5757.JPG,4,3539,986,3608,1101,0.806446,-1,epoch_50,0.806446
12780,18ZC5757.JPG,4,1829,3344,1889,3454,0.803306,-1,epoch_50,0.803306
12781,18ZC5757.JPG,4,3008,3421,3100,3483,0.801538,-1,epoch_50,0.801538
12782,18ZC5757.JPG,4,2062.4,1383.2,2093.6,1411.2,0.784747,-1,epoch_50,0.784747
12783,18ZC5757.JPG,4,757.6,3801.6,788.8,3827.2,0.759121,-1,epoch_50,0.759121
12784,18ZC5757.JPG,4,2747.2,3612.8,2776.8,3655.2,0.755325,-1,epoch_50,0.755325
12785,18ZC5757.JPG,4,2493.6,3217.6,2525.6,3257.6,0.747413,-1,epoch_50,0.747413
12786,18ZC5757.JPG,4,3360,2031.2,3370.4,2054.4,0.738749,-1,epoch_50,0.738749
12787,18ZC5757.JPG,4,4458.4,3724.8,4480,3749.6,0.730177,-1,epoch_50,0.730177
12788,18ZC5757.JPG,4,981.6,2234.4,1032.8,2262.4,0.714388,-1,epoch_50,0.714388
12789,18ZC5757.JPG,4,2631,2564,2722,2609,0.712505,-1,epoch_50,0.712505
12790,18ZC5757.JPG,4,2752,3553.6,2791.2,3614.4,0.696155,-1,epoch_50,0.696155
12791,18ZC5757.JPG,4,674.4,3786.4,689.6,3828.8,0.682962,-1,epoch_50,0.682962
12792,18ZC5757.JPG,4,2667,3527,2759,3623,0.673881,-1,epoch_50,0.673881
12793,18ZC5757.JPG,4,960,1995.2,977.6,2140,0.672248,-1,epoch_50,0.672248
12794,18ZC5757.JPG,4,2400,595.2,2411.2,639.2,0.671326,-1,epoch_50,0.671326
12795,18ZC5757.JPG,4,2817.6,1865.6,2868,1896.8,0.646556,-1,epoch_50,0.646556
12796,18ZC5757.JPG,4,2501.6,2050.4,2504.8,2094.4,0.601164,-1,epoch_50,0.601164
12797,18ZC5757.JPG,4,464,2744,575,2801,0.600694,-1,epoch_50,0.600694
12798,18ZC5757.JPG,4,2163,3284,2262,3348,0.589133,-1,epoch_50,0.589133
12799,18ZC5757.JPG,4,924,2373,1128,2506,0.571085,-1,epoch_50,0.571085
12800,18ZC5757.JPG,4,4159,3744,4441,3825,0.565966,-1,epoch_50,0.565966
12801,18ZC5757.JPG,4,512.8,3751.2,552.8,3788.8,0.558067,-1,epoch_50,0.558067
12802,18ZC5757.JPG,4,2408,3300,2532,3367,0.545755,-1,epoch_50,0.545755
12803,18ZC5757.JPG,4,480,2190.4,488,2289.6,0.531489,-1,epoch_50,0.531489
12804,18ZC5757.JPG,4,2705.6,2848,2740,2876.8,0.518147,-1,epoch_50,0.518147
12805,18ZC5757.JPG,4,2724,3544.8,2760.8,3570.4,0.501714,-1,epoch_50,0.501714
12806,18ZC5757.JPG,4,2093.6,1356.8,2147.2,1380,0.49133,-1,epoch_50,0.49133
12807,18ZC5757.JPG,4,3250,1021,3339,1096,0.469786,-1,epoch_50,0.469786
12808,18ZC5757.JPG,4,2268.8,3258.4,2306.4,3278.4,0.436843,-1,epoch_50,0.436843
12809,18ZC5757.JPG,4,2719.2,3520.8,2800,3548,0.400862,-1,epoch_50,0.400862
12810,18ZC5757.JPG,4,2204.8,3272.8,2246.4,3278.4,0.385387,-1,epoch_50,0.385387
12811,18ZC5757.JPG,4,388.8,2643.2,408.8,2690.4,0.382491,-1,epoch_50,0.382491
12812,18ZC5757.JPG,4,3128.8,3273.6,3181.6,3279.2,0.365914,-1,epoch_50,0.365914
12813,18ZC5757.JPG,4,1770.4,1493.6,1789.6,1518.4,0.347867,-1,epoch_50,0.347867
12814,18ZC5757.JPG,4,881.6,1904.8,975.2,2144.8,0.32373,-1,epoch_50,0.32373
12815,18ZC5757.JPG,4,1020,1956.8,1044,1973.6,0.2945,-1,epoch_50,0.2945
12816,18ZC5757.JPG,4,652.8,3783.2,676,3834.4,0.29344,-1,epoch_50,0.29344
12817,18ZC5757.JPG,4,778.4,3805.6,796.8,3838.4,0.290912,-1,epoch_50,0.290912
12818,18ZC5757.JPG,4,1735.2,1760,1788.8,1765.6,0.261267,-1,epoch_50,0.261267
12819,18ZC5757.JPG,4,3360,1464.8,3368,1480.8,0.168935,-1,epoch_50,0.168935
12820,18ZC5757.JPG,4,2748,1513.6,2765.6,1519.2,0.155713,-1,epoch_50,0.155713
12821,18ZC5757.JPG,4,480,2731.2,496.8,2764.8,0.14673,-1,epoch_50,0.14673
12822,18ZC5757.JPG,4,824.8,2640,836.8,2642.4,0.134123,-1,epoch_50,0.134123
12823,18ZC5757.JPG,4,1649.6,3759.2,1697.6,3784,0.128983,-1,epoch_50,0.128983
12824,18ZC5757.JPG,4,3131.2,3268,3139.2,3278.4,0.108009,-1,epoch_50,0.108009
12825,18ZC5757.JPG,4,912.8,1871.2,946.4,2000.8,0.0897241,-1,epoch_50,0.0897241
12826,18ZC5757.JPG,4,3392,1760,3405.6,1762.4,0.0838238,-1,epoch_50,0.0838238
12827,18ZC5757.JPG,4,2729.6,2931.2,2744.8,2952,0.0754197,-1,epoch_50,0.0754197
12828,18ZC5757.JPG,4,2717.6,2904,2745.6,2921.6,0.0710753,-1,epoch_50,0.0710753
12829,18ZC5757.JPG,4,3101.6,2393.6,3159.2,2398.4,0.0504224,-1,epoch_50,0.0504224
12830,18ZC5757.JPG,4,3102.4,3248,3158.4,3276,0.0502221,-1,epoch_50,0.0502221
