0,18ZC4773.JPG,0,1747.2,2168,1896,2321.6,0.99999,-1,NES_bull,0.99999
1,18ZC4773.JPG,0,3484.8,1207.2,3591.2,1388.8,0.999983,-1,NES_bull,0.999983
2,18ZC4773.JPG,0,1396.8,3520,1423.2,3534.4,0.999981,-1,CSL_pup,0.999981
3,18ZC4773.JPG,0,1719.2,2640,1880,2745.6,0.999979,-1,NES_bull,0.999979
4,18ZC4773.JPG,0,2467.2,258.4,2692,375.2,0.999977,-1,NES_bull,0.999977
5,18ZC4773.JPG,0,3157.6,3171.2,3380,3272,0.999977,-1,NES_bull,0.999977
6,18ZC4773.JPG,0,2318.4,2640,2342.4,2665.6,0.999974,-1,CSL_pup,0.999974
7,18ZC4773.JPG,0,1548,1876.8,1703.2,2069.6,0.999969,-1,NES_bull,0.999969
8,18ZC4773.JPG,0,1254.4,371.2,1337.6,423.2,0.999965,-1,CSL_cow,0.999965
9,18ZC4773.JPG,0,1440,1360,1592.8,1456,0.999954,-1,NES_bull,0.999954
10,18ZC4773.JPG,0,2250.4,3629.6,2368.8,3830.4,0.999954,-1,NES_bull,0.999954
11,18ZC4773.JPG,0,1434.4,223.2,1468,288,0.999949,-1,CSL_cow,0.999949
12,18ZC4773.JPG,0,1930.4,2694.4,2038.4,2863.2,0.999943,-1,NES_bull,0.999943
13,18ZC4773.JPG,0,2123.2,2036.8,2232,2226.4,0.999942,-1,NES_bull,0.999942
14,18ZC4773.JPG,0,1768.8,2717.6,1922.4,2867.2,0.999929,-1,NES_bull,0.999929
15,18ZC4773.JPG,0,1546.4,995.2,1597.6,1044,0.999926,-1,CSL_cow,0.999926
16,18ZC4773.JPG,0,1611.2,2118.4,1786.4,2208,0.999914,-1,NES_bull,0.999914
17,18ZC4773.JPG,0,2354.4,2828,2504.8,2975.2,0.999908,-1,NES_bull,0.999908
18,18ZC4773.JPG,0,1952,3060,2141.6,3144.8,0.999887,-1,NES_bull,0.999887
19,18ZC4773.JPG,0,1459.2,2678.4,1557.6,2860.8,0.999884,-1,NES_bull,0.999884
20,18ZC4773.JPG,0,1587.2,911.2,1651.2,971.2,0.999861,-1,CSL_cow,0.999861
21,18ZC4773.JPG,0,1550.4,2717.6,1759.2,2836.8,0.999855,-1,NES_bull,0.999855
22,18ZC4773.JPG,0,1787.2,2877.6,1954.4,3000.8,0.999835,-1,NES_bull,0.999835
23,18ZC4773.JPG,0,1456.8,1813.6,1596,1977.6,0.999825,-1,NES_bull,0.999825
24,18ZC4773.JPG,0,1510.4,1097.6,1535.2,1132.8,0.999816,-1,CSL_pup,0.999816
25,18ZC4773.JPG,0,1415.2,2351.2,1545.6,2396.8,0.999805,-1,NES_bull,0.999805
26,18ZC4773.JPG,0,1343.2,3652.8,1369.6,3679.2,0.999798,-1,CSL_pup,0.999798
27,18ZC4773.JPG,0,2585.6,2663.2,2691.2,2842.4,0.999763,-1,NES_bull,0.999763
28,18ZC4773.JPG,0,1488.8,905.6,1532.8,972.8,0.999755,-1,CSL_cow,0.999755
29,18ZC4773.JPG,0,1468.8,1004.8,1530.4,1051.2,0.999731,-1,CSL_cow,0.999731
30,18ZC4773.JPG,0,1592.8,1059.2,1658.4,1100,0.999686,-1,CSL_cow,0.999686
31,18ZC4773.JPG,0,2100.8,1897.6,2278.4,2000.8,0.999675,-1,NES_bull,0.999675
32,18ZC4773.JPG,0,1777.6,3563.2,1942.4,3668.8,0.999582,-1,NES_bull,0.999582
33,18ZC4773.JPG,0,1482.4,3614.4,1528.8,3641.6,0.999564,-1,CSL_pup,0.999564
34,18ZC4773.JPG,0,1096,259.2,1140,283.2,0.999476,-1,CSL_pup,0.999476
35,18ZC4773.JPG,0,1508.8,954.4,1565.6,978.4,0.999473,-1,CSL_cow,0.999473
36,18ZC4773.JPG,0,1880,575.2,1916.8,596.8,0.999431,-1,CSL_pup,0.999431
37,18ZC4773.JPG,0,1704,1468,1739.2,1489.6,0.999176,-1,CSL_pup,0.999176
38,18ZC4773.JPG,0,1534.4,2319.2,1664,2399.2,0.999142,-1,NES_bull,0.999142
39,18ZC4773.JPG,0,1586.4,968,1622.4,996.8,0.998913,-1,CSL_pup,0.998913
40,18ZC4773.JPG,0,1893.6,3011.2,2092.8,3098.4,0.998908,-1,NES_bull,0.998908
41,18ZC4773.JPG,0,1125.6,224.8,1149.6,248.8,0.998906,-1,CSL_pup,0.998906
42,18ZC4773.JPG,0,1872,2698.4,1953.6,2885.6,0.998735,-1,NES_bull,0.998735
43,18ZC4773.JPG,0,1318.4,3631.2,1343.2,3672,0.998439,-1,CSL_pup,0.998439
44,18ZC4773.JPG,0,2248,2374.4,2423.2,2399.2,0.998208,-1,NES_bull,0.998208
45,18ZC4773.JPG,0,1845.6,3520,1905.6,3578.4,0.998206,-1,NES_bull,0.998206
46,18ZC4773.JPG,0,1523.2,914.4,1544.8,936.8,0.998177,-1,CSL_pup,0.998177
47,18ZC4773.JPG,0,1449.6,3678.4,1484,3701.6,0.998106,-1,CSL_pup,0.998106
48,18ZC4773.JPG,0,1304.8,359.2,1362.4,430.4,0.998001,-1,CSL_cow,0.998001
49,18ZC4773.JPG,0,1460.8,210.4,1492.8,277.6,0.997717,-1,CSL_cow,0.997717
50,18ZC4773.JPG,0,1570.4,1036,1628.8,1077.6,0.997541,-1,CSL_cow,0.997541
51,18ZC4773.JPG,0,1640.8,416,1680,440,0.997359,-1,CSL_pup,0.997359
52,18ZC4773.JPG,0,1600,3234.4,1636,3259.2,0.996416,-1,CSL_pup,0.996416
53,18ZC4773.JPG,0,1615.2,3524.8,1662.4,3561.6,0.995099,-1,CSL_cow,0.995099
54,18ZC4773.JPG,0,1520,888,1580,918.4,0.99411,-1,CSL_cow,0.99411
55,18ZC4773.JPG,0,1432.8,1017.6,1454.4,1056.8,0.992951,-1,CSL_pup,0.992951
56,18ZC4773.JPG,0,1519.2,978.4,1580,1002.4,0.991444,-1,CSL_cow,0.991444
57,18ZC4773.JPG,0,1476,3688.8,1502.4,3707.2,0.991317,-1,CSL_pup,0.991317
58,18ZC4773.JPG,0,1415.2,164,1445.6,215.2,0.988501,-1,CSL_cow,0.988501
59,18ZC4773.JPG,0,2428,2640,2462.4,2657.6,0.984079,-1,CSL_pup,0.984079
60,18ZC4773.JPG,0,1647.2,3521.6,1675.2,3539.2,0.98084,-1,CSL_pup,0.98084
61,18ZC4773.JPG,0,822.4,3813.6,857.6,3833.6,0.979212,-1,CSL_pup,0.979212
62,18ZC4773.JPG,0,1530.4,3244,1544.8,3274.4,0.978036,-1,CSL_cow,0.978036
63,18ZC4773.JPG,0,1520.8,3214.4,1545.6,3239.2,0.975539,-1,CSL_pup,0.975539
64,18ZC4773.JPG,0,1542,1524,1624,1617,0.969839,-1,CSL_bull,0.969839
65,18ZC4773.JPG,0,2072,606.4,2216.8,638.4,0.966462,-1,NES_bull,0.966462
66,18ZC4773.JPG,0,1594.4,994.4,1650.4,1022.4,0.96584,-1,CSL_cow,0.96584
67,18ZC4773.JPG,0,1458.4,1891.2,1482.4,1920.8,0.964787,-1,CSL_pup,0.964787
68,18ZC4773.JPG,0,1411.2,316,1500,356.8,0.961447,-1,CSL_cow,0.961447
69,18ZC4773.JPG,0,1320,3243.2,1352.8,3278.4,0.960151,-1,CSL_pup,0.960151
70,18ZC4773.JPG,0,1405.6,195.2,1444.8,265.6,0.958984,-1,CSL_cow,0.958984
71,18ZC4773.JPG,0,1514.4,880.8,1583.2,890.4,0.955502,-1,CSL_cow,0.955502
72,18ZC4773.JPG,0,3178,2488,3326,2642,0.954405,-1,CSL_pup,0.954405
73,18ZC4773.JPG,0,1508,2004.8,1533.6,2028,0.948338,-1,CSL_pup,0.948338
74,18ZC4773.JPG,0,1324,1760.8,1444.8,1806.4,0.948075,-1,NES_bull,0.948075
75,18ZC4773.JPG,0,1387.2,287.2,1431.2,348,0.947214,-1,CSL_cow,0.947214
76,18ZC4773.JPG,0,1474.4,3667.2,1509.6,3696,0.946751,-1,CSL_pup,0.946751
77,18ZC4773.JPG,0,1546.4,922.4,1614.4,948,0.938887,-1,CSL_cow,0.938887
78,18ZC4773.JPG,0,1749,2402,1967,2489,0.930911,-1,NES_bull,0.930911
79,18ZC4773.JPG,0,1590.4,1760,1663.2,1846.4,0.925933,-1,NES_bull,0.925933
80,18ZC4773.JPG,0,1438.4,880,1512,888,0.915283,-1,PHS,0.915283
81,18ZC4773.JPG,0,1460,3232.8,1504.8,3259.2,0.912064,-1,CSL_pup,0.912064
82,18ZC4773.JPG,0,1344,3271.2,1369.6,3278.4,0.909717,-1,CSL_pup,0.909717
83,18ZC4773.JPG,0,1136,3520,1199.2,3548.8,0.903373,-1,CSL_cow,0.903373
84,18ZC4773.JPG,0,2459.2,269.6,2504.8,307.2,0.902543,-1,CSL_bull,0.902543
85,18ZC4773.JPG,0,2400,2380.8,2430.4,2399.2,0.899118,-1,CSL_bull,0.899118
86,18ZC4773.JPG,0,1356.8,312,1379.2,363.2,0.892934,-1,CSL_cow,0.892934
87,18ZC4773.JPG,0,1296.8,3624,1327.2,3668.8,0.873701,-1,CSL_pup,0.873701
88,18ZC4773.JPG,0,1344,3256,1355.2,3278.4,0.87137,-1,CSL_pup,0.87137
89,18ZC4773.JPG,0,1402.4,319.2,1436,405.6,0.866655,-1,CSL_cow,0.866655
90,18ZC4773.JPG,0,1382.4,190.4,1404,239.2,0.864825,-1,CSL_pup,0.864825
91,18ZC4773.JPG,0,1046.4,0,1064,72,0.861608,-1,CSL_bull,0.861608
92,18ZC4773.JPG,0,1530.4,52.8,1547.2,78.3999,0.830726,-1,CSL_pup,0.830726
93,18ZC4773.JPG,0,2532,2478,2705,2626,0.808257,-1,NES_bull,0.808257
94,18ZC4773.JPG,0,1459.2,3128.8,1507.2,3162.4,0.801957,-1,CSL_cow,0.801957
95,18ZC4773.JPG,0,2049,602,2214,736,0.779606,-1,CSL_pup,0.779606
96,18ZC4773.JPG,0,1652,2498,1846,2593,0.768436,-1,NES_bull,0.768436
97,18ZC4773.JPG,0,1876.8,544,1904,576,0.765513,-1,CSL_pup,0.765513
98,18ZC4773.JPG,0,2042,820,2116,896,0.735257,-1,CSL_bull,0.735257
99,18ZC4773.JPG,0,1668.8,1886.4,1705.6,1999.2,0.731708,-1,NES_bull,0.731708
100,18ZC4773.JPG,0,1571.2,3252.8,1612.8,3275.2,0.712861,-1,CSL_pup,0.712861
101,18ZC4773.JPG,0,1788,880,1862.4,888.8,0.703022,-1,CSL_cow,0.703022
102,18ZC4773.JPG,0,2211,2368,2432,2476,0.692056,-1,NES_bull,0.692056
103,18ZC4773.JPG,0,2097.6,1435.2,2123.2,1466.4,0.686013,-1,CSL_pup,0.686013
104,18ZC4773.JPG,0,2235,2555,2419,2626,0.636784,-1,NES_bull,0.636784
105,18ZC4773.JPG,0,1932,2514,2106,2646,0.629732,-1,NES_bull,0.629732
106,18ZC4773.JPG,0,200.8,3727.2,232,3753.6,0.615103,-1,CSL_pup,0.615103
107,18ZC4773.JPG,0,1920,3605.6,1940,3654.4,0.598192,-1,NES_bull,0.598192
108,18ZC4773.JPG,0,960,3590.4,973.6,3624.8,0.570733,-1,CSL_cow,0.570733
109,18ZC4773.JPG,0,1455,780,1528,853,0.55944,-1,CSL_bull,0.55944
110,18ZC4773.JPG,0,1473.6,3733.6,1494.4,3760,0.55603,-1,CSL_pup,0.55603
111,18ZC4773.JPG,0,1564.8,1019.2,1620,1048.8,0.528159,-1,CSL_cow,0.528159
112,18ZC4773.JPG,0,118.4,1104,133.6,1139.2,0.519686,-1,CSL_pup,0.519686
113,18ZC4773.JPG,0,2075,2415,2210,2573,0.519466,-1,NES_bull,0.519466
114,18ZC4773.JPG,0,1712,1645,1763,1762,0.51279,-1,CSL_bull,0.51279
115,18ZC4773.JPG,0,882.4,3261.6,978.4,3277.6,0.492808,-1,NES_bull,0.492808
116,18ZC4773.JPG,0,1504,3216,1519.2,3232.8,0.476268,-1,CSL_pup,0.476268
117,18ZC4773.JPG,0,1432,820,1519,881,0.471869,-1,CSL_bull,0.471869
118,18ZC4773.JPG,0,1847,3425,1969,3580,0.444573,-1,NES_bull,0.444573
119,18ZC4773.JPG,0,1492.8,2017.6,1516.8,2032,0.405815,-1,CSL_pup,0.405815
120,18ZC4773.JPG,0,1950.4,3068,2025.6,3104,0.405669,-1,NES_bull,0.405669
121,18ZC4773.JPG,0,1502.4,3732,1520.8,3747.2,0.366546,-1,CSL_bull,0.366546
122,18ZC4773.JPG,0,1763,3355,1957,3436,0.365535,-1,NES_bull,0.365535
123,18ZC4773.JPG,0,1634.4,880,1668,885.6,0.363128,-1,CSL_pup,0.363128
124,18ZC4773.JPG,0,960.8,528.8,967.2,573.6,0.361324,-1,CSL_cow,0.361324
125,18ZC4773.JPG,0,1446.4,3726.4,1474.4,3753.6,0.356544,-1,CSL_pup,0.356544
126,18ZC4773.JPG,0,1540,1100,1544.8,1116,0.282459,-1,CSL_pup,0.282459
127,18ZC4773.JPG,0,1504,2714.4,1548,2735.2,0.279621,-1,CSL_pup,0.279621
128,18ZC4773.JPG,0,1920.8,2710.4,1936.8,2769.6,0.270009,-1,NES_bull,0.270009
129,18ZC4773.JPG,0,1352,264.8,1389.6,281.6,0.244473,-1,CSL_pup,0.244473
130,18ZC4773.JPG,0,1634,2573,1828,2646,0.238756,-1,NES_bull,0.238756
131,18ZC4773.JPG,0,1525.6,3778.4,1547.2,3792,0.206579,-1,CSL_bull,0.206579
132,18ZC4773.JPG,0,1583,1641,1657,1719,0.194993,-1,CSL_bull,0.194993
133,18ZC4773.JPG,0,1800,400.8,1840,418.4,0.194146,-1,CSL_pup,0.194146
134,18ZC4773.JPG,0,1502.4,3629.6,1526.4,3640.8,0.177152,-1,CSL_pup,0.177152
135,18ZC4773.JPG,0,1581.6,3735.2,1619.2,3760,0.1757,-1,CSL_pup,0.1757
136,18ZC4773.JPG,0,1353.6,336,1365.6,416,0.16521,-1,CSL_cow,0.16521
137,18ZC4773.JPG,0,1478.4,3759.2,1514.4,3781.6,0.160269,-1,CSL_pup,0.160269
138,18ZC4773.JPG,0,2286,2605,2465,2659,0.150961,-1,NES_bull,0.150961
139,18ZC4773.JPG,0,1229.6,280,1250.4,301.6,0.121649,-1,CSL_pup,0.121649
140,18ZC4773.JPG,0,1579.2,3769.6,1601.6,3788,0.119964,-1,CSL_bull,0.119964
141,18ZC4773.JPG,0,1470.4,3726.4,1483.2,3738.4,0.119052,-1,CSL_pup,0.119052
142,18ZC4773.JPG,0,1145.6,172,1182.4,187.2,0.113876,-1,PHS,0.113876
143,18ZC4773.JPG,0,1440,1099.2,1446.4,1124,0.109134,-1,CSL_cow,0.109134
144,18ZC4773.JPG,0,1245.6,2241.6,1270.4,2271.2,0.0924007,-1,CSL_pup,0.0924007
145,18ZC4773.JPG,0,1539.2,1093.6,1544.8,1108,0.0853762,-1,CSL_pup,0.0853762
146,18ZC4773.JPG,0,1540.8,3222.4,1544.8,3238.4,0.0833934,-1,CSL_pup,0.0833934
147,18ZC4773.JPG,0,1451.2,3715.2,1482.4,3738.4,0.0578425,-1,CSL_pup,0.0578425
148,18ZC4773.JPG,0,1920,1512.8,1930.4,1518.4,0.0559444,-1,CSL_pup,0.0559444
149,18ZC4890.JPG,1,3572.8,2084.8,3636,2134.4,0.999992,-1,CSL_cow,0.999992
150,18ZC4890.JPG,1,3729.6,2140.8,3819.2,2196.8,0.999989,-1,CSL_cow,0.999989
151,18ZC4890.JPG,1,3356.8,2289.6,3425.6,2345.6,0.999988,-1,CSL_cow,0.999988
152,18ZC4890.JPG,1,3755.2,2075.2,3809.6,2124,0.999987,-1,CSL_cow,0.999987
153,18ZC4890.JPG,1,3776.8,2012.8,3832,2078.4,0.999985,-1,CSL_cow,0.999985
154,18ZC4890.JPG,1,3868.8,2000,3971.2,2052,0.999983,-1,CSL_bull,0.999983
155,18ZC4890.JPG,1,3833.6,2017.6,3880,2125.6,0.999982,-1,CSL_cow,0.999982
156,18ZC4890.JPG,1,3109.6,3188,3180.8,3225.6,0.999964,-1,CSL_cow,0.999964
157,18ZC4890.JPG,1,3628,2188.8,3694.4,2234.4,0.999963,-1,CSL_cow,0.999963
158,18ZC4890.JPG,1,3918.4,1862.4,3987.2,1916,0.999962,-1,CSL_cow,0.999962
159,18ZC4890.JPG,1,3491.2,2309.6,3536.8,2392,0.999961,-1,CSL_cow,0.999961
160,18ZC4890.JPG,1,3737.6,1923.2,3784.8,1980,0.999948,-1,CSL_cow,0.999948
161,18ZC4890.JPG,1,3698.4,1792,3775.2,1876,0.999939,-1,CSL_bull,0.999939
162,18ZC4890.JPG,1,3658.4,2295.2,3716.8,2332.8,0.999916,-1,CSL_cow,0.999916
163,18ZC4890.JPG,1,3205.6,3104.8,3260,3159.2,0.999877,-1,CSL_cow,0.999877
164,18ZC4890.JPG,1,3955.2,1797.6,3990.4,1854.4,0.999824,-1,CSL_cow,0.999824
165,18ZC4890.JPG,1,3322.4,2364,3376.8,2396.8,0.999815,-1,CSL_cow,0.999815
166,18ZC4890.JPG,1,3429.6,2326.4,3464,2389.6,0.999726,-1,CSL_cow,0.999726
167,18ZC4890.JPG,1,3690.4,2131.2,3760.8,2167.2,0.999685,-1,CSL_cow,0.999685
168,18ZC4890.JPG,1,3614.4,2224.8,3707.2,2268,0.999642,-1,CSL_cow,0.999642
169,18ZC4890.JPG,1,3304,2640.8,3385.6,2658.4,0.99964,-1,CSL_cow,0.99964
170,18ZC4890.JPG,1,3861.6,1832.8,3923.2,1875.2,0.999635,-1,PHS,0.999635
171,18ZC4890.JPG,1,3624,2248,3654.4,2293.6,0.99961,-1,CSL_pup,0.99961
172,18ZC4890.JPG,1,3679.2,1916.8,3711.2,1986.4,0.999528,-1,CSL_cow,0.999528
173,18ZC4890.JPG,1,3544,2127.2,3600.8,2155.2,0.999525,-1,CSL_cow,0.999525
174,18ZC4890.JPG,1,3692,2019.2,3760,2092.8,0.999446,-1,CSL_cow,0.999446
175,18ZC4890.JPG,1,4362.4,1031.2,4424.8,1105.6,0.999294,-1,NES_bull,0.999294
176,18ZC4890.JPG,1,3643.2,2097.6,3693.6,2167.2,0.999247,-1,CSL_cow,0.999247
177,18ZC4890.JPG,1,3731.2,1984,3768,2056,0.998701,-1,CSL_cow,0.998701
178,18ZC4890.JPG,1,3386.4,2330.4,3429.6,2377.6,0.99844,-1,CSL_cow,0.99844
179,18ZC4890.JPG,1,3320,2654.4,3380,2688.8,0.998059,-1,CSL_cow,0.998059
180,18ZC4890.JPG,1,3679.2,1983.2,3732,2028.8,0.997578,-1,CSL_cow,0.997578
181,18ZC4890.JPG,1,3683.2,2079.2,3742.4,2114.4,0.997537,-1,CSL_cow,0.997537
182,18ZC4890.JPG,1,2916,3520,2971.2,3550.4,0.997531,-1,CSL_cow,0.997531
183,18ZC4890.JPG,1,3629.6,2163.2,3703.2,2193.6,0.997178,-1,CSL_cow,0.997178
184,18ZC4890.JPG,1,3584.8,2128,3656,2169.6,0.99633,-1,CSL_cow,0.99633
185,18ZC4890.JPG,1,4301,1562,4429,1643,0.995902,-1,CSL_bull,0.995902
186,18ZC4890.JPG,1,3378.4,2379.2,3416,2398.4,0.994515,-1,CSL_cow,0.994515
187,18ZC4890.JPG,1,3462.4,2304.8,3498.4,2384,0.99408,-1,CSL_cow,0.99408
188,18ZC4890.JPG,1,3752.8,1997.6,3799.2,2026.4,0.992454,-1,CSL_pup,0.992454
189,18ZC4890.JPG,1,3536,1792,3613,1859,0.991518,-1,CSL_bull,0.991518
190,18ZC4890.JPG,1,3796.8,1964,3872.8,2001.6,0.987925,-1,CSL_cow,0.987925
191,18ZC4890.JPG,1,4055.2,880,4150.4,909.6,0.985953,-1,CSL_cow,0.985953
192,18ZC4890.JPG,1,3506,1625,3599,1712,0.985475,-1,CSL_bull,0.985475
193,18ZC4890.JPG,1,3071,2556,3138,2626,0.984332,-1,CSL_bull,0.984332
194,18ZC4890.JPG,1,2294,1803,2360,1906,0.983023,-1,CSL_bull,0.983023
195,18ZC4890.JPG,1,4446.4,1836,4528.8,1889.6,0.983002,-1,CSL_bull,0.983002
196,18ZC4890.JPG,1,3631,1900,3686,2014,0.964225,-1,CSL_bull,0.964225
197,18ZC4890.JPG,1,2956,3285,3014,3392,0.930069,-1,CSL_bull,0.930069
198,18ZC4890.JPG,1,4107,758,4164,844,0.926188,-1,CSL_bull,0.926188
199,18ZC4890.JPG,1,3938,769,4000,863,0.861452,-1,CSL_bull,0.861452
200,18ZC4890.JPG,1,3254,2472,3338,2567,0.840421,-1,CSL_bull,0.840421
201,18ZC4890.JPG,1,3934.4,1806.4,3958.4,1856,0.807811,-1,CSL_cow,0.807811
202,18ZC4890.JPG,1,3142,2490,3215,2575,0.806501,-1,CSL_bull,0.806501
203,18ZC4890.JPG,1,4019,632,4089,759,0.757617,-1,CSL_bull,0.757617
204,18ZC4890.JPG,1,3061.6,3520,3125.6,3567.2,0.721931,-1,CSL_cow,0.721931
205,18ZC4890.JPG,1,960,2720,967.2,2759.2,0.705496,-1,CSL_cow,0.705496
206,18ZC4890.JPG,1,2842,3439,2925,3508,0.680984,-1,CSL_bull,0.680984
207,18ZC4890.JPG,1,4009.6,880,4057.6,888.8,0.611989,-1,PHS,0.611989
208,18ZC4890.JPG,1,2858,3386,2968,3441,0.567572,-1,CSL_bull,0.567572
209,18ZC4890.JPG,1,3333,2538,3458,2599,0.543698,-1,CSL_bull,0.543698
210,18ZC4890.JPG,1,3129,2434,3210,2487,0.455211,-1,CSL_bull,0.455211
211,18ZC4890.JPG,1,4054.4,880,4096,893.6,0.402632,-1,CSL_pup,0.402632
212,18ZC4890.JPG,1,4051,774,4120,843,0.397124,-1,CSL_bull,0.397124
213,18ZC4890.JPG,1,2935,3392,2994,3450,0.39214,-1,CSL_cow,0.39214
214,18ZC4890.JPG,1,3710.4,1925.6,3741.6,1993.6,0.367802,-1,CSL_cow,0.367802
215,18ZC4890.JPG,1,3372,2373,3441,2436,0.363072,-1,CSL_bull,0.363072
216,18ZC4890.JPG,1,3645,1917,3787,2170,0.321458,-1,CSL_bull,0.321458
217,18ZC4890.JPG,1,2916,3429,2972,3496,0.317731,-1,CSL_cow,0.317731
218,18ZC4890.JPG,1,3723,2033,3786,2115,0.309365,-1,CSL_bull,0.309365
219,18ZC4890.JPG,1,3330,2296,3389,2419,0.304534,-1,CSL_bull,0.304534
220,18ZC4890.JPG,1,4020.8,630.4,4092,639.2,0.2142,-1,NES_bull,0.2142
221,18ZC4890.JPG,1,3986,819,4084,892,0.210992,-1,CSL_bull,0.210992
222,18ZC4890.JPG,1,3185,2446,3262,2542,0.189809,-1,CSL_bull,0.189809
223,18ZC4890.JPG,1,3840,517.6,3876,639.2,0.128681,-1,NES_bull,0.128681
224,18ZC4890.JPG,1,3453.6,2308.8,3469.6,2384,0.127407,-1,CSL_cow,0.127407
225,18ZC4890.JPG,1,1184.8,2856.8,1198.4,2882.4,0.106811,-1,CSL_bull,0.106811
226,18ZC4890.JPG,1,3326.4,2386.4,3356,2397.6,0.0784459,-1,CSL_pup,0.0784459
227,18ZC4890.JPG,1,3360.8,2304.8,3367.2,2388,0.0671838,-1,CSL_cow,0.0671838
228,18ZC4890.JPG,1,2880,3536,2885.6,3584.8,0.0591793,-1,CSL_cow,0.0591793
229,18ZC4890.JPG,1,1492,431.2,1500,452,0.0529419,-1,CSL_cow,0.0529419
230,18ZC4890.JPG,1,3864.8,2042.4,3881.6,2075.2,0.0508598,-1,CSL_pup,0.0508598
231,18ZC5063.JPG,2,1316.8,1243.2,1336.8,1282.4,0.999997,-1,CSL_pup,0.999997
232,18ZC5063.JPG,2,2529.6,1436.8,2598.4,1491.2,0.999997,-1,CSL_cow,0.999997
233,18ZC5063.JPG,2,2640.8,2811.2,2677.6,2833.6,0.999991,-1,CSL_pup,0.999991
234,18ZC5063.JPG,2,1327.2,1141.6,1374.4,1222.4,0.999989,-1,CSL_cow,0.999989
235,18ZC5063.JPG,2,2192,2011.2,2228.8,2060.8,0.999982,-1,CSL_cow,0.999982
236,18ZC5063.JPG,2,1315.2,1286.4,1336.8,1336,0.999981,-1,CSL_pup,0.999981
237,18ZC5063.JPG,2,2659.2,2967.2,2696.8,2990.4,0.999981,-1,CSL_pup,0.999981
238,18ZC5063.JPG,2,2654.4,2838.4,2690.4,2868,0.999978,-1,CSL_pup,0.999978
239,18ZC5063.JPG,2,523.2,43.2,590.4,92.8,0.999975,-1,CSL_cow,0.999975
240,18ZC5063.JPG,2,2390.4,2211.2,2413.6,2260.8,0.999971,-1,CSL_pup,0.999971
241,18ZC5063.JPG,2,1408,1.6001,1490.4,52,0.999967,-1,CSL_cow,0.999967
242,18ZC5063.JPG,2,2678.4,2981.6,2698.4,3016,0.999967,-1,CSL_pup,0.999967
243,18ZC5063.JPG,2,3267.2,2252,3292,2281.6,0.999966,-1,CSL_pup,0.999966
244,18ZC5063.JPG,2,1518.4,96.8,1552,140.8,0.999952,-1,CSL_pup,0.999952
245,18ZC5063.JPG,2,2347.2,2270.4,2385.6,2298.4,0.999946,-1,CSL_pup,0.999946
246,18ZC5063.JPG,2,681.6,130.4,708.8,159.2,0.999941,-1,CSL_pup,0.999941
247,18ZC5063.JPG,2,1741.6,2220,1782.4,2244,0.999918,-1,CSL_pup,0.999918
248,18ZC5063.JPG,2,1607.2,1492,1636.8,1517.6,0.999906,-1,CSL_pup,0.999906
249,18ZC5063.JPG,2,679.2,880,718.4,901.6,0.999886,-1,CSL_pup,0.999886
250,18ZC5063.JPG,2,2360,2920,2414.4,2955.2,0.999869,-1,CSL_cow,0.999869
251,18ZC5063.JPG,2,3140.8,2196,3226.4,2256.8,0.999866,-1,CSL_cow,0.999866
252,18ZC5063.JPG,2,2356.8,2297.6,2401.6,2320.8,0.999865,-1,CSL_pup,0.999865
253,18ZC5063.JPG,2,405.6,216.8,456,265.6,0.999861,-1,CSL_cow,0.999861
254,18ZC5063.JPG,2,2589.6,2906.4,2630.4,2934.4,0.999834,-1,CSL_pup,0.999834
255,18ZC5063.JPG,2,2635.2,2981.6,2666.4,3005.6,0.999833,-1,CSL_pup,0.999833
256,18ZC5063.JPG,2,374.4,179.2,413.6,205.6,0.99982,-1,CSL_cow,0.99982
257,18ZC5063.JPG,2,3915.2,1472.8,3938.4,1513.6,0.999708,-1,CSL_pup,0.999708
258,18ZC5063.JPG,2,2559.2,1492,2610.4,1516.8,0.999705,-1,CSL_cow,0.999705
259,18ZC5063.JPG,2,685.6,155.2,722.4,178.4,0.999659,-1,CSL_pup,0.999659
260,18ZC5063.JPG,2,276,8.80005,317.6,56,0.999628,-1,CSL_cow,0.999628
261,18ZC5063.JPG,2,1384.8,1797.6,1408.8,1832.8,0.999623,-1,CSL_pup,0.999623
262,18ZC5063.JPG,2,2275.2,2200,2296,2229.6,0.999593,-1,CSL_pup,0.999593
263,18ZC5063.JPG,2,2037.6,254.4,2079.2,288.8,0.999584,-1,CSL_pup,0.999584
264,18ZC5063.JPG,2,3176,2079.2,3225.6,2149.6,0.999561,-1,CSL_bull,0.999561
265,18ZC5063.JPG,2,2682.4,2927.2,2713.6,2956,0.999559,-1,CSL_pup,0.999559
266,18ZC5063.JPG,2,2724.8,2941.6,2754.4,2978.4,0.999488,-1,CSL_pup,0.999488
267,18ZC5063.JPG,2,1012.8,1277.6,1048.8,1304,0.999483,-1,CSL_pup,0.999483
268,18ZC5063.JPG,2,1432.8,1291.2,1464,1315.2,0.999462,-1,CSL_pup,0.999462
269,18ZC5063.JPG,2,2619.2,2820,2654.4,2844,0.999442,-1,CSL_pup,0.999442
270,18ZC5063.JPG,2,2400.8,2249.6,2420,2290.4,0.999366,-1,CSL_cow,0.999366
271,18ZC5063.JPG,2,2684.8,2846.4,2711.2,2878.4,0.999319,-1,CSL_pup,0.999319
272,18ZC5063.JPG,2,785.6,1200.8,826.4,1252.8,0.99929,-1,CSL_cow,0.99929
273,18ZC5063.JPG,2,1372.8,1113.6,1402.4,1160.8,0.999231,-1,CSL_pup,0.999231
274,18ZC5063.JPG,2,996.8,1299.2,1037.6,1318.4,0.999068,-1,CSL_pup,0.999068
275,18ZC5063.JPG,2,342.4,232,369.6,292.8,0.999066,-1,CSL_cow,0.999066
276,18ZC5063.JPG,2,304.8,262.4,350.4,296.8,0.999058,-1,CSL_cow,0.999058
277,18ZC5063.JPG,2,1387.2,1271.2,1438.4,1293.6,0.999047,-1,CSL_pup,0.999047
278,18ZC5063.JPG,2,2297.6,1326.4,2348.8,1392.8,0.998969,-1,CSL_cow,0.998969
279,18ZC5063.JPG,2,2712.8,2992,2773.6,3016.8,0.998951,-1,CSL_pup,0.998951
280,18ZC5063.JPG,2,1490.4,1960.8,1544.8,2041.6,0.998899,-1,CSL_cow,0.998899
281,18ZC5063.JPG,2,2360,2197.6,2401.6,2225.6,0.998837,-1,CSL_pup,0.998837
282,18ZC5063.JPG,2,2434.4,2934.4,2480,2965.6,0.998818,-1,CSL_cow,0.998818
283,18ZC5063.JPG,2,2764.8,3065.6,2797.6,3126.4,0.998792,-1,CSL_cow,0.998792
284,18ZC5063.JPG,2,1882.4,2102.4,1913.6,2142.4,0.998681,-1,CSL_pup,0.998681
285,18ZC5063.JPG,2,2601.6,2792,2632.8,2835.2,0.998503,-1,CSL_pup,0.998503
286,18ZC5063.JPG,2,2688.8,2866.4,2716.8,2899.2,0.998482,-1,CSL_pup,0.998482
287,18ZC5063.JPG,2,524,209.6,572,253.6,0.99845,-1,CSL_cow,0.99845
288,18ZC5063.JPG,2,2704,2956,2727.2,3000,0.99844,-1,CSL_pup,0.99844
289,18ZC5063.JPG,2,3016,328.8,3107.2,376.8,0.998364,-1,CSL_bull,0.998364
290,18ZC5063.JPG,2,2723.2,3016.8,2764.8,3043.2,0.998355,-1,CSL_pup,0.998355
291,18ZC5063.JPG,2,1128.8,1027.2,1188,1061.6,0.998339,-1,CSL_cow,0.998339
292,18ZC5063.JPG,2,1229.6,963.2,1272.8,988,0.998137,-1,CSL_pup,0.998137
293,18ZC5063.JPG,2,2518.4,1368,2596.8,1448.8,0.998081,-1,CSL_bull,0.998081
294,18ZC5063.JPG,2,338.4,11.2,381.6,66.3999,0.998039,-1,CSL_cow,0.998039
295,18ZC5063.JPG,2,1060,615.2,1111.2,637.6,0.997828,-1,CSL_pup,0.997828
296,18ZC5063.JPG,2,767.2,269.6,797.6,310.4,0.997565,-1,CSL_pup,0.997565
297,18ZC5063.JPG,2,2400,2347.2,2414.4,2386.4,0.997549,-1,CSL_pup,0.997549
298,18ZC5063.JPG,2,1222.4,888.8,1254.4,928,0.997468,-1,CSL_pup,0.997468
299,18ZC5063.JPG,2,588.8,111.2,624.8,168,0.997058,-1,PHS,0.997058
300,18ZC5063.JPG,2,3152,2145.6,3228.8,2224,0.996752,-1,CSL_cow,0.996752
301,18ZC5063.JPG,2,2970.4,415.2,3063.2,476.8,0.996656,-1,CSL_bull,0.996656
302,18ZC5063.JPG,2,2520,2876.8,2560.8,2917.6,0.99661,-1,CSL_pup,0.99661
303,18ZC5063.JPG,2,632,451.2,681.6,481.6,0.99646,-1,CSL_cow,0.99646
304,18ZC5063.JPG,2,2304,456.8,2347.2,578.4,0.996323,-1,CSL_cow,0.996323
305,18ZC5063.JPG,2,4012,1596,4075,1685,0.996183,-1,CSL_bull,0.996183
306,18ZC5063.JPG,2,2352,2340.8,2399.2,2368.8,0.995697,-1,CSL_pup,0.995697
307,18ZC5063.JPG,2,650.4,314.4,671.2,353.6,0.995656,-1,CSL_pup,0.995656
308,18ZC5063.JPG,2,2350.4,2321.6,2398.4,2343.2,0.995407,-1,CSL_pup,0.995407
309,18ZC5063.JPG,2,603.2,383.2,642.4,423.2,0.995345,-1,CSL_cow,0.995345
310,18ZC5063.JPG,2,1269.6,1305.6,1301.6,1340.8,0.99421,-1,CSL_pup,0.99421
311,18ZC5063.JPG,2,3040.8,1352,3065.6,1382.4,0.993654,-1,CSL_pup,0.993654
312,18ZC5063.JPG,2,1444,1780,1489.6,1828,0.99361,-1,CSL_cow,0.99361
313,18ZC5063.JPG,2,1195.2,880,1234.4,896,0.993162,-1,CSL_pup,0.993162
314,18ZC5063.JPG,2,1480,0,1532.8,74.3999,0.992736,-1,CSL_cow,0.992736
315,18ZC5063.JPG,2,662.4,234.4,696.8,267.2,0.992259,-1,CSL_pup,0.992259
316,18ZC5063.JPG,2,3643.2,1787.2,3679.2,1836.8,0.991939,-1,CSL_cow,0.991939
317,18ZC5063.JPG,2,2273.6,2301.6,2312.8,2332,0.991913,-1,CSL_pup,0.991913
318,18ZC5063.JPG,2,1031.2,1195.2,1066.4,1221.6,0.991644,-1,CSL_pup,0.991644
319,18ZC5063.JPG,2,1336.8,1036.8,1400.8,1065.6,0.991111,-1,CSL_cow,0.991111
320,18ZC5063.JPG,2,1268.8,1336,1300.8,1376,0.990367,-1,CSL_pup,0.990367
321,18ZC5063.JPG,2,1988.8,2028,2020,2047.2,0.990362,-1,CSL_pup,0.990362
322,18ZC5063.JPG,2,1392,1175.2,1448.8,1200.8,0.990198,-1,CSL_cow,0.990198
323,18ZC5063.JPG,2,424.8,301.6,468.8,366.4,0.989477,-1,CSL_cow,0.989477
324,18ZC5063.JPG,2,4288,3307,4374,3371,0.988856,-1,CSL_bull,0.988856
325,18ZC5063.JPG,2,2350.4,2248,2413.6,2278.4,0.98844,-1,CSL_cow,0.98844
326,18ZC5063.JPG,2,3409.6,2319.2,3443.2,2361.6,0.987914,-1,CSL_pup,0.987914
327,18ZC5063.JPG,2,1074.4,1157.6,1114.4,1180.8,0.98762,-1,CSL_pup,0.98762
328,18ZC5063.JPG,2,673.6,174.4,714.4,200.8,0.987318,-1,CSL_pup,0.987318
329,18ZC5063.JPG,2,4545,2946,4633,3021,0.987013,-1,CSL_bull,0.987013
330,18ZC5063.JPG,2,883.2,1060,923.2,1116.8,0.986976,-1,CSL_cow,0.986976
331,18ZC5063.JPG,2,1832,607.2,1857.6,632,0.986774,-1,CSL_pup,0.986774
332,18ZC5063.JPG,2,3028,373.6,3096,476,0.982972,-1,CSL_bull,0.982972
333,18ZC5063.JPG,2,2880,1436.8,2896,1476.8,0.982345,-1,CSL_pup,0.982345
334,18ZC5063.JPG,2,2493.6,262.4,2504,323.2,0.982314,-1,CSL_bull,0.982314
335,18ZC5063.JPG,2,253.6,211.2,293.6,263.2,0.98176,-1,CSL_cow,0.98176
336,18ZC5063.JPG,2,2667.2,2860,2700.8,2889.6,0.98171,-1,CSL_pup,0.98171
337,18ZC5063.JPG,2,1180.8,1084,1222.4,1124.8,0.981705,-1,CSL_cow,0.981705
338,18ZC5063.JPG,2,143.2,312,192,398.4,0.981445,-1,CSL_cow,0.981445
339,18ZC5063.JPG,2,1691,1125,1801,1190,0.98136,-1,CSL_bull,0.98136
340,18ZC5063.JPG,2,2869,1501,2979,1562,0.980584,-1,CSL_bull,0.980584
341,18ZC5063.JPG,2,1384,22.3999,1477.6,78.3999,0.97934,-1,CSL_cow,0.97934
342,18ZC5063.JPG,2,260.8,240,311.2,277.6,0.979156,-1,CSL_cow,0.979156
343,18ZC5063.JPG,2,4168,2242,4258,2313,0.97908,-1,CSL_bull,0.97908
344,18ZC5063.JPG,2,1203.2,1085.6,1242.4,1140.8,0.977969,-1,CSL_cow,0.977969
345,18ZC5063.JPG,2,14.4,569.6,46.4,588.8,0.977896,-1,CSL_pup,0.977896
346,18ZC5063.JPG,2,3901,1319,3960,1395,0.975055,-1,CSL_bull,0.975055
347,18ZC5063.JPG,2,3676.8,1760,3759.2,1811.2,0.974261,-1,CSL_cow,0.974261
348,18ZC5063.JPG,2,1336.8,1004.8,1392.8,1028.8,0.973879,-1,CSL_pup,0.973879
349,18ZC5063.JPG,2,2404.8,2389.6,2439.2,2399.2,0.973234,-1,CSL_pup,0.973234
350,18ZC5063.JPG,2,587.2,267.2,635.2,296.8,0.972284,-1,CSL_cow,0.972284
351,18ZC5063.JPG,2,1996,880,2025.6,904.8,0.969297,-1,CSL_bull,0.969297
352,18ZC5063.JPG,2,1665.6,1490.4,1714.4,1518.4,0.967749,-1,CSL_cow,0.967749
353,18ZC5063.JPG,2,3216.8,2149.6,3254.4,2194.4,0.967742,-1,CSL_cow,0.967742
354,18ZC5063.JPG,2,18.4,508.8,68,544.8,0.966162,-1,CSL_pup,0.966162
355,18ZC5063.JPG,2,1533.6,2312,1545.6,2358.4,0.965804,-1,CSL_pup,0.965804
356,18ZC5063.JPG,2,653.6,107.2,713.6,135.2,0.965307,-1,CSL_cow,0.965307
357,18ZC5063.JPG,2,2632,3001.6,2676.8,3025.6,0.963132,-1,CSL_pup,0.963132
358,18ZC5063.JPG,2,3208.8,2223.2,3265.6,2253.6,0.963097,-1,CSL_pup,0.963097
359,18ZC5063.JPG,2,1387.2,1254.4,1439.2,1279.2,0.963005,-1,CSL_pup,0.963005
360,18ZC5063.JPG,2,2635.2,2940,2680.8,2973.6,0.961083,-1,CSL_pup,0.961083
361,18ZC5063.JPG,2,3898,1540,3964,1604,0.958888,-1,CSL_bull,0.958888
362,18ZC5063.JPG,2,964.8,1460.8,989.6,1493.6,0.957489,-1,CSL_pup,0.957489
363,18ZC5063.JPG,2,3317.6,3745.6,3366.4,3777.6,0.950321,-1,CSL_cow,0.950321
364,18ZC5063.JPG,2,3693,628,3804,678,0.949384,-1,CSL_bull,0.949384
365,18ZC5063.JPG,2,646.4,152,669.6,207.2,0.947425,-1,CSL_cow,0.947425
366,18ZC5063.JPG,2,1072,1768.8,1107.2,1800.8,0.943239,-1,CSL_cow,0.943239
367,18ZC5063.JPG,2,3438,2778,3524,2901,0.940944,-1,CSL_bull,0.940944
368,18ZC5063.JPG,2,2981,1609,3055,1704,0.939816,-1,CSL_bull,0.939816
369,18ZC5063.JPG,2,620.8,425.6,648.8,450.4,0.937465,-1,CSL_pup,0.937465
370,18ZC5063.JPG,2,2605,2934,2691,3029,0.932479,-1,CSL_bull,0.932479
371,18ZC5063.JPG,2,783.2,210.4,815.2,252,0.927303,-1,CSL_pup,0.927303
372,18ZC5063.JPG,2,863.2,193.6,896.8,240,0.926237,-1,CSL_cow,0.926237
373,18ZC5063.JPG,2,683.2,193.6,710.4,217.6,0.919088,-1,CSL_pup,0.919088
374,18ZC5063.JPG,2,632.8,376,652.8,400.8,0.916897,-1,CSL_pup,0.916897
375,18ZC5063.JPG,2,2037.6,231.2,2079.2,265.6,0.91624,-1,CSL_cow,0.91624
376,18ZC5063.JPG,2,79.2,131.2,128,162.4,0.914925,-1,CSL_pup,0.914925
377,18ZC5063.JPG,2,476.8,206.4,508,256,0.910476,-1,PHS,0.910476
378,18ZC5063.JPG,2,3978,3275,4071,3334,0.907073,-1,CSL_bull,0.907073
379,18ZC5063.JPG,2,3100,1804,3190,1873,0.90552,-1,CSL_bull,0.90552
380,18ZC5063.JPG,2,671.2,192.8,690.4,218.4,0.903652,-1,CSL_pup,0.903652
381,18ZC5063.JPG,2,616.8,144,653.6,197.6,0.903526,-1,CSL_cow,0.903526
382,18ZC5063.JPG,2,5,1718,101,1843,0.902383,-1,CSL_bull,0.902383
383,18ZC5063.JPG,2,2400,882.4,2436.8,912.8,0.898095,-1,CSL_pup,0.898095
384,18ZC5063.JPG,2,1775,1424,1857,1506,0.897273,-1,CSL_bull,0.897273
385,18ZC5063.JPG,2,3574,533,3673,589,0.89378,-1,CSL_bull,0.89378
386,18ZC5063.JPG,2,2538,1573,2674,1643,0.890625,-1,CSL_bull,0.890625
387,18ZC5063.JPG,2,3006,1831,3103,1881,0.889385,-1,CSL_bull,0.889385
388,18ZC5063.JPG,2,784.8,432,824,452,0.887236,-1,CSL_pup,0.887236
389,18ZC5063.JPG,2,4873.6,996.8,4911.2,1027.2,0.886536,-1,CSL_cow,0.886536
390,18ZC5063.JPG,2,3354,2300,3438,2371,0.886218,-1,CSL_bull,0.886218
391,18ZC5063.JPG,2,3975,1353,4029,1428,0.884313,-1,CSL_bull,0.884313
392,18ZC5063.JPG,2,1472.8,1153.6,1495.2,1204,0.879111,-1,CSL_cow,0.879111
393,18ZC5063.JPG,2,740,212.8,764,245.6,0.876053,-1,CSL_pup,0.876053
394,18ZC5063.JPG,2,1440,2311.2,1476,2369.6,0.874972,-1,CSL_cow,0.874972
395,18ZC5063.JPG,2,1079.2,1182.4,1115.2,1196.8,0.874397,-1,CSL_pup,0.874397
396,18ZC5063.JPG,2,3085,2243,3171,2324,0.871538,-1,CSL_bull,0.871538
397,18ZC5063.JPG,2,1685,927,1752,1039,0.86855,-1,CSL_bull,0.86855
398,18ZC5063.JPG,2,2361.6,2366.4,2404.8,2395.2,0.868339,-1,CSL_pup,0.868339
399,18ZC5063.JPG,2,4320,3069.6,4405.6,3134.4,0.861967,-1,CSL_bull,0.861967
400,18ZC5063.JPG,2,2777,1374,2876,1432,0.855489,-1,CSL_bull,0.855489
401,18ZC5063.JPG,2,1316.8,0,1418.4,31.2,0.84958,-1,CSL_cow,0.84958
402,18ZC5063.JPG,2,3510,3122,3554,3263,0.846492,-1,CSL_bull,0.846492
403,18ZC5063.JPG,2,3816,1430,3909,1491,0.84399,-1,CSL_bull,0.84399
404,18ZC5063.JPG,2,2681,1552,2830,1598,0.840879,-1,CSL_bull,0.840879
405,18ZC5063.JPG,2,4275,2292,4375,2414,0.832929,-1,CSL_bull,0.832929
406,18ZC5063.JPG,2,2566.4,1760.8,2618.4,1774.4,0.822491,-1,NES_bull,0.822491
407,18ZC5063.JPG,2,1218.4,940.8,1262.4,976,0.821834,-1,CSL_pup,0.821834
408,18ZC5063.JPG,2,3842,1811,3903,1908,0.81838,-1,CSL_bull,0.81838
409,18ZC5063.JPG,2,3166,3322,3215,3414,0.816529,-1,CSL_bull,0.816529
410,18ZC5063.JPG,2,3491,2584,3600,2637,0.80915,-1,CSL_bull,0.80915
411,18ZC5063.JPG,2,83.2,44,116.8,68.8,0.796816,-1,CSL_pup,0.796816
412,18ZC5063.JPG,2,3407,2487,3520,2542,0.791511,-1,CSL_bull,0.791511
413,18ZC5063.JPG,2,3616,2452,3687,2527,0.791027,-1,CSL_bull,0.791027
414,18ZC5063.JPG,2,2198.4,1990.4,2216.8,2012.8,0.790461,-1,CSL_pup,0.790461
415,18ZC5063.JPG,2,4048,1976,4139,2042,0.789727,-1,CSL_bull,0.789727
416,18ZC5063.JPG,2,1518.4,2216.8,1544,2270.4,0.788288,-1,CSL_cow,0.788288
417,18ZC5063.JPG,2,3578,1855,3664,1931,0.785716,-1,CSL_bull,0.785716
418,18ZC5063.JPG,2,1805,429,1922,481,0.785287,-1,CSL_bull,0.785287
419,18ZC5063.JPG,2,2597.6,2939.2,2648,2967.2,0.768103,-1,CSL_pup,0.768103
420,18ZC5063.JPG,2,1048.8,1149.6,1064.8,1169.6,0.763908,-1,CSL_pup,0.763908
421,18ZC5063.JPG,2,4462.4,1462.4,4524.8,1501.6,0.751424,-1,CSL_cow,0.751424
422,18ZC5063.JPG,2,1181.6,938.4,1218.4,977.6,0.74536,-1,CSL_pup,0.74536
423,18ZC5063.JPG,2,1016,1202.4,1050.4,1228,0.743669,-1,CSL_pup,0.743669
424,18ZC5063.JPG,2,1059.2,1204.8,1064.8,1232.8,0.742668,-1,CSL_pup,0.742668
425,18ZC5063.JPG,2,3718,2548,3785,2614,0.740105,-1,CSL_bull,0.740105
426,18ZC5063.JPG,2,580.8,880.8,671.2,964.8,0.70612,-1,NES_bull,0.70612
427,18ZC5063.JPG,2,1053.6,1208,1093.6,1228.8,0.701821,-1,CSL_pup,0.701821
428,18ZC5063.JPG,2,64,114.4,98.4,130.4,0.700485,-1,CSL_pup,0.700485
429,18ZC5063.JPG,2,3669,2663,3785,2716,0.690164,-1,CSL_bull,0.690164
430,18ZC5063.JPG,2,1530.4,2039.2,1544.8,2120,0.670508,-1,CSL_cow,0.670508
431,18ZC5063.JPG,2,1440,2347.2,1447.2,2378.4,0.668039,-1,CSL_pup,0.668039
432,18ZC5063.JPG,2,4241,2197,4320,2267,0.663891,-1,CSL_bull,0.663891
433,18ZC5063.JPG,2,4195,3714,4260,3804,0.66107,-1,CSL_bull,0.66107
434,18ZC5063.JPG,2,4239,2876,4375,2924,0.660776,-1,CSL_bull,0.660776
435,18ZC5063.JPG,2,2263,1228,2363,1311,0.641601,-1,CSL_bull,0.641601
436,18ZC5063.JPG,2,397.6,33.6001,436.8,71.2,0.640036,-1,CSL_cow,0.640036
437,18ZC5063.JPG,2,3780,1746,3871,1811,0.638238,-1,CSL_bull,0.638238
438,18ZC5063.JPG,2,519.2,550.4,554.4,581.6,0.628732,-1,CSL_pup,0.628732
439,18ZC5063.JPG,2,5305,2943,5387,2995,0.625984,-1,CSL_bull,0.625984
440,18ZC5063.JPG,2,1172,866,1257,962,0.620293,-1,CSL_bull,0.620293
441,18ZC5063.JPG,2,2386,1391,2484,1462,0.610463,-1,CSL_bull,0.610463
442,18ZC5063.JPG,2,1342.4,1024.8,1396.8,1040,0.607051,-1,CSL_pup,0.607051
443,18ZC5063.JPG,2,2743,2482,2809,2588,0.603394,-1,CSL_bull,0.603394
444,18ZC5063.JPG,2,2477.6,1428.8,2504,1475.2,0.589984,-1,CSL_bull,0.589984
445,18ZC5063.JPG,2,3685.6,1818.4,3728.8,1848,0.578027,-1,CSL_cow,0.578027
446,18ZC5063.JPG,2,1044.8,1270.4,1079.2,1292,0.571675,-1,CSL_pup,0.571675
447,18ZC5063.JPG,2,3482,439,3607,499,0.563513,-1,CSL_bull,0.563513
448,18ZC5063.JPG,2,1056.8,1243.2,1064.8,1273.6,0.560787,-1,CSL_pup,0.560787
449,18ZC5063.JPG,2,3124.8,2268.8,3161.6,2287.2,0.5607,-1,CSL_pup,0.5607
450,18ZC5063.JPG,2,1145,795,1201,886,0.547776,-1,CSL_bull,0.547776
451,18ZC5063.JPG,2,1465.6,1951.2,1492,2000.8,0.542457,-1,CSL_cow,0.542457
452,18ZC5063.JPG,2,1585,1645,1648,1742,0.541199,-1,CSL_bull,0.541199
453,18ZC5063.JPG,2,668.8,320,716.8,343.2,0.540966,-1,CSL_cow,0.540966
454,18ZC5063.JPG,2,3954,1940,4046,1999,0.533386,-1,CSL_bull,0.533386
455,18ZC5063.JPG,2,2550,923,2606,986,0.532601,-1,CSL_cow,0.532601
456,18ZC5063.JPG,2,3853,1602,3920,1696,0.528694,-1,CSL_bull,0.528694
457,18ZC5063.JPG,2,3220,2255,3311,2327,0.512888,-1,CSL_bull,0.512888
458,18ZC5063.JPG,2,1101.6,2139.2,1140,2162.4,0.51211,-1,CSL_bull,0.51211
459,18ZC5063.JPG,2,1434.4,1982.4,1480.8,2063.2,0.511654,-1,CSL_cow,0.511654
460,18ZC5063.JPG,2,1193.6,890.4,1234.4,913.6,0.508919,-1,CSL_pup,0.508919
461,18ZC5063.JPG,2,1096.8,1170.4,1141.6,1188,0.487621,-1,CSL_pup,0.487621
462,18ZC5063.JPG,2,3837,3388,3922,3466,0.483835,-1,CSL_bull,0.483835
463,18ZC5063.JPG,2,1802,1235,1875,1336,0.476675,-1,CSL_bull,0.476675
464,18ZC5063.JPG,2,3203,2855,3264,2952,0.47618,-1,CSL_bull,0.47618
465,18ZC5063.JPG,2,930,1408,993,1487,0.463057,-1,CSL_bull,0.463057
466,18ZC5063.JPG,2,2522,1234,2575,1322,0.448604,-1,CSL_bull,0.448604
467,18ZC5063.JPG,2,1606.4,1512.8,1642.4,1517.6,0.445827,-1,CSL_pup,0.445827
468,18ZC5063.JPG,2,3261,2630,3363,2687,0.434622,-1,CSL_bull,0.434622
469,18ZC5063.JPG,2,182.4,347.2,242.4,380,0.415613,-1,CSL_cow,0.415613
470,18ZC5063.JPG,2,2974,1491,3063,1555,0.415372,-1,CSL_bull,0.415372
471,18ZC5063.JPG,2,3303,2479,3388,2536,0.396245,-1,CSL_bull,0.396245
472,18ZC5063.JPG,2,2007.2,60.8,2024.8,101.6,0.388645,-1,CSL_pup,0.388645
473,18ZC5063.JPG,2,1691,1301,1734,1387,0.387714,-1,CSL_bull,0.387714
474,18ZC5063.JPG,2,1662,1588,1763,1651,0.385583,-1,CSL_bull,0.385583
475,18ZC5063.JPG,2,670.4,365.6,688.8,387.2,0.375158,-1,CSL_pup,0.375158
476,18ZC5063.JPG,2,1024.8,1219.2,1053.6,1236,0.374961,-1,CSL_pup,0.374961
477,18ZC5063.JPG,2,4259,2690,4330,2749,0.372251,-1,CSL_cow,0.372251
478,18ZC5063.JPG,2,671.2,76.8,723.2,108,0.358151,-1,CSL_cow,0.358151
479,18ZC5063.JPG,2,359.2,0.800049,383.2,20.8,0.356017,-1,CSL_pup,0.356017
480,18ZC5063.JPG,2,1022.4,1396.8,1064,1432.8,0.337084,-1,CSL_cow,0.337084
481,18ZC5063.JPG,2,1440,1222.4,1444,1274.4,0.334422,-1,CSL_cow,0.334422
482,18ZC5063.JPG,2,3643,2541,3756,2596,0.334163,-1,CSL_bull,0.334163
483,18ZC5063.JPG,2,4137,2010,4231,2066,0.327969,-1,CSL_bull,0.327969
484,18ZC5063.JPG,2,1831.2,1475.2,1848.8,1502.4,0.326857,-1,CSL_pup,0.326857
485,18ZC5063.JPG,2,3424,3210,3475,3289,0.31338,-1,CSL_bull,0.31338
486,18ZC5063.JPG,2,1040,1275.2,1064.8,1336.8,0.309697,-1,CSL_cow,0.309697
487,18ZC5063.JPG,2,2331,1467,2389,1553,0.30755,-1,CSL_bull,0.30755
488,18ZC5063.JPG,2,4621,1159,4740,1209,0.296714,-1,CSL_bull,0.296714
489,18ZC5063.JPG,2,3535,2533,3645,2589,0.274217,-1,CSL_bull,0.274217
490,18ZC5063.JPG,2,2120,1007,2239,1060,0.272047,-1,CSL_bull,0.272047
491,18ZC5063.JPG,2,1927.2,1998.4,1952,2020.8,0.26192,-1,CSL_pup,0.26192
492,18ZC5063.JPG,2,2447.2,2395.2,2461.6,2398.4,0.246268,-1,CSL_pup,0.246268
493,18ZC5063.JPG,2,2724,2979.2,2760.8,2996,0.245711,-1,CSL_pup,0.245711
494,18ZC5063.JPG,2,2014.4,2116,2023.2,2132,0.215191,-1,CSL_cow,0.215191
495,18ZC5063.JPG,2,2400,2299.2,2401.6,2309.6,0.215109,-1,CSL_pup,0.215109
496,18ZC5063.JPG,2,2400,880.8,2403.2,890.4,0.214875,-1,CSL_pup,0.214875
497,18ZC5063.JPG,2,2313.6,2337.6,2335.2,2363.2,0.203833,-1,CSL_pup,0.203833
498,18ZC5063.JPG,2,1063.2,1248,1064.8,1275.2,0.202638,-1,CSL_pup,0.202638
499,18ZC5063.JPG,2,84.8,121.6,116,138.4,0.194365,-1,CSL_pup,0.194365
500,18ZC5063.JPG,2,852,1205.6,902.4,1229.6,0.183244,-1,CSL_cow,0.183244
501,18ZC5063.JPG,2,560,42.3999,583.2,77.6001,0.182799,-1,CSL_pup,0.182799
502,18ZC5063.JPG,2,1867.2,2148.8,1898.4,2172,0.18,-1,CSL_pup,0.18
503,18ZC5063.JPG,2,693.6,222.4,722.4,252.8,0.174749,-1,CSL_pup,0.174749
504,18ZC5063.JPG,2,5448.8,2835.2,5490.4,2865.6,0.133924,-1,CSL_cow,0.133924
505,18ZC5063.JPG,2,1532.8,0,1560,16,0.124355,-1,CSL_cow,0.124355
506,18ZC5063.JPG,2,1480.8,2.3999,1536.8,16.8,0.100857,-1,CSL_cow,0.100857
507,18ZC5063.JPG,2,3244.8,2640.8,3272,2655.2,0.0968866,-1,CSL_bull,0.0968866
508,18ZC5063.JPG,2,501.6,2640,580,2655.2,0.0961932,-1,NES_bull,0.0961932
509,18ZC5063.JPG,2,1007.2,1512,1057.6,1519.2,0.0905261,-1,CSL_cow,0.0905261
510,18ZC5063.JPG,2,1051.2,1189.6,1070.4,1200,0.088631,-1,CSL_pup,0.088631
511,18ZC5063.JPG,2,643.2,880.8,663.2,886.4,0.0730145,-1,CSL_cow,0.0730145
512,18ZC5063.JPG,2,32.8,96,93.6,123.2,0.0717531,-1,CSL_pup,0.0717531
513,18ZC5063.JPG,2,607.2,9.6001,664,33.6001,0.0702667,-1,CSL_cow,0.0702667
514,18ZC5063.JPG,2,2400,2392.8,2407.2,2397.6,0.0687909,-1,CSL_pup,0.0687909
515,18ZC5063.JPG,2,548.8,428,577.6,477.6,0.0678293,-1,CSL_cow,0.0678293
516,18ZC5063.JPG,2,1176.8,897.6,1221.6,931.2,0.0670013,-1,CSL_pup,0.0670013
517,18ZC5063.JPG,2,1778.4,2084.8,1877.6,2144,0.0623624,-1,NES_bull,0.0623624
518,18ZC5063.JPG,2,1430.4,1868.8,1471.2,1960,0.0613811,-1,CSL_cow,0.0613811
519,18ZC5063.JPG,2,1866.4,2157.6,1887.2,2190.4,0.0609394,-1,CSL_pup,0.0609394
520,18ZC5063.JPG,2,3800.8,1761.6,3832,1778.4,0.0601475,-1,NES_bull,0.0601475
521,18ZC5063.JPG,2,434.4,630.4,474.4,638.4,0.0579834,-1,CSL_cow,0.0579834
522,18ZC5063.JPG,2,2400,2288,2404.8,2305.6,0.057466,-1,CSL_cow,0.057466
523,18ZC5063.JPG,2,2838.4,3700,2872,3731.2,0.0548167,-1,CSL_pup,0.0548167
524,18ZC5063.JPG,2,1096.8,1195.2,1121.6,1208,0.0504418,-1,CSL_pup,0.0504418
525,18ZC5064.JPG,3,2228.8,2327.2,2256,2354.4,0.999997,-1,CSL_pup,0.999997
526,18ZC5064.JPG,3,2528,1393.6,2548.8,1423.2,0.999995,-1,CSL_pup,0.999995
527,18ZC5064.JPG,3,2098.4,2864,2126.4,2905.6,0.99999,-1,CSL_pup,0.99999
528,18ZC5064.JPG,3,4023.2,3629.6,4088,3684.8,0.999989,-1,CSL_cow,0.999989
529,18ZC5064.JPG,3,608,589.6,684,636,0.999989,-1,CSL_cow,0.999989
530,18ZC5064.JPG,3,2109.6,2237.6,2141.6,2270.4,0.999988,-1,CSL_pup,0.999988
531,18ZC5064.JPG,3,1201.6,1162.4,1227.2,1201.6,0.999987,-1,CSL_pup,0.999987
532,18ZC5064.JPG,3,2492.8,1320,2515.2,1348,0.999986,-1,CSL_pup,0.999986
533,18ZC5064.JPG,3,504,189.6,528.8,224,0.999985,-1,CSL_pup,0.999985
534,18ZC5064.JPG,3,820,1351.2,881.6,1438.4,0.999982,-1,CSL_cow,0.999982
535,18ZC5064.JPG,3,3164.8,1448,3216,1515.2,0.99998,-1,CSL_cow,0.99998
536,18ZC5064.JPG,3,5409.6,3743.2,5475.2,3820,0.999977,-1,CSL_cow,0.999977
537,18ZC5064.JPG,3,480,59.2,501.6,92,0.999976,-1,CSL_pup,0.999976
538,18ZC5064.JPG,3,3228,3801.6,3256.8,3829.6,0.999973,-1,CSL_pup,0.999973
539,18ZC5064.JPG,3,2812,3006.4,2837.6,3041.6,0.999971,-1,CSL_pup,0.999971
540,18ZC5064.JPG,3,603.2,248,647.2,274.4,0.999968,-1,CSL_pup,0.999968
541,18ZC5064.JPG,3,1156.8,1222.4,1183.2,1271.2,0.999967,-1,CSL_pup,0.999967
542,18ZC5064.JPG,3,582.4,588,610.4,626.4,0.999965,-1,CSL_pup,0.999965
543,18ZC5064.JPG,3,3600.8,1795.2,3648.8,1848,0.999964,-1,CSL_cow,0.999964
544,18ZC5064.JPG,3,1972,1844,2040,1884.8,0.999961,-1,CSL_cow,0.999961
545,18ZC5064.JPG,3,1248,1350.4,1322.4,1444.8,0.99996,-1,CSL_bull,0.99996
546,18ZC5064.JPG,3,1371.2,1414.4,1410.4,1472,0.999959,-1,CSL_cow,0.999959
547,18ZC5064.JPG,3,3109.6,3808,3138.4,3834.4,0.999959,-1,CSL_pup,0.999959
548,18ZC5064.JPG,3,346.4,1289.6,369.6,1321.6,0.999958,-1,CSL_pup,0.999958
549,18ZC5064.JPG,3,497.6,139.2,520,171.2,0.999957,-1,CSL_pup,0.999957
550,18ZC5064.JPG,3,1562.4,1448,1592,1474.4,0.999956,-1,CSL_pup,0.999956
551,18ZC5064.JPG,3,220.8,508.8,251.2,536,0.999954,-1,CSL_pup,0.999954
552,18ZC5064.JPG,3,3360,1373.6,3392,1406.4,0.999953,-1,CSL_pup,0.999953
553,18ZC5064.JPG,3,3404.8,1370.4,3463.2,1460,0.99995,-1,CSL_cow,0.99995
554,18ZC5064.JPG,3,563.2,461.6,596,497.6,0.999949,-1,CSL_pup,0.999949
555,18ZC5064.JPG,3,597.6,2048,626.4,2086.4,0.999949,-1,CSL_pup,0.999949
556,18ZC5064.JPG,3,1555.2,1408.8,1577.6,1452,0.999944,-1,CSL_pup,0.999944
557,18ZC5064.JPG,3,717.6,1885.6,755.2,1914.4,0.999943,-1,CSL_pup,0.999943
558,18ZC5064.JPG,3,3103.2,1372,3143.2,1402.4,0.999943,-1,CSL_pup,0.999943
559,18ZC5064.JPG,3,2641.6,3201.6,2700,3237.6,0.999942,-1,CSL_cow,0.999942
560,18ZC5064.JPG,3,2585.6,2798.4,2624,2823.2,0.999941,-1,CSL_pup,0.999941
561,18ZC5064.JPG,3,1993.6,1936,2020,1967.2,0.999937,-1,CSL_pup,0.999937
562,18ZC5064.JPG,3,360.8,1764,399.2,1785.6,0.999935,-1,CSL_pup,0.999935
563,18ZC5064.JPG,3,522.4,80.8,569.6,136.8,0.999933,-1,CSL_cow,0.999933
564,18ZC5064.JPG,3,3003.2,1924.8,3080.8,2014.4,0.999928,-1,CSL_bull,0.999928
565,18ZC5064.JPG,3,3232.8,1408,3268.8,1437.6,0.999928,-1,CSL_pup,0.999928
566,18ZC5064.JPG,3,3122.4,1789.6,3161.6,1853.6,0.999927,-1,CSL_cow,0.999927
567,18ZC5064.JPG,3,2942.4,2198.4,3018.4,2261.6,0.999925,-1,CSL_cow,0.999925
568,18ZC5064.JPG,3,1545.6,1385.6,1592,1408,0.999925,-1,CSL_pup,0.999925
569,18ZC5064.JPG,3,1442.4,1987.2,1464.8,2021.6,0.99992,-1,CSL_pup,0.99992
570,18ZC5064.JPG,3,480,394.4,511.2,449.6,0.999916,-1,CSL_cow,0.999916
571,18ZC5064.JPG,3,688.8,1917.6,738.4,1940,0.99991,-1,CSL_pup,0.99991
572,18ZC5064.JPG,3,2986.4,896.8,3012,928,0.999908,-1,CSL_pup,0.999908
573,18ZC5064.JPG,3,2680.8,2929.6,2707.2,2968.8,0.9999,-1,CSL_pup,0.9999
574,18ZC5064.JPG,3,3252.8,1419.2,3306.4,1498.4,0.999898,-1,CSL_cow,0.999898
575,18ZC5064.JPG,3,2610.4,2820,2649.6,2840.8,0.999891,-1,CSL_pup,0.999891
576,18ZC5064.JPG,3,3484.8,1474.4,3508.8,1516.8,0.999882,-1,CSL_pup,0.999882
577,18ZC5064.JPG,3,3005.6,2160,3056.8,2239.2,0.999879,-1,CSL_cow,0.999879
578,18ZC5064.JPG,3,1557.6,1361.6,1592.8,1392,0.999877,-1,CSL_pup,0.999877
579,18ZC5064.JPG,3,3420.8,1345.6,3496.8,1381.6,0.999859,-1,CSL_cow,0.999859
580,18ZC5064.JPG,3,548.8,154.4,581.6,180,0.999847,-1,CSL_pup,0.999847
581,18ZC5064.JPG,3,444,88,472,116,0.999837,-1,CSL_pup,0.999837
582,18ZC5064.JPG,3,2438.4,2936,2468.8,2979.2,0.999837,-1,CSL_pup,0.999837
583,18ZC5064.JPG,3,703.2,88,739.2,116.8,0.999835,-1,CSL_pup,0.999835
584,18ZC5064.JPG,3,1835.2,2203.2,1877.6,2252.8,0.999826,-1,CSL_cow,0.999826
585,18ZC5064.JPG,3,2120,2914.4,2154.4,2944,0.999819,-1,CSL_pup,0.999819
586,18ZC5064.JPG,3,588.8,1228.8,652,1295.2,0.999815,-1,CSL_cow,0.999815
587,18ZC5064.JPG,3,2227.2,2353.6,2264.8,2375.2,0.999807,-1,CSL_pup,0.999807
588,18ZC5064.JPG,3,553.6,403.2,591.2,436,0.999801,-1,CSL_pup,0.999801
589,18ZC5064.JPG,3,3322.4,1782.4,3346.4,1809.6,0.999788,-1,CSL_pup,0.999788
590,18ZC5064.JPG,3,2190.4,2080,2217.6,2112.8,0.999783,-1,CSL_pup,0.999783
591,18ZC5064.JPG,3,3189.6,3748,3216.8,3779.2,0.999757,-1,CSL_pup,0.999757
592,18ZC5064.JPG,3,3045.6,2301.6,3076,2344,0.999754,-1,CSL_pup,0.999754
593,18ZC5064.JPG,3,1584,1406.4,1628.8,1437.6,0.999718,-1,CSL_pup,0.999718
594,18ZC5064.JPG,3,1814.4,2031.2,1836.8,2065.6,0.99971,-1,CSL_pup,0.99971
595,18ZC5064.JPG,3,1004.8,1216.8,1046.4,1268.8,0.999696,-1,CSL_cow,0.999696
596,18ZC5064.JPG,3,1564,1488.8,1598.4,1518.4,0.999691,-1,CSL_pup,0.999691
597,18ZC5064.JPG,3,3793.6,3520.8,3842.4,3579.2,0.999684,-1,CSL_cow,0.999684
598,18ZC5064.JPG,3,2914.4,895.2,2984.8,964.8,0.999679,-1,CSL_cow,0.999679
599,18ZC5064.JPG,3,517.6,364.8,559.2,391.2,0.999674,-1,CSL_pup,0.999674
600,18ZC5064.JPG,3,3032,2112,3068.8,2144,0.999674,-1,CSL_pup,0.999674
601,18ZC5064.JPG,3,635.2,1235.2,706.4,1287.2,0.999673,-1,CSL_cow,0.999673
602,18ZC5064.JPG,3,628,1859.2,660,1885.6,0.999659,-1,CSL_pup,0.999659
603,18ZC5064.JPG,3,1648.8,2237.6,1680.8,2263.2,0.999657,-1,CSL_pup,0.999657
604,18ZC5064.JPG,3,1772,1934.4,1797.6,1969.6,0.999655,-1,CSL_pup,0.999655
605,18ZC5064.JPG,3,2736.8,1485.6,2760.8,1518.4,0.999651,-1,CSL_pup,0.999651
606,18ZC5064.JPG,3,400.8,504,471.2,539.2,0.99965,-1,CSL_cow,0.99965
607,18ZC5064.JPG,3,855.2,1805.6,891.2,1833.6,0.999627,-1,CSL_pup,0.999627
608,18ZC5064.JPG,3,1598.4,1437.6,1624,1479.2,0.999613,-1,CSL_pup,0.999613
609,18ZC5064.JPG,3,329.6,1356,388.8,1435.2,0.999583,-1,CSL_cow,0.999583
610,18ZC5064.JPG,3,799.2,1832.8,836,1877.6,0.99958,-1,CSL_pup,0.99958
611,18ZC5064.JPG,3,1934.4,2012,1972,2048.8,0.999578,-1,CSL_pup,0.999578
612,18ZC5064.JPG,3,621.6,409.6,642.4,453.6,0.999541,-1,CSL_pup,0.999541
613,18ZC5064.JPG,3,1177.6,1349.6,1253.6,1498.4,0.999532,-1,CSL_bull,0.999532
614,18ZC5064.JPG,3,3564.8,1296,3618.4,1358.4,0.999516,-1,CSL_cow,0.999516
615,18ZC5064.JPG,3,1588,2680.8,1635.2,2712.8,0.999482,-1,CSL_pup,0.999482
616,18ZC5064.JPG,3,2733.6,2959.2,2777.6,2989.6,0.999478,-1,CSL_cow,0.999478
617,18ZC5064.JPG,3,631.2,1996.8,647.2,2026.4,0.999448,-1,CSL_pup,0.999448
618,18ZC5064.JPG,3,2041.6,1928.8,2068.8,1975.2,0.999441,-1,CSL_pup,0.999441
619,18ZC5064.JPG,3,547.2,136,572,163.2,0.999439,-1,CSL_pup,0.999439
620,18ZC5064.JPG,3,696.8,1429.6,724,1455.2,0.999436,-1,CSL_pup,0.999436
621,18ZC5064.JPG,3,312,1116,380,1158.4,0.999433,-1,CSL_cow,0.999433
622,18ZC5064.JPG,3,2636,1140.8,2706.4,1268.8,0.999417,-1,CSL_bull,0.999417
623,18ZC5064.JPG,3,2502.4,1244,2584,1318.4,0.999374,-1,CSL_cow,0.999374
624,18ZC5064.JPG,3,3265.6,1457.6,3344,1519.2,0.999355,-1,CSL_cow,0.999355
625,18ZC5064.JPG,3,3378.4,1768.8,3404,1809.6,0.999354,-1,CSL_pup,0.999354
626,18ZC5064.JPG,3,296.8,1036,378.4,1064.8,0.999335,-1,CSL_cow,0.999335
627,18ZC5064.JPG,3,3516.8,1391.2,3568.8,1476.8,0.999332,-1,CSL_cow,0.999332
628,18ZC5064.JPG,3,562.4,527.2,582.4,568,0.999331,-1,CSL_pup,0.999331
629,18ZC5064.JPG,3,216.8,602.4,278.4,632,0.999269,-1,CSL_cow,0.999269
630,18ZC5064.JPG,3,1980,1810.4,2024.8,1870.4,0.99926,-1,CSL_cow,0.99926
631,18ZC5064.JPG,3,832.8,1830.4,883.2,1856.8,0.999206,-1,CSL_pup,0.999206
632,18ZC5064.JPG,3,730.4,552,780.8,600,0.999175,-1,CSL_cow,0.999175
633,18ZC5064.JPG,3,573.6,1817.6,597.6,1845.6,0.99917,-1,CSL_pup,0.99917
634,18ZC5064.JPG,3,827.2,1883.2,875.2,1920.8,0.999162,-1,CSL_pup,0.999162
635,18ZC5064.JPG,3,3131.2,1769.6,3185.6,1804.8,0.999159,-1,CSL_cow,0.999159
636,18ZC5064.JPG,3,4028,3683.2,4065.6,3738.4,0.999148,-1,CSL_cow,0.999148
637,18ZC5064.JPG,3,2984.8,924,3005.6,952,0.999145,-1,CSL_pup,0.999145
638,18ZC5064.JPG,3,2880.8,2139.2,2944,2219.2,0.999129,-1,CSL_cow,0.999129
639,18ZC5064.JPG,3,658.4,1317.6,708,1351.2,0.999115,-1,CSL_cow,0.999115
640,18ZC5064.JPG,3,1572,2753.6,1609.6,2773.6,0.999112,-1,CSL_pup,0.999112
641,18ZC5064.JPG,3,720.8,512.8,755.2,550.4,0.999102,-1,CSL_cow,0.999102
642,18ZC5064.JPG,3,690.4,197.6,717.6,247.2,0.999083,-1,CSL_pup,0.999083
643,18ZC5064.JPG,3,3854.4,3678.4,3878.4,3723.2,0.999059,-1,CSL_pup,0.999059
644,18ZC5064.JPG,3,2804,1064,2838.4,1114.4,0.999058,-1,CSL_pup,0.999058
645,18ZC5064.JPG,3,2493.6,1092.8,2532,1113.6,0.999053,-1,CSL_pup,0.999053
646,18ZC5064.JPG,3,614.4,467.2,638.4,503.2,0.998883,-1,CSL_pup,0.998883
647,18ZC5064.JPG,3,2736,3070.4,2767.2,3108,0.998861,-1,CSL_pup,0.998861
648,18ZC5064.JPG,3,2003.2,2120.8,2038.4,2163.2,0.99885,-1,CSL_pup,0.99885
649,18ZC5064.JPG,3,610.4,268,661.6,300,0.998813,-1,CSL_cow,0.998813
650,18ZC5064.JPG,3,480,252.8,517.6,308.8,0.998791,-1,CSL_cow,0.998791
651,18ZC5064.JPG,3,2164,2364.8,2190.4,2388.8,0.99874,-1,CSL_pup,0.99874
652,18ZC5064.JPG,3,296.8,1056.8,381.6,1092.8,0.998677,-1,CSL_cow,0.998677
653,18ZC5064.JPG,3,1567.2,1760,1632.8,1799.2,0.99866,-1,CSL_cow,0.99866
654,18ZC5064.JPG,3,354.4,1798.4,401.6,1824.8,0.998633,-1,CSL_pup,0.998633
655,18ZC5064.JPG,3,3548.8,1356.8,3620.8,1446.4,0.998495,-1,CSL_bull,0.998495
656,18ZC5064.JPG,3,1993.6,2168,2027.2,2204,0.998493,-1,CSL_pup,0.998493
657,18ZC5064.JPG,3,1895.2,2149.6,1918.4,2193.6,0.998492,-1,CSL_pup,0.998492
658,18ZC5064.JPG,3,524,1.6001,562.4,32,0.998458,-1,CSL_pup,0.998458
659,18ZC5064.JPG,3,440,1192.8,476.8,1217.6,0.998412,-1,CSL_pup,0.998412
660,18ZC5064.JPG,3,2708.8,3068.8,2753.6,3092.8,0.998373,-1,CSL_pup,0.998373
661,18ZC5064.JPG,3,539.2,383.2,584.8,404.8,0.998351,-1,CSL_pup,0.998351
662,18ZC5064.JPG,3,685.6,1407.2,706.4,1433.6,0.99829,-1,CSL_pup,0.99829
663,18ZC5064.JPG,3,471.2,175.2,512,199.2,0.998282,-1,CSL_pup,0.998282
664,18ZC5064.JPG,3,2432.8,3224,2466.4,3248,0.998265,-1,CSL_pup,0.998265
665,18ZC5064.JPG,3,417.6,1293.6,470.4,1370.4,0.998169,-1,CSL_cow,0.998169
666,18ZC5064.JPG,3,480,521.6,500,564,0.998165,-1,CSL_cow,0.998165
667,18ZC5064.JPG,3,2928.8,2047.2,2994.4,2102.4,0.998143,-1,CSL_cow,0.998143
668,18ZC5064.JPG,3,489.6,1208,591.2,1244.8,0.998091,-1,CSL_cow,0.998091
669,18ZC5064.JPG,3,140.8,1073.6,172.8,1120.8,0.998048,-1,CSL_cow,0.998048
670,18ZC5064.JPG,3,756,1887.2,788,1936.8,0.998004,-1,CSL_pup,0.998004
671,18ZC5064.JPG,3,268.8,984.8,353.6,1027.2,0.997957,-1,CSL_cow,0.997957
672,18ZC5064.JPG,3,2400.8,988.8,2439.2,1057.6,0.997952,-1,CSL_cow,0.997952
673,18ZC5064.JPG,3,557.6,1848.8,588,1884,0.997849,-1,CSL_pup,0.997849
674,18ZC5064.JPG,3,2920.8,880.8,3009.6,908,0.99783,-1,CSL_cow,0.99783
675,18ZC5064.JPG,3,843.2,1104.8,866.4,1137.6,0.997678,-1,CSL_pup,0.997678
676,18ZC5064.JPG,3,2089.6,2640,2118.4,2662.4,0.997662,-1,CSL_pup,0.997662
677,18ZC5064.JPG,3,2697.6,3118.4,2736,3156.8,0.997659,-1,CSL_pup,0.997659
678,18ZC5064.JPG,3,406.4,143.2,432.8,166.4,0.997607,-1,CSL_pup,0.997607
679,18ZC5064.JPG,3,1128,1380,1167.2,1408,0.997555,-1,CSL_pup,0.997555
680,18ZC5064.JPG,3,2668,2996.8,2690.4,3046.4,0.997541,-1,CSL_pup,0.997541
681,18ZC5064.JPG,3,188,1190.4,288,1247.2,0.997524,-1,CSL_bull,0.997524
682,18ZC5064.JPG,3,3485.6,1336.8,3549.6,1388.8,0.997435,-1,CSL_cow,0.997435
683,18ZC5064.JPG,3,538.4,1301.6,599.2,1362.4,0.997431,-1,CSL_cow,0.997431
684,18ZC5064.JPG,3,3367.2,1502.4,3400,1518.4,0.997401,-1,CSL_pup,0.997401
685,18ZC5064.JPG,3,2222.4,2789.6,2255.2,2832.8,0.997257,-1,CSL_pup,0.997257
686,18ZC5064.JPG,3,587.2,507.2,626.4,536,0.997253,-1,CSL_pup,0.997253
687,18ZC5064.JPG,3,1929.6,2162.4,1964,2187.2,0.997145,-1,CSL_pup,0.997145
688,18ZC5064.JPG,3,255.2,905.6,333.6,980.8,0.997127,-1,CSL_cow,0.997127
689,18ZC5064.JPG,3,1076.8,1203.2,1100,1248.8,0.997005,-1,CSL_pup,0.997005
690,18ZC5064.JPG,3,2060.8,2895.2,2120,2940.8,0.996943,-1,CSL_cow,0.996943
691,18ZC5064.JPG,3,1485.6,1959.2,1527.2,2048,0.996849,-1,CSL_cow,0.996849
692,18ZC5064.JPG,3,2695.2,2992.8,2719.2,3037.6,0.996841,-1,CSL_pup,0.996841
693,18ZC5064.JPG,3,364.8,24.8,409.6,58.3999,0.996808,-1,CSL_cow,0.996808
694,18ZC5064.JPG,3,881.6,1036.8,957.6,1073.6,0.996752,-1,CSL_cow,0.996752
695,18ZC5064.JPG,3,1898.4,2201.6,1936.8,2230.4,0.996712,-1,CSL_pup,0.996712
696,18ZC5064.JPG,3,3345.6,1428,3416,1508.8,0.996669,-1,CSL_cow,0.996669
697,18ZC5064.JPG,3,3136,1760,3239.2,1772,0.996431,-1,CSL_cow,0.996431
698,18ZC5064.JPG,3,4052,3683.2,4101.6,3772.8,0.996423,-1,CSL_cow,0.996423
699,18ZC5064.JPG,3,2696,1326.4,2756,1397.6,0.996362,-1,CSL_cow,0.996362
700,18ZC5064.JPG,3,1915.2,2179.2,1939.2,2225.6,0.996063,-1,CSL_pup,0.996063
701,18ZC5064.JPG,3,2177.6,2072,2202.4,2096.8,0.99572,-1,CSL_pup,0.99572
702,18ZC5064.JPG,3,2206.4,2005.6,2240.8,2045.6,0.995663,-1,CSL_pup,0.995663
703,18ZC5064.JPG,3,183.2,378.4,224.8,431.2,0.995628,-1,CSL_cow,0.995628
704,18ZC5064.JPG,3,669.6,503.2,704.8,544.8,0.995459,-1,CSL_cow,0.995459
705,18ZC5064.JPG,3,644,1866.4,692,1908.8,0.994685,-1,CSL_pup,0.994685
706,18ZC5064.JPG,3,1452.8,1872.8,1504.8,1892,0.99427,-1,CSL_pup,0.99427
707,18ZC5064.JPG,3,2848.8,3216.8,2909.6,3246.4,0.994253,-1,CSL_cow,0.994253
708,18ZC5064.JPG,3,2272,3013.6,2316.8,3056.8,0.994101,-1,CSL_cow,0.994101
709,18ZC5064.JPG,3,1192,1276,1243.2,1300.8,0.993869,-1,CSL_pup,0.993869
710,18ZC5064.JPG,3,2846.4,2069.6,2897.6,2150.4,0.993568,-1,CSL_cow,0.993568
711,18ZC5064.JPG,3,5424.8,3688,5451.2,3728.8,0.993319,-1,CSL_pup,0.993319
712,18ZC5064.JPG,3,2488,2916.8,2526.4,2969.6,0.993199,-1,CSL_pup,0.993199
713,18ZC5064.JPG,3,672,1812.8,728.8,1833.6,0.992622,-1,CSL_pup,0.992622
714,18ZC5064.JPG,3,972,1116.8,1008,1143.2,0.992414,-1,CSL_pup,0.992414
715,18ZC5064.JPG,3,2375.2,1043.2,2428.8,1105.6,0.992323,-1,CSL_cow,0.992323
716,18ZC5064.JPG,3,436.8,518.4,488.8,551.2,0.992094,-1,CSL_cow,0.992094
717,18ZC5064.JPG,3,1460.8,1921.6,1523.2,2001.6,0.992068,-1,CSL_cow,0.992068
718,18ZC5064.JPG,3,176,1016,256,1069.6,0.992058,-1,CSL_cow,0.992058
719,18ZC5064.JPG,3,5407.2,3784.8,5445.6,3806.4,0.991058,-1,CSL_pup,0.991058
720,18ZC5064.JPG,3,2204,2308,2256.8,2331.2,0.990657,-1,CSL_pup,0.990657
721,18ZC5064.JPG,3,3608.8,1293.6,3634.4,1320,0.990627,-1,CSL_pup,0.990627
722,18ZC5064.JPG,3,2937.6,1860.8,2972.8,1912.8,0.990609,-1,CSL_pup,0.990609
723,18ZC5064.JPG,3,2465.6,1407.2,2492,1436,0.989845,-1,CSL_pup,0.989845
724,18ZC5064.JPG,3,420.8,379.2,444.8,422.4,0.989592,-1,CSL_pup,0.989592
725,18ZC5064.JPG,3,1368.8,1919.2,1405.6,1946.4,0.989582,-1,CSL_pup,0.989582
726,18ZC5064.JPG,3,3816.8,2657.6,3856,2778.4,0.989521,-1,CSL_cow,0.989521
727,18ZC5064.JPG,3,1123.2,1394.4,1178.4,1425.6,0.989514,-1,CSL_cow,0.989514
728,18ZC5064.JPG,3,3312,1212,3368,1240.8,0.989497,-1,CSL_cow,0.989497
729,18ZC5064.JPG,3,1952,2232,1992,2266.4,0.989491,-1,CSL_pup,0.989491
730,18ZC5064.JPG,3,704.8,154.4,738.4,191.2,0.989398,-1,CSL_pup,0.989398
731,18ZC5064.JPG,3,2847.2,3183.2,2901.6,3208,0.988862,-1,CSL_pup,0.988862
732,18ZC5064.JPG,3,309.6,1149.6,368.8,1178.4,0.988826,-1,CSL_cow,0.988826
733,18ZC5064.JPG,3,3053.6,2156,3082.4,2206.4,0.988723,-1,CSL_pup,0.988723
734,18ZC5064.JPG,3,488,440,521.6,483.2,0.988386,-1,CSL_pup,0.988386
735,18ZC5064.JPG,3,545.6,354.4,578.4,379.2,0.988142,-1,CSL_pup,0.988142
736,18ZC5064.JPG,3,603.2,546.4,628.8,571.2,0.9881,-1,CSL_pup,0.9881
737,18ZC5064.JPG,3,2601.6,2948,2656.8,2971.2,0.988048,-1,CSL_pup,0.988048
738,18ZC5064.JPG,3,2708,3049.6,2752.8,3078.4,0.987812,-1,CSL_pup,0.987812
739,18ZC5064.JPG,3,3486.4,1812,3576.8,1872.8,0.987745,-1,CSL_bull,0.987745
740,18ZC5064.JPG,3,576,268,605.6,309.6,0.98761,-1,CSL_pup,0.98761
741,18ZC5064.JPG,3,150.4,276,181.6,299.2,0.987405,-1,CSL_pup,0.987405
742,18ZC5064.JPG,3,2075.2,2255.2,2138.4,2289.6,0.987298,-1,CSL_cow,0.987298
743,18ZC5064.JPG,3,3360,1773.6,3378.4,1840,0.987248,-1,CSL_cow,0.987248
744,18ZC5064.JPG,3,817.6,1921.6,848,1967.2,0.987115,-1,CSL_pup,0.987115
745,18ZC5064.JPG,3,2774.4,3520,2811.2,3548.8,0.987061,-1,CSL_cow,0.987061
746,18ZC5064.JPG,3,1628,2116.8,1657.6,2152.8,0.987017,-1,CSL_cow,0.987017
747,18ZC5064.JPG,3,242.4,1244,328,1289.6,0.986845,-1,CSL_cow,0.986845
748,18ZC5064.JPG,3,527.2,292,556.8,332.8,0.986166,-1,CSL_pup,0.986166
749,18ZC5064.JPG,3,3562.4,1444.8,3641.6,1496.8,0.98477,-1,CSL_bull,0.98477
750,18ZC5064.JPG,3,480,884,498.4,920.8,0.98441,-1,CSL_cow,0.98441
751,18ZC5064.JPG,3,3656,1267.2,3700,1320,0.983664,-1,CSL_cow,0.983664
752,18ZC5064.JPG,3,198.4,224,245.6,245.6,0.983351,-1,CSL_pup,0.983351
753,18ZC5064.JPG,3,3092,2100.8,3125.6,2149.6,0.982615,-1,CSL_cow,0.982615
754,18ZC5064.JPG,3,2216,2371.2,2262.4,2399.2,0.98175,-1,CSL_pup,0.98175
755,18ZC5064.JPG,3,4372,3693.6,4423.2,3760,0.98174,-1,CSL_bull,0.98174
756,18ZC5064.JPG,3,261.6,968,344,994.4,0.981589,-1,CSL_cow,0.981589
757,18ZC5064.JPG,3,2887.2,2117.6,2973.6,2159.2,0.981159,-1,CSL_cow,0.981159
758,18ZC5064.JPG,3,2737.6,3120,2776,3151.2,0.980831,-1,CSL_pup,0.980831
759,18ZC5064.JPG,3,536,577.6,572.8,615.2,0.980261,-1,CSL_pup,0.980261
760,18ZC5064.JPG,3,561.6,195.2,603.2,236.8,0.980215,-1,CSL_pup,0.980215
761,18ZC5064.JPG,3,3508,1461.6,3540,1497.6,0.980202,-1,CSL_pup,0.980202
762,18ZC5064.JPG,3,3396.8,1323.2,3424.8,1387.2,0.97967,-1,CSL_pup,0.97967
763,18ZC5064.JPG,3,1606.4,1317.6,1634.4,1378.4,0.97882,-1,CSL_cow,0.97882
764,18ZC5064.JPG,3,486.4,503.2,516,532,0.978182,-1,CSL_pup,0.978182
765,18ZC5064.JPG,3,2547.2,1427.2,2578.4,1448.8,0.977909,-1,CSL_pup,0.977909
766,18ZC5064.JPG,3,1928,2184.8,1955.2,2237.6,0.976695,-1,CSL_cow,0.976695
767,18ZC5064.JPG,3,3222.4,1489.6,3252.8,1516,0.975354,-1,CSL_pup,0.975354
768,18ZC5064.JPG,3,429.6,188,449.6,221.6,0.975228,-1,CSL_pup,0.975228
769,18ZC5064.JPG,3,3116,1760.8,3146.4,1773.6,0.974986,-1,CSL_pup,0.974986
770,18ZC5064.JPG,3,250.4,1344,312.8,1387.2,0.974462,-1,CSL_cow,0.974462
771,18ZC5064.JPG,3,482.4,1267.2,502.4,1364.8,0.97377,-1,CSL_cow,0.97377
772,18ZC5064.JPG,3,1107.2,1218.4,1135.2,1266.4,0.973557,-1,CSL_pup,0.973557
773,18ZC5064.JPG,3,4480.8,2640,4605.6,2678.4,0.973276,-1,CSL_bull,0.973276
774,18ZC5064.JPG,3,468,241.6,500,276,0.973037,-1,CSL_pup,0.973037
775,18ZC5064.JPG,3,2097,3039,2214,3157,0.972623,-1,CSL_bull,0.972623
776,18ZC5064.JPG,3,652,146.4,703.2,174.4,0.972615,-1,CSL_cow,0.972615
777,18ZC5064.JPG,3,2190.4,2352.8,2216.8,2398.4,0.971665,-1,CSL_pup,0.971665
778,18ZC5064.JPG,3,3631.2,1844.8,3661.6,1888.8,0.971075,-1,CSL_cow,0.971075
779,18ZC5064.JPG,3,2839.2,2108,2874.4,2136.8,0.971045,-1,CSL_cow,0.971045
780,18ZC5064.JPG,3,608,1760,642.4,1778.4,0.969596,-1,CSL_cow,0.969596
781,18ZC5064.JPG,3,2562.4,2092,2615.2,2120,0.96892,-1,CSL_cow,0.96892
782,18ZC5064.JPG,3,414.4,209.6,445.6,232.8,0.968483,-1,CSL_pup,0.968483
783,18ZC5064.JPG,3,2148.8,2169.6,2192.8,2191.2,0.966785,-1,CSL_pup,0.966785
784,18ZC5064.JPG,3,672,1760.8,718.4,1776.8,0.966429,-1,CSL_pup,0.966429
785,18ZC5064.JPG,3,4012.8,3557.6,4091.2,3645.6,0.962797,-1,CSL_bull,0.962797
786,18ZC5064.JPG,3,888.8,1301.6,920,1345.6,0.962485,-1,CSL_pup,0.962485
787,18ZC5064.JPG,3,480.8,1964,493.6,2012,0.9599,-1,CSL_cow,0.9599
788,18ZC5064.JPG,3,2505.6,2996,2552.8,3032,0.958491,-1,CSL_cow,0.958491
789,18ZC5064.JPG,3,5085,2742,5202,2793,0.956199,-1,CSL_bull,0.956199
790,18ZC5064.JPG,3,1920,2224,1939.2,2264.8,0.955807,-1,CSL_cow,0.955807
791,18ZC5064.JPG,3,1751.2,1304.8,1822.4,1341.6,0.954129,-1,CSL_cow,0.954129
792,18ZC5064.JPG,3,1232,1298.4,1263.2,1348.8,0.95385,-1,CSL_cow,0.95385
793,18ZC5064.JPG,3,376.8,1321.6,407.2,1349.6,0.952516,-1,CSL_pup,0.952516
794,18ZC5064.JPG,3,5205,2822,5319,2888,0.948944,-1,CSL_bull,0.948944
795,18ZC5064.JPG,3,361.6,1274.4,391.2,1297.6,0.948881,-1,CSL_pup,0.948881
796,18ZC5064.JPG,3,1838.4,2024,1857.6,2078.4,0.948266,-1,CSL_cow,0.948266
797,18ZC5064.JPG,3,531.2,1183.2,569.6,1218.4,0.947305,-1,CSL_pup,0.947305
798,18ZC5064.JPG,3,2534,1725,2617,1770,0.946875,-1,CSL_bull,0.946875
799,18ZC5064.JPG,3,470.4,1160.8,509.6,1181.6,0.946266,-1,CSL_pup,0.946266
800,18ZC5064.JPG,3,162.4,964.8,197.6,1005.6,0.945998,-1,CSL_cow,0.945998
801,18ZC5064.JPG,3,2138.4,2308,2173.6,2363.2,0.945441,-1,PHS,0.945441
802,18ZC5064.JPG,3,3360,1217.6,3365.6,1243.2,0.943608,-1,CSL_pup,0.943608
803,18ZC5064.JPG,3,1132,1601,1217,1672,0.940012,-1,CSL_bull,0.940012
804,18ZC5064.JPG,3,550.4,1355.2,626.4,1418.4,0.938716,-1,CSL_cow,0.938716
805,18ZC5064.JPG,3,520,333.6,567.2,366.4,0.936772,-1,CSL_pup,0.936772
806,18ZC5064.JPG,3,651.2,116.8,674.4,173.6,0.934007,-1,CSL_pup,0.934007
807,18ZC5064.JPG,3,2672.8,3520,2699.2,3552.8,0.931821,-1,CSL_cow,0.931821
808,18ZC5064.JPG,3,4989,2632,5127,2703,0.929757,-1,CSL_bull,0.929757
809,18ZC5064.JPG,3,2784,2128,2828.8,2164.8,0.928608,-1,PHS,0.928608
810,18ZC5064.JPG,3,2174.4,2052,2221.6,2072.8,0.927752,-1,CSL_pup,0.927752
811,18ZC5064.JPG,3,417.6,1230.4,459.2,1277.6,0.927009,-1,CSL_cow,0.927009
812,18ZC5064.JPG,3,1896,3183,1976,3244,0.926723,-1,CSL_bull,0.926723
813,18ZC5064.JPG,3,447.2,44.8,480,76,0.926543,-1,CSL_pup,0.926543
814,18ZC5064.JPG,3,2733.6,3137.6,2785.6,3168,0.923903,-1,CSL_cow,0.923903
815,18ZC5064.JPG,3,3161.6,3669.6,3203.2,3704,0.923611,-1,CSL_cow,0.923611
816,18ZC5064.JPG,3,1742.4,1925.6,1772,1967.2,0.922427,-1,CSL_cow,0.922427
817,18ZC5064.JPG,3,2176.8,2340,2200.8,2376,0.921929,-1,CSL_pup,0.921929
818,18ZC5064.JPG,3,526.4,189.6,552.8,220.8,0.921015,-1,CSL_pup,0.921015
819,18ZC5064.JPG,3,3304.8,1407.2,3349.6,1489.6,0.918939,-1,CSL_cow,0.918939
820,18ZC5064.JPG,3,1104,2688,1205.6,2771.2,0.918922,-1,NES_bull,0.918922
821,18ZC5064.JPG,3,1070.4,1149.6,1108,1196.8,0.918752,-1,CSL_pup,0.918752
822,18ZC5064.JPG,3,1170.4,1288.8,1199.2,1340.8,0.917653,-1,CSL_pup,0.917653
823,18ZC5064.JPG,3,1716.8,1941.6,1742.4,1991.2,0.91739,-1,CSL_pup,0.91739
824,18ZC5064.JPG,3,3332,1758,3441,1823,0.916035,-1,CSL_bull,0.916035
825,18ZC5064.JPG,3,500.8,578.4,529.6,624.8,0.914908,-1,CSL_pup,0.914908
826,18ZC5064.JPG,3,554.4,631.2,604,637.6,0.914367,-1,CSL_pup,0.914367
827,18ZC5064.JPG,3,922.4,1371.2,952,1416.8,0.912421,-1,CSL_cow,0.912421
828,18ZC5064.JPG,3,836,764,886,838,0.912286,-1,CSL_bull,0.912286
829,18ZC5064.JPG,3,497.6,228,552.8,249.6,0.90818,-1,CSL_pup,0.90818
830,18ZC5064.JPG,3,2206,579,2301,685,0.906743,-1,CSL_bull,0.906743
831,18ZC5064.JPG,3,849.6,1324,876.8,1359.2,0.905823,-1,CSL_pup,0.905823
832,18ZC5064.JPG,3,1837,2940,1954,3015,0.90447,-1,CSL_bull,0.90447
833,18ZC5064.JPG,3,2189.6,1952.8,2211.2,2006.4,0.904032,-1,CSL_pup,0.904032
834,18ZC5064.JPG,3,3322,2628,3443,2673,0.901992,-1,CSL_bull,0.901992
835,18ZC5064.JPG,3,2412.8,2379.2,2448,2399.2,0.901146,-1,CSL_pup,0.901146
836,18ZC5064.JPG,3,1828.8,2087.2,1857.6,2108.8,0.900791,-1,CSL_pup,0.900791
837,18ZC5064.JPG,3,2173.6,2641.6,2219.2,2668.8,0.897015,-1,CSL_cow,0.897015
838,18ZC5064.JPG,3,488.8,12.8,523.2,49.6001,0.893036,-1,CSL_pup,0.893036
839,18ZC5064.JPG,3,2966,1639,3069,1709,0.892152,-1,CSL_bull,0.892152
840,18ZC5064.JPG,3,601.6,1995.2,653.6,2035.2,0.891572,-1,CSL_cow,0.891572
841,18ZC5064.JPG,3,582.4,2044.8,614.4,2070.4,0.887609,-1,CSL_pup,0.887609
842,18ZC5064.JPG,3,142.4,424.8,174.4,440,0.887243,-1,CSL_pup,0.887243
843,18ZC5064.JPG,3,2906,777,2983,866,0.88677,-1,CSL_bull,0.88677
844,18ZC5064.JPG,3,667.2,1426.4,707.2,1449.6,0.884584,-1,CSL_pup,0.884584
845,18ZC5064.JPG,3,2868,1514,2958,1588,0.880613,-1,CSL_bull,0.880613
846,18ZC5064.JPG,3,594.4,1177.6,660.8,1251.2,0.878664,-1,CSL_bull,0.878664
847,18ZC5064.JPG,3,3539,2437,3606,2497,0.87781,-1,CSL_bull,0.87781
848,18ZC5064.JPG,3,3271,1689,3370,1757,0.876443,-1,CSL_bull,0.876443
849,18ZC5064.JPG,3,2735,1533,2860,1597,0.869323,-1,CSL_bull,0.869323
850,18ZC5064.JPG,3,84,1415.2,112.8,1455.2,0.866916,-1,CSL_cow,0.866916
851,18ZC5064.JPG,3,2892,1503.2,2960.8,1518.4,0.86135,-1,PHS,0.86135
852,18ZC5064.JPG,3,2533.6,3561.6,2581.6,3600,0.856707,-1,CSL_cow,0.856707
853,18ZC5064.JPG,3,302.4,900.8,381.6,955.2,0.851788,-1,CSL_bull,0.851788
854,18ZC5064.JPG,3,3030,2397,3146,2458,0.850599,-1,CSL_bull,0.850599
855,18ZC5064.JPG,3,4607,3117,4711,3173,0.849453,-1,CSL_bull,0.849453
856,18ZC5064.JPG,3,1249,1560,1327,1650,0.848931,-1,CSL_bull,0.848931
857,18ZC5064.JPG,3,3114,1608,3205,1686,0.848292,-1,CSL_bull,0.848292
858,18ZC5064.JPG,3,1805,2416,1909,2487,0.845751,-1,CSL_bull,0.845751
859,18ZC5064.JPG,3,3196.8,3783.2,3229.6,3812.8,0.840324,-1,CSL_pup,0.840324
860,18ZC5064.JPG,3,1654.4,1854.4,1695.2,1895.2,0.834888,-1,CSL_cow,0.834888
861,18ZC5064.JPG,3,2137.6,2025.6,2184,2054.4,0.834352,-1,CSL_pup,0.834352
862,18ZC5064.JPG,3,2168.8,2084,2196.8,2136,0.829693,-1,CSL_cow,0.829693
863,18ZC5064.JPG,3,602.4,627.2,665.6,636.8,0.827727,-1,CSL_cow,0.827727
864,18ZC5064.JPG,3,433,707,523,767,0.822706,-1,CSL_bull,0.822706
865,18ZC5064.JPG,3,1555,1345,1630,1463,0.819909,-1,CSL_bull,0.819909
866,18ZC5064.JPG,3,2071.2,1094.4,2095.2,1126.4,0.819039,-1,CSL_pup,0.819039
867,18ZC5064.JPG,3,488,222.4,512.8,252.8,0.818781,-1,CSL_pup,0.818781
868,18ZC5064.JPG,3,65.6,1760,121.6,1836.8,0.818642,-1,CSL_bull,0.818642
869,18ZC5064.JPG,3,1241,1661,1336,1744,0.813755,-1,CSL_bull,0.813755
870,18ZC5064.JPG,3,2250.4,2277.6,2296,2313.6,0.811958,-1,CSL_cow,0.811958
871,18ZC5064.JPG,3,367.2,328.8,415.2,352,0.808672,-1,CSL_cow,0.808672
872,18ZC5064.JPG,3,3200,3311,3306,3371,0.806513,-1,CSL_bull,0.806513
873,18ZC5064.JPG,3,2690.4,3080.8,2736.8,3111.2,0.804081,-1,CSL_pup,0.804081
874,18ZC5064.JPG,3,693.6,108.8,742.4,140,0.802704,-1,CSL_cow,0.802704
875,18ZC5064.JPG,3,3450.4,1813.6,3464.8,1866.4,0.797811,-1,CSL_pup,0.797811
876,18ZC5064.JPG,3,1868.8,1064.8,1891.2,1087.2,0.797308,-1,CSL_pup,0.797308
877,18ZC5064.JPG,3,1930.4,2370.4,1965.6,2396,0.796782,-1,CSL_cow,0.796782
878,18ZC5064.JPG,3,1514,2050,1602,2133,0.78826,-1,CSL_bull,0.78826
879,18ZC5064.JPG,3,2777.6,2004.8,2816.8,2031.2,0.787987,-1,CSL_pup,0.787987
880,18ZC5064.JPG,3,3204,2561,3286,2634,0.784877,-1,CSL_bull,0.784877
881,18ZC5064.JPG,3,521.6,140.8,560,180,0.783856,-1,CSL_pup,0.783856
882,18ZC5064.JPG,3,3641.6,1452.8,3684,1472,0.781925,-1,CSL_pup,0.781925
883,18ZC5064.JPG,3,536.8,451.2,585.6,463.2,0.779911,-1,CSL_pup,0.779911
884,18ZC5064.JPG,3,1920,3.19995,1927.2,56,0.772668,-1,CSL_cow,0.772668
885,18ZC5064.JPG,3,920.8,1013.6,947.2,1035.2,0.769885,-1,CSL_pup,0.769885
886,18ZC5064.JPG,3,515.2,239.2,560,272,0.761991,-1,CSL_cow,0.761991
887,18ZC5064.JPG,3,637.6,173.6,672.8,212,0.76071,-1,CSL_cow,0.76071
888,18ZC5064.JPG,3,347.2,1233.6,376,1255.2,0.759522,-1,CSL_pup,0.759522
889,18ZC5064.JPG,3,764.8,1178.4,784,1219.2,0.757584,-1,CSL_pup,0.757584
890,18ZC5064.JPG,3,3512.8,1481.6,3612,1518.4,0.756397,-1,CSL_cow,0.756397
891,18ZC5064.JPG,3,388,168,435.2,196,0.755225,-1,CSL_cow,0.755225
892,18ZC5064.JPG,3,2849,1556,2936,1612,0.754343,-1,CSL_bull,0.754343
893,18ZC5064.JPG,3,2168,2033,2230,2131,0.752461,-1,CSL_bull,0.752461
894,18ZC5064.JPG,3,538,669,602,760,0.748424,-1,CSL_bull,0.748424
895,18ZC5064.JPG,3,3584,1500.8,3624,1517.6,0.73523,-1,CSL_pup,0.73523
896,18ZC5064.JPG,3,242.4,1042.4,295.2,1150.4,0.731038,-1,CSL_cow,0.731038
897,18ZC5064.JPG,3,340,996.8,441.6,1036.8,0.719991,-1,CSL_cow,0.719991
898,18ZC5064.JPG,3,1415.2,6.3999,1433.6,48,0.712482,-1,CSL_cow,0.712482
899,18ZC5064.JPG,3,2852.8,3201.6,2907.2,3216,0.709454,-1,CSL_pup,0.709454
900,18ZC5064.JPG,3,745.6,2099.2,803.2,2133.6,0.707111,-1,CSL_pup,0.707111
901,18ZC5064.JPG,3,1512,2206.4,1544.8,2272.8,0.706504,-1,NES_bull,0.706504
902,18ZC5064.JPG,3,3149,1717,3239,1795,0.705981,-1,CSL_bull,0.705981
903,18ZC5064.JPG,3,1494.4,1388,1529.6,1420.8,0.704662,-1,CSL_pup,0.704662
904,18ZC5064.JPG,3,5417,3528,5472,3604,0.693122,-1,CSL_bull,0.693122
905,18ZC5064.JPG,3,1390,1815,1560,1879,0.691136,-1,CSL_bull,0.691136
906,18ZC5064.JPG,3,312.8,325.6,348.8,360,0.682068,-1,CSL_pup,0.682068
907,18ZC5064.JPG,3,3557,2593,3667,2643,0.680895,-1,CSL_bull,0.680895
908,18ZC5064.JPG,3,838.4,1281.6,867.2,1312,0.674971,-1,CSL_pup,0.674971
909,18ZC5064.JPG,3,1350,1622,1411,1735,0.654677,-1,CSL_bull,0.654677
910,18ZC5064.JPG,3,2483.2,1268.8,2504,1303.2,0.650632,-1,CSL_bull,0.650632
911,18ZC5064.JPG,3,110.4,1079.2,149.6,1108,0.647854,-1,CSL_pup,0.647854
912,18ZC5064.JPG,3,445,1048,563,1176,0.641315,-1,NES_bull,0.641315
913,18ZC5064.JPG,3,611.2,1178.4,646.4,1205.6,0.640473,-1,CSL_pup,0.640473
914,18ZC5064.JPG,3,364,934.4,416,1000.8,0.634612,-1,CSL_cow,0.634612
915,18ZC5064.JPG,3,312.8,1827.2,364.8,1856.8,0.621932,-1,CSL_cow,0.621932
916,18ZC5064.JPG,3,2726.4,3262.4,2755.2,3279.2,0.611785,-1,CSL_pup,0.611785
917,18ZC5064.JPG,3,379.2,1291.2,432.8,1320.8,0.588029,-1,CSL_pup,0.588029
918,18ZC5064.JPG,3,2272,2648,2295.2,2698.4,0.587243,-1,CSL_cow,0.587243
919,18ZC5064.JPG,3,3103,2478,3231,2544,0.58286,-1,CSL_bull,0.58286
920,18ZC5064.JPG,3,464,440,498.4,459.2,0.578644,-1,CSL_pup,0.578644
921,18ZC5064.JPG,3,147.2,1396,204,1418.4,0.577112,-1,PHS,0.577112
922,18ZC5064.JPG,3,1377,1700,1438,1801,0.573563,-1,CSL_bull,0.573563
923,18ZC5064.JPG,3,3839,2055,3943,2173,0.561809,-1,CSL_bull,0.561809
924,18ZC5064.JPG,3,1401,2001,1503,2074,0.556782,-1,CSL_bull,0.556782
925,18ZC5064.JPG,3,221,122,306,198,0.537433,-1,CSL_bull,0.537433
926,18ZC5064.JPG,3,3070,1632,3129,1728,0.535688,-1,CSL_bull,0.535688
927,18ZC5064.JPG,3,299.2,1273.6,362.4,1298.4,0.533904,-1,CSL_pup,0.533904
928,18ZC5064.JPG,3,838,1280,898,1394,0.520932,-1,CSL_bull,0.520932
929,18ZC5064.JPG,3,3523.2,1812.8,3560.8,1842.4,0.52009,-1,CSL_pup,0.52009
930,18ZC5064.JPG,3,894,1118,1004,1183,0.512887,-1,CSL_bull,0.512887
931,18ZC5064.JPG,3,2981.6,988.8,2984.8,1014.4,0.512806,-1,CSL_pup,0.512806
932,18ZC5064.JPG,3,210,1407,398,1459,0.507582,-1,NES_bull,0.507582
933,18ZC5064.JPG,3,824,1746,887,1854,0.507346,-1,CSL_bull,0.507346
934,18ZC5064.JPG,3,480,192,492,231.2,0.499802,-1,CSL_pup,0.499802
935,18ZC5064.JPG,3,1163,1495,1268,1558,0.496475,-1,CSL_bull,0.496475
936,18ZC5064.JPG,3,480,258.4,486.4,308.8,0.491763,-1,CSL_pup,0.491763
937,18ZC5064.JPG,3,480,174.4,491.2,192,0.48822,-1,CSL_pup,0.48822
938,18ZC5064.JPG,3,2559,1632,2642,1693,0.486388,-1,CSL_bull,0.486388
939,18ZC5064.JPG,3,4465,3688,4596,3752,0.480184,-1,CSL_bull,0.480184
940,18ZC5064.JPG,3,2125.6,1975.2,2162.4,2004.8,0.47898,-1,CSL_pup,0.47898
941,18ZC5064.JPG,3,1899,2145,1957,2261,0.477345,-1,CSL_bull,0.477345
942,18ZC5064.JPG,3,609.6,411.2,629.6,448.8,0.476484,-1,CSL_pup,0.476484
943,18ZC5064.JPG,3,692,1664,745,1757,0.469778,-1,CSL_bull,0.469778
944,18ZC5064.JPG,3,3360,2797.6,3366.4,2818.4,0.467453,-1,CSL_pup,0.467453
945,18ZC5064.JPG,3,468,1478.4,575.2,1517.6,0.459246,-1,NES_bull,0.459246
946,18ZC5064.JPG,3,1159,1239,1231,1332,0.458342,-1,CSL_bull,0.458342
947,18ZC5064.JPG,3,3456,1813,3527,1899,0.456055,-1,CSL_bull,0.456055
948,18ZC5064.JPG,3,4800,3619.2,4812.8,3670.4,0.449518,-1,CSL_cow,0.449518
949,18ZC5064.JPG,3,475.2,159.2,516.8,183.2,0.446664,-1,CSL_pup,0.446664
950,18ZC5064.JPG,3,1562.4,1468.8,1596.8,1496,0.439273,-1,CSL_pup,0.439273
951,18ZC5064.JPG,3,2823,2362,2917,2411,0.424965,-1,CSL_bull,0.424965
952,18ZC5064.JPG,3,524,388.8,552.8,410.4,0.422163,-1,CSL_pup,0.422163
953,18ZC5064.JPG,3,1552,1479.2,1573.6,1506.4,0.412781,-1,CSL_pup,0.412781
954,18ZC5064.JPG,3,886.4,1864,936,1891.2,0.37743,-1,CSL_pup,0.37743
955,18ZC5064.JPG,3,399.2,1148,425.6,1186.4,0.371031,-1,CSL_pup,0.371031
956,18ZC5064.JPG,3,480,112.8,490.4,144,0.361279,-1,CSL_pup,0.361279
957,18ZC5064.JPG,3,2078.4,448.8,2104.8,494.4,0.356106,-1,CSL_cow,0.356106
958,18ZC5064.JPG,3,1944.8,2112,1972.8,2147.2,0.299031,-1,CSL_pup,0.299031
959,18ZC5064.JPG,3,732,1447.2,794.4,1472.8,0.295367,-1,CSL_cow,0.295367
960,18ZC5064.JPG,3,499.2,631.2,539.2,637.6,0.291475,-1,CSL_cow,0.291475
961,18ZC5064.JPG,3,4537.6,3553.6,4565.6,3576,0.287445,-1,CSL_pup,0.287445
962,18ZC5064.JPG,3,5380.8,3810.4,5407.2,3838.4,0.245119,-1,CSL_cow,0.245119
963,18ZC5064.JPG,3,2515.2,1257.6,2530.4,1308.8,0.227922,-1,CSL_pup,0.227922
964,18ZC5064.JPG,3,264,1183.2,356.8,1214.4,0.227793,-1,CSL_cow,0.227793
965,18ZC5064.JPG,3,3244.8,1466.4,3263.2,1498.4,0.18489,-1,CSL_pup,0.18489
966,18ZC5064.JPG,3,2702.4,3264.8,2738.4,3277.6,0.174304,-1,CSL_pup,0.174304
967,18ZC5064.JPG,3,880,1351.2,908.8,1396.8,0.170711,-1,PHS,0.170711
968,18ZC5064.JPG,3,3491.2,1504,3508.8,1518.4,0.166504,-1,CSL_pup,0.166504
969,18ZC5064.JPG,3,2852,2175.2,2935.2,2236.8,0.166486,-1,CSL_cow,0.166486
970,18ZC5064.JPG,3,3153.6,1792.8,3181.6,1824.8,0.162888,-1,CSL_cow,0.162888
971,18ZC5064.JPG,3,3509.6,627.2,3624,638.4,0.126948,-1,NES_bull,0.126948
972,18ZC5064.JPG,3,1861.6,2062.4,1895.2,2080.8,0.123759,-1,CSL_pup,0.123759
973,18ZC5064.JPG,3,2163.2,2704.8,2249.6,2748.8,0.120694,-1,CSL_cow,0.120694
974,18ZC5064.JPG,3,1977.6,36,2008,54.3999,0.11519,-1,CSL_pup,0.11519
975,18ZC5064.JPG,3,2488.8,1403.2,2504.8,1416,0.113451,-1,CSL_pup,0.113451
976,18ZC5064.JPG,3,529.6,277.6,555.2,288,0.110317,-1,CSL_pup,0.110317
977,18ZC5064.JPG,3,2186.4,2040,2221.6,2062.4,0.10744,-1,CSL_pup,0.10744
978,18ZC5064.JPG,3,2183.2,2010.4,2199.2,2034.4,0.0934144,-1,CSL_pup,0.0934144
979,18ZC5064.JPG,3,2304.8,880.8,2350.4,896.8,0.0893078,-1,CSL_cow,0.0893078
980,18ZC5064.JPG,3,535.2,439.2,561.6,460.8,0.0873169,-1,CSL_pup,0.0873169
981,18ZC5064.JPG,3,256.8,1169.6,348,1188.8,0.0871575,-1,CSL_cow,0.0871575
982,18ZC5064.JPG,3,2848,3216,2899.2,3222.4,0.0857652,-1,CSL_pup,0.0857652
983,18ZC5064.JPG,3,480,1341.6,506.4,1387.2,0.084651,-1,CSL_cow,0.084651
984,18ZC5064.JPG,3,1016,1162.4,1047.2,1200.8,0.07952,-1,CSL_pup,0.07952
985,18ZC5064.JPG,3,3360,1434.4,3361.6,1446.4,0.0764376,-1,CSL_pup,0.0764376
986,18ZC5064.JPG,3,454.4,278.4,480.8,305.6,0.0747413,-1,CSL_pup,0.0747413
987,18ZC5064.JPG,3,2144,2744.8,2177.6,2764,0.0638467,-1,CSL_pup,0.0638467
988,18ZC5064.JPG,3,480,137.6,488,160,0.0612898,-1,CSL_pup,0.0612898
989,18ZC5064.JPG,3,644.8,431.2,667.2,455.2,0.0611415,-1,CSL_pup,0.0611415
990,18ZC5064.JPG,3,1532,2060.8,1544.8,2140,0.0604984,-1,CSL_cow,0.0604984
991,18ZC5064.JPG,3,305.6,352,344,368,0.0596682,-1,CSL_pup,0.0596682
992,18ZC5064.JPG,3,634.4,2015.2,662.4,2028,0.0582966,-1,CSL_pup,0.0582966
993,18ZC5064.JPG,3,2195.2,2748,2243.2,2763.2,0.0566494,-1,CSL_pup,0.0566494
994,18ZC5064.JPG,3,2176,2762.4,2213.6,2779.2,0.0565848,-1,CSL_pup,0.0565848
995,18ZC5064.JPG,3,1821.6,493.6,1884,533.6,0.0559994,-1,CSL_cow,0.0559994
996,18ZC5064.JPG,3,482.4,1012.8,520,1035.2,0.052165,-1,PHS,0.052165
997,18ZC5064.JPG,3,708,1911.2,734.4,1922.4,0.0511865,-1,CSL_pup,0.0511865
998,18ZC5757.JPG,4,2960,961.6,2984,987.2,0.99999,-1,CSL_pup,0.99999
999,18ZC5757.JPG,4,2744.8,2878.4,2784,2904.8,0.99999,-1,CSL_pup,0.99999
1000,18ZC5757.JPG,4,1440,1234.4,1459.2,1264.8,0.999986,-1,CSL_pup,0.999986
1001,18ZC5757.JPG,4,756,3801.6,784.8,3828,0.999985,-1,CSL_pup,0.999985
1002,18ZC5757.JPG,4,2293.6,3521.6,2335.2,3578.4,0.999976,-1,CSL_cow,0.999976
1003,18ZC5757.JPG,4,480,2841.6,607.2,3022.4,0.999976,-1,NES_bull,0.999976
1004,18ZC5757.JPG,4,1512.8,1933.6,1576.8,1969.6,0.999975,-1,CSL_cow,0.999975
1005,18ZC5757.JPG,4,3078.4,3132.8,3149.6,3203.2,0.999975,-1,CSL_cow,0.999975
1006,18ZC5757.JPG,4,2400,3260.8,2457.6,3276.8,0.999974,-1,CSL_cow,0.999974
1007,18ZC5757.JPG,4,4339.2,3711.2,4410.4,3770.4,0.999973,-1,CSL_cow,0.999973
1008,18ZC5757.JPG,4,4351.2,3764,4430.4,3821.6,0.999971,-1,CSL_cow,0.999971
1009,18ZC5757.JPG,4,3035.2,904,3069.6,1002.4,0.999968,-1,CSL_cow,0.999968
1010,18ZC5757.JPG,4,3503.2,1409.6,3527.2,1454.4,0.999967,-1,CSL_pup,0.999967
1011,18ZC5757.JPG,4,3116,3584.8,3202.4,3676,0.99996,-1,CSL_bull,0.99996
1012,18ZC5757.JPG,4,2627.2,2657.6,2657.6,2696.8,0.999958,-1,CSL_pup,0.999958
1013,18ZC5757.JPG,4,2480.8,2011.2,2511.2,2041.6,0.999958,-1,CSL_pup,0.999958
1014,18ZC5757.JPG,4,3111.2,2289.6,3168.8,2337.6,0.999955,-1,CSL_cow,0.999955
1015,18ZC5757.JPG,4,2147.2,3762.4,2179.2,3782.4,0.999953,-1,CSL_pup,0.999953
1016,18ZC5757.JPG,4,4308.8,3668.8,4375.2,3732.8,0.999952,-1,CSL_cow,0.999952
1017,18ZC5757.JPG,4,3924,3665.6,4009.6,3723.2,0.99995,-1,CSL_bull,0.99995
1018,18ZC5757.JPG,4,2682.4,3028,2733.6,3092,0.999946,-1,CSL_cow,0.999946
1019,18ZC5757.JPG,4,2312,3715.2,2337.6,3746.4,0.999945,-1,CSL_pup,0.999945
1020,18ZC5757.JPG,4,4212.8,3642.4,4236.8,3690.4,0.999943,-1,CSL_pup,0.999943
1021,18ZC5757.JPG,4,1089.6,3800.8,1122.4,3837.6,0.999938,-1,CSL_pup,0.999938
1022,18ZC5757.JPG,4,758.4,2007.2,928.8,2150.4,0.999935,-1,NES_bull,0.999935
1023,18ZC5757.JPG,4,2724,3543.2,2760.8,3571.2,0.999935,-1,CSL_pup,0.999935
1024,18ZC5757.JPG,4,2815.2,1859.2,2868,1897.6,0.999935,-1,CSL_cow,0.999935
1025,18ZC5757.JPG,4,2716.8,2956.8,2744.8,2993.6,0.999925,-1,CSL_pup,0.999925
1026,18ZC5757.JPG,4,4457.6,3723.2,4478.4,3751.2,0.999916,-1,CSL_pup,0.999916
1027,18ZC5757.JPG,4,3378.4,3622.4,3486.4,3709.6,0.999909,-1,CSL_bull,0.999909
1028,18ZC5757.JPG,4,797.6,3789.6,823.2,3828,0.9999,-1,CSL_pup,0.9999
1029,18ZC5757.JPG,4,1470.4,1764.8,1539.2,1824.8,0.9999,-1,CSL_bull,0.9999
1030,18ZC5757.JPG,4,2743.2,3614.4,2776.8,3651.2,0.999898,-1,CSL_pup,0.999898
1031,18ZC5757.JPG,4,2087.2,1335.2,2123.2,1364,0.999897,-1,CSL_pup,0.999897
1032,18ZC5757.JPG,4,1704.8,3540,1751.2,3616,0.999896,-1,CSL_cow,0.999896
1033,18ZC5757.JPG,4,4468.8,3761.6,4500.8,3792.8,0.999889,-1,CSL_pup,0.999889
1034,18ZC5757.JPG,4,3640.8,3722.4,3727.2,3814.4,0.999875,-1,CSL_bull,0.999875
1035,18ZC5757.JPG,4,908,1868.8,1033.6,2070.4,0.99987,-1,NES_bull,0.99987
1036,18ZC5757.JPG,4,1523.2,1075.2,1554.4,1112.8,0.999864,-1,CSL_pup,0.999864
1037,18ZC5757.JPG,4,59.2,3088.8,104.8,3140.8,0.999863,-1,CSL_cow,0.999863
1038,18ZC5757.JPG,4,981.6,2185.6,1170.4,2274.4,0.999859,-1,NES_bull,0.999859
1039,18ZC5757.JPG,4,41.6,3077.6,75.2,3108,0.999858,-1,CSL_pup,0.999858
1040,18ZC5757.JPG,4,2160.8,2760.8,2209.6,2814.4,0.999852,-1,CSL_cow,0.999852
1041,18ZC5757.JPG,4,2152.8,1461.6,2180.8,1485.6,0.999841,-1,CSL_pup,0.999841
1042,18ZC5757.JPG,4,3276,1043.2,3310.4,1070.4,0.999837,-1,CSL_pup,0.999837
1043,18ZC5757.JPG,4,2791.2,2682.4,2852.8,2741.6,0.999829,-1,CSL_cow,0.999829
1044,18ZC5757.JPG,4,3844.8,3751.2,3944.8,3807.2,0.999828,-1,CSL_bull,0.999828
1045,18ZC5757.JPG,4,1.6,2284,35.2,2325.6,0.999821,-1,CSL_pup,0.999821
1046,18ZC5757.JPG,4,1640,3702.4,1705.6,3802.4,0.99982,-1,CSL_cow,0.99982
1047,18ZC5757.JPG,4,1179.2,2053.6,1403.2,2124,0.999817,-1,NES_bull,0.999817
1048,18ZC5757.JPG,4,2132.8,3539.2,2156,3569.6,0.999816,-1,CSL_pup,0.999816
1049,18ZC5757.JPG,4,1598.4,3683.2,1655.2,3769.6,0.999815,-1,CSL_cow,0.999815
1050,18ZC5757.JPG,4,977.6,2230.4,1163.2,2380,0.999807,-1,NES_bull,0.999807
1051,18ZC5757.JPG,4,2184,1445.6,2213.6,1489.6,0.999797,-1,CSL_pup,0.999797
1052,18ZC5757.JPG,4,607.2,2312,800,2399.2,0.999779,-1,NES_bull,0.999779
1053,18ZC5757.JPG,4,2678.4,2078.4,2712,2104.8,0.999757,-1,CSL_pup,0.999757
1054,18ZC5757.JPG,4,553.6,2087.2,666.4,2322.4,0.999741,-1,NES_bull,0.999741
1055,18ZC5757.JPG,4,477.6,2744.8,685.6,2885.6,0.999717,-1,NES_bull,0.999717
1056,18ZC5757.JPG,4,3084,1960.8,3128.8,1996.8,0.999697,-1,CSL_pup,0.999697
1057,18ZC5757.JPG,4,2700,2930.4,2733.6,2955.2,0.999696,-1,CSL_pup,0.999696
1058,18ZC5757.JPG,4,3542.4,1032.8,3576.8,1057.6,0.999695,-1,CSL_pup,0.999695
1059,18ZC5757.JPG,4,2235.2,1327.2,2275.2,1352,0.999689,-1,CSL_pup,0.999689
1060,18ZC5757.JPG,4,2106.4,1058.4,2214.4,1258.4,0.999677,-1,NES_bull,0.999677
1061,18ZC5757.JPG,4,2181.6,1381.6,2226.4,1444,0.999656,-1,CSL_cow,0.999656
1062,18ZC5757.JPG,4,3096.8,3227.2,3132.8,3257.6,0.999649,-1,CSL_pup,0.999649
1063,18ZC5757.JPG,4,4274.4,3655.2,4339.2,3725.6,0.999632,-1,CSL_cow,0.999632
1064,18ZC5757.JPG,4,2566.4,3672.8,2603.2,3695.2,0.999615,-1,CSL_pup,0.999615
1065,18ZC5757.JPG,4,1375.2,1324,1430.4,1356.8,0.999609,-1,CSL_cow,0.999609
1066,18ZC5757.JPG,4,2725.6,2860,2748.8,2891.2,0.999598,-1,CSL_pup,0.999598
1067,18ZC5757.JPG,4,2921.6,1004.8,2959.2,1031.2,0.999582,-1,CSL_pup,0.999582
1068,18ZC5757.JPG,4,1614.4,3645.6,1707.2,3676,0.999527,-1,CSL_cow,0.999527
1069,18ZC5757.JPG,4,1770.4,1493.6,1793.6,1518.4,0.999522,-1,CSL_pup,0.999522
1070,18ZC5757.JPG,4,1393.6,3804.8,1449.6,3837.6,0.999522,-1,CSL_cow,0.999522
1071,18ZC5757.JPG,4,480,2169.6,523.2,2308,0.999506,-1,CSL_bull,0.999506
1072,18ZC5757.JPG,4,4175.2,3752,4212,3778.4,0.999488,-1,CSL_pup,0.999488
1073,18ZC5757.JPG,4,3924.8,3658.4,3944.8,3706.4,0.999466,-1,CSL_bull,0.999466
1074,18ZC5757.JPG,4,4195.2,3676,4249.6,3716,0.999465,-1,CSL_cow,0.999465
1075,18ZC5757.JPG,4,1731.2,1419.2,1756.8,1468.8,0.999453,-1,CSL_pup,0.999453
1076,18ZC5757.JPG,4,2264.8,3687.2,2344,3717.6,0.999452,-1,CSL_cow,0.999452
1077,18ZC5757.JPG,4,237.6,2735.2,357.6,2859.2,0.999449,-1,NES_bull,0.999449
1078,18ZC5757.JPG,4,2728.8,3624,2757.6,3668,0.999439,-1,CSL_pup,0.999439
1079,18ZC5757.JPG,4,3167.2,3205.6,3196,3255.2,0.999398,-1,CSL_pup,0.999398
1080,18ZC5757.JPG,4,4458.4,3804.8,4491.2,3833.6,0.99938,-1,CSL_pup,0.99938
1081,18ZC5757.JPG,4,1966.4,3119.2,1994.4,3145.6,0.999352,-1,CSL_pup,0.999352
1082,18ZC5757.JPG,4,2686.4,2768,2737.6,2819.2,0.999333,-1,CSL_cow,0.999333
1083,18ZC5757.JPG,4,3473.6,1249.6,3525.6,1345.6,0.99933,-1,CSL_bull,0.99933
1084,18ZC5757.JPG,4,2537.6,568.8,2565.6,619.2,0.99921,-1,CSL_cow,0.99921
1085,18ZC5757.JPG,4,3321.6,1032,3351.2,1084,0.99918,-1,CSL_pup,0.99918
1086,18ZC5757.JPG,4,2927.2,1016.8,2985.6,1056,0.999163,-1,CSL_cow,0.999163
1087,18ZC5757.JPG,4,4252,3637.6,4291.2,3726.4,0.999144,-1,CSL_cow,0.999144
1088,18ZC5757.JPG,4,4113.6,3647.2,4155.2,3692.8,0.999129,-1,CSL_cow,0.999129
1089,18ZC5757.JPG,4,65.6,3788.8,110.4,3812.8,0.999113,-1,CSL_pup,0.999113
1090,18ZC5757.JPG,4,2717.6,2901.6,2747.2,2929.6,0.999037,-1,CSL_pup,0.999037
1091,18ZC5757.JPG,4,1309.6,1412,1359.2,1454.4,0.999036,-1,CSL_cow,0.999036
1092,18ZC5757.JPG,4,2919.2,980.8,2965.6,1002.4,0.998996,-1,CSL_pup,0.998996
1093,18ZC5757.JPG,4,2704.8,2748,2779.2,2798.4,0.998914,-1,CSL_cow,0.998914
1094,18ZC5757.JPG,4,1867.2,1416.8,1891.2,1468,0.998865,-1,CSL_pup,0.998865
1095,18ZC5757.JPG,4,352,2122.4,519.2,2295.2,0.998855,-1,NES_bull,0.998855
1096,18ZC5757.JPG,4,2920,1038.4,3010.4,1120.8,0.998821,-1,CSL_bull,0.998821
1097,18ZC5757.JPG,4,261.6,2272,479.2,2368,0.99881,-1,NES_bull,0.99881
1098,18ZC5757.JPG,4,2117.6,2148.8,2194.4,2184,0.998809,-1,CSL_cow,0.998809
1099,18ZC5757.JPG,4,1901.6,3668.8,1940,3703.2,0.998735,-1,CSL_cow,0.998735
1100,18ZC5757.JPG,4,1804.8,1496,1830.4,1517.6,0.99871,-1,CSL_pup,0.99871
1101,18ZC5757.JPG,4,1696.8,1267.2,1757.6,1305.6,0.9987,-1,CSL_cow,0.9987
1102,18ZC5757.JPG,4,652,3782.4,670.4,3828.8,0.998682,-1,CSL_pup,0.998682
1103,18ZC5757.JPG,4,1802.4,2024,1908,2120.8,0.99868,-1,CSL_bull,0.99868
1104,18ZC5757.JPG,4,2602.4,2998.4,2652.8,3041.6,0.998671,-1,CSL_cow,0.998671
1105,18ZC5757.JPG,4,2136.8,1318.4,2182.4,1348.8,0.998623,-1,CSL_pup,0.998623
1106,18ZC5757.JPG,4,2738.4,2918.4,2764,2957.6,0.998597,-1,CSL_pup,0.998597
1107,18ZC5757.JPG,4,1089.6,1760,1220,1884.8,0.998487,-1,NES_bull,0.998487
1108,18ZC5757.JPG,4,2400,3204,2415.2,3239.2,0.998447,-1,CSL_pup,0.998447
1109,18ZC5757.JPG,4,734.4,1958.4,912,2064,0.998416,-1,NES_bull,0.998416
1110,18ZC5757.JPG,4,2216,1346.4,2250.4,1365.6,0.998388,-1,CSL_pup,0.998388
1111,18ZC5757.JPG,4,4320,3761.6,4352,3816.8,0.998352,-1,CSL_cow,0.998352
1112,18ZC5757.JPG,4,4186.4,3813.6,4258.4,3840.8,0.998326,-1,CSL_cow,0.998326
1113,18ZC5757.JPG,4,2093.6,1355.2,2144.8,1378.4,0.998232,-1,CSL_pup,0.998232
1114,18ZC5757.JPG,4,2826.4,1760,2858.4,1801.6,0.998204,-1,CSL_cow,0.998204
1115,18ZC5757.JPG,4,2119.2,1914.4,2162.4,1964,0.998198,-1,PHS,0.998198
1116,18ZC5757.JPG,4,2106.4,1376,2136.8,1397.6,0.998049,-1,CSL_pup,0.998049
1117,18ZC5757.JPG,4,3947.2,3601.6,4036.8,3688.8,0.997961,-1,CSL_bull,0.997961
1118,18ZC5757.JPG,4,3104,3254.4,3155.2,3278.4,0.99786,-1,CSL_cow,0.99786
1119,18ZC5757.JPG,4,1612,3540,1675.2,3657.6,0.997814,-1,CSL_bull,0.997814
1120,18ZC5757.JPG,4,4499.2,0,4545.6,48.8,0.997738,-1,CSL_cow,0.997738
1121,18ZC5757.JPG,4,2313.6,1355.2,2340,1397.6,0.997571,-1,CSL_pup,0.997571
1122,18ZC5757.JPG,4,568,3785.6,622.4,3829.6,0.997441,-1,CSL_cow,0.997441
1123,18ZC5757.JPG,4,3448,920.8,3500.8,972,0.997432,-1,CSL_cow,0.997432
1124,18ZC5757.JPG,4,1898.4,1460,1934.4,1505.6,0.997429,-1,CSL_pup,0.997429
1125,18ZC5757.JPG,4,631.2,2039.2,705.6,2249.6,0.997427,-1,NES_bull,0.997427
1126,18ZC5757.JPG,4,2746.4,2640,2830.4,2675.2,0.997053,-1,CSL_cow,0.997053
1127,18ZC5757.JPG,4,3044,1028.8,3091.2,1066.4,0.996999,-1,CSL_cow,0.996999
1128,18ZC5757.JPG,4,2109.6,1440,2163.2,1473.6,0.996906,-1,CSL_cow,0.996906
1129,18ZC5757.JPG,4,2484,2002,2550,2114,0.996723,-1,CSL_bull,0.996723
1130,18ZC5757.JPG,4,2593.6,460.8,2662.4,639.2,0.996714,-1,CSL_bull,0.996714
1131,18ZC5757.JPG,4,217.6,2234.4,339.2,2399.2,0.996684,-1,NES_bull,0.996684
1132,18ZC5757.JPG,4,1663.2,3592.8,1718.4,3640,0.996512,-1,CSL_cow,0.996512
1133,18ZC5757.JPG,4,1754.4,1416.8,1789.6,1454.4,0.996323,-1,CSL_pup,0.996323
1134,18ZC5757.JPG,4,1608.8,1244.8,1668,1280,0.996275,-1,CSL_cow,0.996275
1135,18ZC5757.JPG,4,1985.6,1465.6,2019.2,1516.8,0.996106,-1,CSL_cow,0.996106
1136,18ZC5757.JPG,4,1544,3527.2,1583.2,3640.8,0.9958,-1,CSL_bull,0.9958
1137,18ZC5757.JPG,4,368,2640,451.2,2689.6,0.995745,-1,CSL_bull,0.995745
1138,18ZC5757.JPG,4,1343.2,1398.4,1374.4,1424.8,0.995708,-1,CSL_pup,0.995708
1139,18ZC5757.JPG,4,2026.4,1405.6,2066.4,1438.4,0.995617,-1,CSL_pup,0.995617
1140,18ZC5757.JPG,4,510.4,3751.2,549.6,3789.6,0.995459,-1,CSL_pup,0.995459
1141,18ZC5757.JPG,4,4306.4,3592,4334.4,3640.8,0.994753,-1,CSL_pup,0.994753
1142,18ZC5757.JPG,4,4211.2,3765.6,4322.4,3815.2,0.994655,-1,CSL_cow,0.994655
1143,18ZC5757.JPG,4,168.8,3788.8,193.6,3815.2,0.994626,-1,CSL_pup,0.994626
1144,18ZC5757.JPG,4,1296.8,880.8,1412.8,897.6,0.994563,-1,NES_bull,0.994563
1145,18ZC5757.JPG,4,106.4,3769.6,149.6,3804,0.994395,-1,CSL_pup,0.994395
1146,18ZC5757.JPG,4,656.8,2945.6,692,2997.6,0.994387,-1,CSL_cow,0.994387
1147,18ZC5757.JPG,4,692,3779.2,716,3825.6,0.994346,-1,CSL_pup,0.994346
1148,18ZC5757.JPG,4,2744.8,3588.8,2792,3613.6,0.994334,-1,CSL_pup,0.994334
1149,18ZC5757.JPG,4,2856,3326,2962,3375,0.994209,-1,CSL_bull,0.994209
1150,18ZC5757.JPG,4,2641.6,2986.4,2664.8,3042.4,0.993862,-1,CSL_pup,0.993862
1151,18ZC5757.JPG,4,1581.6,1268.8,1620.8,1314.4,0.993738,-1,CSL_pup,0.993738
1152,18ZC5757.JPG,4,2162,2479,2232,2575,0.993699,-1,CSL_bull,0.993699
1153,18ZC5757.JPG,4,2217.6,3251.2,2300,3278.4,0.993515,-1,CSL_cow,0.993515
1154,18ZC5757.JPG,4,2207.2,2757.6,2247.2,2811.2,0.992937,-1,CSL_cow,0.992937
1155,18ZC5757.JPG,4,571.2,2033.6,599.2,2068.8,0.992527,-1,CSL_pup,0.992527
1156,18ZC5757.JPG,4,3568.8,1076,3595.2,1099.2,0.992343,-1,CSL_pup,0.992343
1157,18ZC5757.JPG,4,480,3780,542.4,3840,0.991902,-1,CSL_bull,0.991902
1158,18ZC5757.JPG,4,2272.8,1340,2328.8,1365.6,0.99116,-1,CSL_cow,0.99116
1159,18ZC5757.JPG,4,1820,1510.4,1856.8,1519.2,0.991076,-1,CSL_pup,0.991076
1160,18ZC5757.JPG,4,3253.6,1062.4,3291.2,1093.6,0.989828,-1,CSL_pup,0.989828
1161,18ZC5757.JPG,4,4087.2,3593.6,4127.2,3688,0.98972,-1,CSL_bull,0.98972
1162,18ZC5757.JPG,4,2123.2,3598.4,2160,3625.6,0.989309,-1,CSL_pup,0.989309
1163,18ZC5757.JPG,4,2103.2,2802.4,2206.4,2853.6,0.988934,-1,CSL_cow,0.988934
1164,18ZC5757.JPG,4,2206.4,1307.2,2251.2,1348,0.988307,-1,CSL_cow,0.988307
1165,18ZC5757.JPG,4,3045.6,1004,3102.4,1040,0.987646,-1,CSL_cow,0.987646
1166,18ZC5757.JPG,4,2060,1382.4,2098.4,1412.8,0.987604,-1,CSL_pup,0.987604
1167,18ZC5757.JPG,4,1603.2,3656,1644,3690.4,0.987439,-1,CSL_cow,0.987439
1168,18ZC5757.JPG,4,2565.6,3604.8,2608.8,3631.2,0.986649,-1,CSL_pup,0.986649
1169,18ZC5757.JPG,4,1683.2,1274.4,1708.8,1311.2,0.986584,-1,CSL_pup,0.986584
1170,18ZC5757.JPG,4,4128.8,3808,4168.8,3839.2,0.986218,-1,CSL_cow,0.986218
1171,18ZC5757.JPG,4,1940.8,1376,1994.4,1404.8,0.985746,-1,CSL_cow,0.985746
1172,18ZC5757.JPG,4,1552.8,2083.2,1597.6,2110.4,0.98512,-1,CSL_pup,0.98512
1173,18ZC5757.JPG,4,3237.6,2247.2,3276,2297.6,0.984859,-1,CSL_cow,0.984859
1174,18ZC5757.JPG,4,235.2,3779.2,275.2,3831.2,0.983702,-1,CSL_cow,0.983702
1175,18ZC5757.JPG,4,2699.2,3062.4,2749.6,3136.8,0.981921,-1,CSL_cow,0.981921
1176,18ZC5757.JPG,4,433.6,3540,486.4,3590.4,0.980529,-1,CSL_cow,0.980529
1177,18ZC5757.JPG,4,2191.2,3212.8,2244,3250.4,0.979436,-1,CSL_cow,0.979436
1178,18ZC5757.JPG,4,164.8,3767.2,205.6,3800,0.977109,-1,CSL_pup,0.977109
1179,18ZC5757.JPG,4,1642.4,3680.8,1663.2,3729.6,0.973489,-1,CSL_pup,0.973489
1180,18ZC5757.JPG,4,4472.8,3724.8,4504,3760.8,0.972903,-1,CSL_pup,0.972903
1181,18ZC5757.JPG,4,4472,3784,4501.6,3807.2,0.972819,-1,CSL_pup,0.972819
1182,18ZC5757.JPG,4,1464,1210.4,1514.4,1247.2,0.972788,-1,CSL_pup,0.972788
1183,18ZC5757.JPG,4,2339.2,3197.6,2368.8,3238.4,0.971628,-1,CSL_pup,0.971628
1184,18ZC5757.JPG,4,3060.8,923.2,3080,980.8,0.969977,-1,CSL_pup,0.969977
1185,18ZC5757.JPG,4,1474.4,1158.4,1515.2,1209.6,0.967885,-1,CSL_cow,0.967885
1186,18ZC5757.JPG,4,517.6,3768,594.4,3811.2,0.967822,-1,CSL_cow,0.967822
1187,18ZC5757.JPG,4,4153.6,3753.6,4184.8,3793.6,0.962941,-1,CSL_pup,0.962941
1188,18ZC5757.JPG,4,2749.6,3520,2803.2,3545.6,0.96162,-1,CSL_cow,0.96162
1189,18ZC5757.JPG,4,2180.8,1311.2,2212,1360,0.960774,-1,CSL_pup,0.960774
1190,18ZC5757.JPG,4,3569.6,935.2,3589.6,964,0.956638,-1,CSL_pup,0.956638
1191,18ZC5757.JPG,4,2344.8,592,2415.2,623.2,0.956485,-1,CSL_cow,0.956485
1192,18ZC5757.JPG,4,2664.8,3525.6,2696.8,3561.6,0.955586,-1,CSL_cow,0.955586
1193,18ZC5757.JPG,4,1016,2331.2,1063.2,2374.4,0.955426,-1,NES_bull,0.955426
1194,18ZC5757.JPG,4,2069.6,1413.6,2109.6,1448,0.951299,-1,CSL_pup,0.951299
1195,18ZC5757.JPG,4,3189,3507,3246,3574,0.950351,-1,CSL_bull,0.950351
1196,18ZC5757.JPG,4,721.6,3780,737.6,3817.6,0.949141,-1,CSL_pup,0.949141
1197,18ZC5757.JPG,4,2490.4,3217.6,2522.4,3256.8,0.948869,-1,CSL_pup,0.948869
1198,18ZC5757.JPG,4,3129.6,3232,3238.4,3277.6,0.946939,-1,CSL_cow,0.946939
1199,18ZC5757.JPG,4,3574.4,1002.4,3590.4,1038.4,0.945845,-1,CSL_pup,0.945845
1200,18ZC5757.JPG,4,3005,3270,3063,3352,0.944752,-1,CSL_bull,0.944752
1201,18ZC5757.JPG,4,2007,740,2102,797,0.943796,-1,CSL_bull,0.943796
1202,18ZC5757.JPG,4,1569.6,3738.4,1619.2,3770.4,0.942026,-1,CSL_pup,0.942026
1203,18ZC5757.JPG,4,2730.4,2705.6,2837.6,2769.6,0.941486,-1,CSL_cow,0.941486
1204,18ZC5757.JPG,4,2042.4,3520,2093.6,3534.4,0.939736,-1,CSL_pup,0.939736
1205,18ZC5757.JPG,4,36,2193.6,88,2228.8,0.938218,-1,CSL_cow,0.938218
1206,18ZC5757.JPG,4,578.4,3760.8,617.6,3794.4,0.935142,-1,CSL_cow,0.935142
1207,18ZC5757.JPG,4,790,2523,916,2743,0.934808,-1,NES_bull,0.934808
1208,18ZC5757.JPG,4,3607.2,3624,3656,3668.8,0.931445,-1,CSL_cow,0.931445
1209,18ZC5757.JPG,4,1345,1774,1434,1827,0.930341,-1,CSL_bull,0.930341
1210,18ZC5757.JPG,4,2092,1393.6,2124,1436.8,0.929139,-1,CSL_pup,0.929139
1211,18ZC5757.JPG,4,2202.4,1360,2238.4,1393.6,0.92794,-1,CSL_pup,0.92794
1212,18ZC5757.JPG,4,2702.4,2828,2759.2,2858.4,0.922323,-1,CSL_pup,0.922323
1213,18ZC5757.JPG,4,682.4,3784,700.8,3817.6,0.920478,-1,CSL_pup,0.920478
1214,18ZC5757.JPG,4,5452,2898.4,5501.6,2928.8,0.917872,-1,CSL_cow,0.917872
1215,18ZC5757.JPG,4,5709.6,2025.6,5747.2,2052,0.917011,-1,CSL_cow,0.917011
1216,18ZC5757.JPG,4,3064.8,3520.8,3140.8,3559.2,0.908233,-1,NES_bull,0.908233
1217,18ZC5757.JPG,4,2806,2611,2886,2681,0.905327,-1,CSL_bull,0.905327
1218,18ZC5757.JPG,4,1943.2,1350.4,1988.8,1386.4,0.902686,-1,CSL_pup,0.902686
1219,18ZC5757.JPG,4,1668.8,958.4,1718.4,988.8,0.89482,-1,CSL_cow,0.89482
1220,18ZC5757.JPG,4,876.8,1946.4,980.8,2144,0.893924,-1,NES_bull,0.893924
1221,18ZC5757.JPG,4,1427.2,1224,1449.6,1261.6,0.891502,-1,CSL_pup,0.891502
1222,18ZC5757.JPG,4,4496.8,3727.2,4537.6,3777.6,0.888976,-1,CSL_cow,0.888976
1223,18ZC5757.JPG,4,3288,1018.4,3337.6,1042.4,0.885709,-1,CSL_pup,0.885709
1224,18ZC5757.JPG,4,981.6,2233.6,1031.2,2258.4,0.882553,-1,CSL_cow,0.882553
1225,18ZC5757.JPG,4,2794,2516,2859,2596,0.881924,-1,CSL_bull,0.881924
1226,18ZC5757.JPG,4,3247,1022,3332,1097,0.876016,-1,CSL_bull,0.876016
1227,18ZC5757.JPG,4,2692.8,3527.2,2724.8,3572.8,0.873603,-1,CSL_cow,0.873603
1228,18ZC5757.JPG,4,1275,816,1404,896,0.861827,-1,CSL_bull,0.861827
1229,18ZC5757.JPG,4,2724,2548,2788,2630,0.861005,-1,CSL_bull,0.861005
1230,18ZC5757.JPG,4,4234.4,3703.2,4321.6,3762.4,0.858304,-1,CSL_cow,0.858304
1231,18ZC5757.JPG,4,608.8,2640,676,2696,0.848206,-1,CSL_bull,0.848206
1232,18ZC5757.JPG,4,2374,3284,2450,3375,0.838926,-1,CSL_bull,0.838926
1233,18ZC5757.JPG,4,605,2478,727,2697,0.829209,-1,NES_bull,0.829209
1234,18ZC5757.JPG,4,735.2,3769.6,768.8,3825.6,0.824148,-1,CSL_pup,0.824148
1235,18ZC5757.JPG,4,3560.8,1059.2,3577.6,1074.4,0.822922,-1,CSL_pup,0.822922
1236,18ZC5757.JPG,4,1841.6,1425.6,1877.6,1468.8,0.821021,-1,CSL_cow,0.821021
1237,18ZC5757.JPG,4,2704.8,2850.4,2732.8,2866.4,0.813248,-1,CSL_pup,0.813248
1238,18ZC5757.JPG,4,325.6,3803.2,422.4,3840.8,0.809691,-1,CSL_bull,0.809691
1239,18ZC5757.JPG,4,1890,525,1947,589,0.803814,-1,CSL_bull,0.803814
1240,18ZC5757.JPG,4,2123.2,1384.8,2175.2,1419.2,0.79266,-1,CSL_cow,0.79266
1241,18ZC5757.JPG,4,4160,3719.2,4206.4,3766.4,0.790863,-1,CSL_cow,0.790863
1242,18ZC5757.JPG,4,4320,3707.2,4324.8,3720.8,0.786219,-1,CSL_cow,0.786219
1243,18ZC5757.JPG,4,5435.2,3066.4,5476.8,3096.8,0.779458,-1,CSL_pup,0.779458
1244,18ZC5757.JPG,4,2956.8,1012.8,2982.4,1024.8,0.778963,-1,CSL_pup,0.778963
1245,18ZC5757.JPG,4,2300,3397,2402,3461,0.771864,-1,CSL_bull,0.771864
1246,18ZC5757.JPG,4,3078,3315,3158,3393,0.770728,-1,CSL_bull,0.770728
1247,18ZC5757.JPG,4,0,1760,106.4,1853.6,0.762896,-1,NES_bull,0.762896
1248,18ZC5757.JPG,4,3150,3302,3222,3373,0.760871,-1,CSL_bull,0.760871
1249,18ZC5757.JPG,4,4442,3717,4514,3821,0.760379,-1,CSL_bull,0.760379
1250,18ZC5757.JPG,4,480,2264.8,508,2310.4,0.747131,-1,CSL_bull,0.747131
1251,18ZC5757.JPG,4,35,2386,175,2594,0.7295,-1,NES_bull,0.7295
1252,18ZC5757.JPG,4,592.8,2372.8,699.2,2399.2,0.729422,-1,NES_bull,0.729422
1253,18ZC5757.JPG,4,2155,3289,2241,3387,0.721564,-1,CSL_bull,0.721564
1254,18ZC5757.JPG,4,2127.2,1369.6,2189.6,1397.6,0.718158,-1,CSL_cow,0.718158
1255,18ZC5757.JPG,4,3008,1884.8,3076,1909.6,0.71077,-1,PHS,0.71077
1256,18ZC5757.JPG,4,139.2,3784.8,176,3814.4,0.710551,-1,CSL_pup,0.710551
1257,18ZC5757.JPG,4,1385.6,1794.4,1420,1821.6,0.708262,-1,CSL_cow,0.708262
1258,18ZC5757.JPG,4,920,2395,1122,2499,0.685699,-1,NES_bull,0.685699
1259,18ZC5757.JPG,4,633.6,3822.4,675.2,3837.6,0.669476,-1,CSL_cow,0.669476
1260,18ZC5757.JPG,4,776.8,3803.2,796,3828,0.642817,-1,CSL_pup,0.642817
1261,18ZC5757.JPG,4,458,2740,568,2793,0.641405,-1,CSL_bull,0.641405
1262,18ZC5757.JPG,4,1648,3760.8,1683.2,3805.6,0.638898,-1,CSL_pup,0.638898
1263,18ZC5757.JPG,4,960,916.8,990.4,976,0.637446,-1,CSL_bull,0.637446
1264,18ZC5757.JPG,4,4220.8,3748.8,4271.2,3782.4,0.625006,-1,CSL_cow,0.625006
1265,18ZC5757.JPG,4,3544,991,3597,1110,0.617586,-1,CSL_bull,0.617586
1266,18ZC5757.JPG,4,4168.8,1760.8,4204,1772.8,0.612221,-1,CSL_pup,0.612221
1267,18ZC5757.JPG,4,3100,3215,3170,3287,0.607393,-1,CSL_bull,0.607393
1268,18ZC5757.JPG,4,960,2015.2,978.4,2126.4,0.603925,-1,NES_bull,0.603925
1269,18ZC5757.JPG,4,2714,3564,2789,3665,0.59621,-1,CSL_bull,0.59621
1270,18ZC5757.JPG,4,373,2515,549,2694,0.589962,-1,NES_bull,0.589962
1271,18ZC5757.JPG,4,1569,1593,1707,1712,0.584985,-1,NES_bull,0.584985
1272,18ZC5757.JPG,4,2151,3341,2256,3425,0.583105,-1,CSL_bull,0.583105
1273,18ZC5757.JPG,4,790.4,3823.2,827.2,3836.8,0.582325,-1,CSL_pup,0.582325
1274,18ZC5757.JPG,4,132.8,2365.6,162.4,2399.2,0.578045,-1,CSL_pup,0.578045
1275,18ZC5757.JPG,4,3089,3378,3173,3446,0.563614,-1,CSL_bull,0.563614
1276,18ZC5757.JPG,4,3287.2,2144.8,3327.2,2227.2,0.550633,-1,CSL_cow,0.550633
1277,18ZC5757.JPG,4,3136,3255,3268,3316,0.531002,-1,CSL_bull,0.531002
1278,18ZC5757.JPG,4,1073,2515,1154,2599,0.530556,-1,CSL_bull,0.530556
1279,18ZC5757.JPG,4,4443.2,3753.6,4462.4,3774.4,0.521079,-1,CSL_pup,0.521079
1280,18ZC5757.JPG,4,3360,2032,3368.8,2066.4,0.51548,-1,CSL_cow,0.51548
1281,18ZC5757.JPG,4,1785.6,1509.6,1834.4,1518.4,0.512943,-1,CSL_pup,0.512943
1282,18ZC5757.JPG,4,480,3568,484.8,3591.2,0.506053,-1,CSL_pup,0.506053
1283,18ZC5757.JPG,4,3044.8,3277.6,3064,3279.2,0.490672,-1,CSL_pup,0.490672
1284,18ZC5757.JPG,4,151.2,3769.6,176,3793.6,0.482873,-1,CSL_pup,0.482873
1285,18ZC5757.JPG,4,4172,3804.8,4193.6,3824.8,0.481162,-1,CSL_pup,0.481162
1286,18ZC5757.JPG,4,2637,2560,2742,2611,0.477162,-1,CSL_bull,0.477162
1287,18ZC5757.JPG,4,1167,2390,1342,2484,0.437937,-1,NES_bull,0.437937
1288,18ZC5757.JPG,4,2697,2788,2767,2893,0.35489,-1,CSL_bull,0.35489
1289,18ZC5757.JPG,4,4201.6,3798.4,4230.4,3820.8,0.318121,-1,CSL_pup,0.318121
1290,18ZC5757.JPG,4,976,2384,1020.8,2397.6,0.31051,-1,PHS,0.31051
1291,18ZC5757.JPG,4,2412,3299,2519,3359,0.296095,-1,CSL_bull,0.296095
1292,18ZC5757.JPG,4,2504.8,1491.2,2576.8,1519.2,0.281926,-1,PHS,0.281926
1293,18ZC5757.JPG,4,907,2251,1038,2325,0.270287,-1,NES_bull,0.270287
1294,18ZC5757.JPG,4,1012.8,1984,1036,2012,0.260557,-1,CSL_pup,0.260557
1295,18ZC5757.JPG,4,4473.6,72.8,4496.8,98.3999,0.238616,-1,CSL_pup,0.238616
1296,18ZC5757.JPG,4,1978.4,3783.2,2000.8,3808,0.216165,-1,CSL_pup,0.216165
1297,18ZC5757.JPG,4,1128,2388,1203.2,2396.8,0.189196,-1,NES_bull,0.189196
1298,18ZC5757.JPG,4,2140.8,1494.4,2192,1517.6,0.187636,-1,CSL_pup,0.187636
1299,18ZC5757.JPG,4,4175.2,3788.8,4192,3808,0.185685,-1,CSL_pup,0.185685
1300,18ZC5757.JPG,4,4320,3751.2,4322.4,3762.4,0.185596,-1,CSL_pup,0.185596
1301,18ZC5757.JPG,4,4864.8,2387.2,4912,2398.4,0.180138,-1,NES_bull,0.180138
1302,18ZC5757.JPG,4,3120.8,3166.4,3147.2,3203.2,0.168468,-1,CSL_pup,0.168468
1303,18ZC5757.JPG,4,4276,3749.6,4324,3761.6,0.163733,-1,CSL_cow,0.163733
1304,18ZC5757.JPG,4,1785.6,1507.2,1793.6,1518.4,0.162499,-1,CSL_pup,0.162499
1305,18ZC5757.JPG,4,101.6,2258.4,141.6,2295.2,0.159339,-1,CSL_cow,0.159339
1306,18ZC5757.JPG,4,1440,3788.8,1448.8,3838.4,0.157875,-1,CSL_cow,0.157875
1307,18ZC5757.JPG,4,3036.8,3276,3060,3278.4,0.152658,-1,CSL_pup,0.152658
1308,18ZC5757.JPG,4,4320,3661.6,4340.8,3688,0.146363,-1,CSL_cow,0.146363
1309,18ZC5757.JPG,4,4320,3700,4327.2,3760,0.131636,-1,CSL_cow,0.131636
1310,18ZC5757.JPG,4,2729.6,2919.2,2746.4,2947.2,0.113783,-1,CSL_pup,0.113783
1311,18ZC5757.JPG,4,4320,3696.8,4322.4,3712.8,0.104776,-1,CSL_cow,0.104776
1312,18ZC5757.JPG,4,1922.4,3068,1952,3094.4,0.0938171,-1,CSL_pup,0.0938171
1313,18ZC5757.JPG,4,1645.6,3712.8,1663.2,3747.2,0.0910868,-1,CSL_pup,0.0910868
1314,18ZC5757.JPG,4,2500,2051.2,2504.8,2102.4,0.0886711,-1,CSL_cow,0.0886711
1315,18ZC5757.JPG,4,715.2,3779.2,726.4,3816.8,0.0849264,-1,CSL_pup,0.0849264
1316,18ZC5757.JPG,4,1328,2702.4,1395.2,2746.4,0.0846539,-1,PHS,0.0846539
1317,18ZC5757.JPG,4,3210.4,3520.8,3227.2,3526.4,0.0831092,-1,CSL_pup,0.0831092
1318,18ZC5757.JPG,4,39.2,28.8,69.6,40.8,0.0808766,-1,CSL_pup,0.0808766
1319,18ZC5757.JPG,4,2756.8,3574.4,2773.6,3600,0.0798754,-1,CSL_pup,0.0798754
1320,18ZC5757.JPG,4,1338.4,1392,1360,1408.8,0.0661651,-1,CSL_pup,0.0661651
1321,18ZC5757.JPG,4,5185.6,1760,5266.4,1774.4,0.063297,-1,NES_bull,0.063297
1322,18ZC5757.JPG,4,1516,1221.6,1533.6,1231.2,0.0608648,-1,CSL_pup,0.0608648
1323,18ZC5757.JPG,4,4320,3742.4,4322.4,3756,0.0601876,-1,CSL_pup,0.0601876
1324,18ZC5757.JPG,4,2496.8,634.4,2504.8,638.4,0.0593197,-1,CSL_pup,0.0593197
1325,18ZC5757.JPG,4,4876,1.6001,4904,57.6001,0.0569638,-1,CSL_cow,0.0569638
1326,18ZC5757.JPG,4,2185.6,2765.6,2206.4,2783.2,0.055565,-1,CSL_pup,0.055565
