0,18ZC5064.JPG,0,3002.4,1924.8,3080.8,2015.2,1,-1,CSL_pup,1
1,18ZC5064.JPG,0,3310.4,1212,3366.4,1240.8,1,-1,CSL_pup,1
2,18ZC5064.JPG,0,3252,1416,3306.4,1500,1,-1,CSL_pup,1
3,18ZC5064.JPG,0,3265.6,1458.4,3342.4,1516,1,-1,CSL_pup,1
4,18ZC5064.JPG,0,303.2,900.8,381.6,958.4,1,-1,CSL_pup,1
5,18ZC5064.JPG,0,4012,3558.4,4090.4,3640.8,1,-1,CSL_pup,1
6,18ZC5064.JPG,0,3346.4,1427.2,3413.6,1512,1,-1,CSL_pup,1
7,18ZC5064.JPG,0,2511.2,1243.2,2582.4,1320,0.999999,-1,CSL_pup,0.999999
8,18ZC5064.JPG,0,1248.8,1349.6,1324,1442.4,0.999999,-1,CSL_pup,0.999999
9,18ZC5064.JPG,0,608.8,583.2,681.6,638.4,0.999999,-1,CSL_pup,0.999999
10,18ZC5064.JPG,0,1174.4,1353.6,1252,1497.6,0.999999,-1,CSL_pup,0.999999
11,18ZC5064.JPG,0,255.2,960.8,342.4,1001.6,0.999999,-1,CSL_pup,0.999999
12,18ZC5064.JPG,0,3815.2,2658.4,3855.2,2778.4,0.999999,-1,CSL_pup,0.999999
13,18ZC5064.JPG,0,4054.4,3684.8,4100.8,3772,0.999999,-1,CSL_pup,0.999999
14,18ZC5064.JPG,0,3404,1376.8,3463.2,1456,0.999999,-1,CSL_pup,0.999999
15,18ZC5064.JPG,0,2438.4,2935.2,2470.4,2979.2,0.999999,-1,CSL_pup,0.999999
16,18ZC5064.JPG,0,590.4,1226.4,655.2,1302.4,0.999999,-1,CSL_pup,0.999999
17,18ZC5064.JPG,0,697.6,85.6001,739.2,116.8,0.999999,-1,CSL_pup,0.999999
18,18ZC5064.JPG,0,360.8,933.6,416.8,1001.6,0.999999,-1,CSL_pup,0.999999
19,18ZC5064.JPG,0,3600.8,1794.4,3648,1848,0.999999,-1,CSL_pup,0.999999
20,18ZC5064.JPG,0,3552,1446.4,3640,1496,0.999999,-1,CSL_pup,0.999999
21,18ZC5064.JPG,0,4024.8,3629.6,4089.6,3688,0.999998,-1,CSL_pup,0.999998
22,18ZC5064.JPG,0,2003.2,2120,2025.6,2162.4,0.999998,-1,CSL_pup,0.999998
23,18ZC5064.JPG,0,2504.8,2993.6,2553.6,3032,0.999998,-1,CSL_pup,0.999998
24,18ZC5064.JPG,0,519.2,333.6,568,366.4,0.999998,-1,CSL_pup,0.999998
25,18ZC5064.JPG,0,2362.4,980.8,2437.6,1050.4,0.999998,-1,CSL_pup,0.999998
26,18ZC5064.JPG,0,1833.6,2204,1878.4,2250.4,0.999998,-1,CSL_pup,0.999998
27,18ZC5064.JPG,0,2620,1134.4,2668,1236,0.999998,-1,CSL_pup,0.999998
28,18ZC5064.JPG,0,3516,1392,3561.6,1472.8,0.999998,-1,CSL_pup,0.999998
29,18ZC5064.JPG,0,298.4,1035.2,380,1066.4,0.999997,-1,CSL_pup,0.999997
30,18ZC5064.JPG,0,3657.6,1265.6,3701.6,1319.2,0.999997,-1,CSL_pup,0.999997
31,18ZC5064.JPG,0,2781.6,2125.6,2831.2,2167.2,0.999997,-1,CSL_pup,0.999997
32,18ZC5064.JPG,0,2846.4,2068,2900,2138.4,0.999997,-1,CSL_pup,0.999997
33,18ZC5064.JPG,0,3308,1407.2,3346.4,1489.6,0.999997,-1,CSL_pup,0.999997
34,18ZC5064.JPG,0,2487.2,2917.6,2527.2,2969.6,0.999997,-1,CSL_pup,0.999997
35,18ZC5064.JPG,0,3124,1793.6,3161.6,1853.6,0.999997,-1,CSL_pup,0.999997
36,18ZC5064.JPG,0,636.8,1232.8,709.6,1295.2,0.999997,-1,CSL_pup,0.999997
37,18ZC5064.JPG,0,2655.2,1152.8,2705.6,1265.6,0.999997,-1,CSL_pup,0.999997
38,18ZC5064.JPG,0,3361.6,1364.8,3395.2,1405.6,0.999997,-1,CSL_pup,0.999997
39,18ZC5064.JPG,0,3377.6,1765.6,3402.4,1810.4,0.999996,-1,CSL_pup,0.999996
40,18ZC5064.JPG,0,416,1299.2,467.2,1372.8,0.999996,-1,CSL_pup,0.999996
41,18ZC5064.JPG,0,2040,1929.6,2067.2,1973.6,0.999996,-1,CSL_pup,0.999996
42,18ZC5064.JPG,0,3488.8,1813.6,3574.4,1869.6,0.999996,-1,CSL_pup,0.999996
43,18ZC5064.JPG,0,3552.8,1356,3619.2,1449.6,0.999996,-1,CSL_pup,0.999996
44,18ZC5064.JPG,0,2168.8,2082.4,2199.2,2137.6,0.999995,-1,CSL_pup,0.999995
45,18ZC5064.JPG,0,459.2,396,508.8,436.8,0.999995,-1,CSL_pup,0.999995
46,18ZC5064.JPG,0,2190.4,2352,2215.2,2398.4,0.999995,-1,CSL_pup,0.999995
47,18ZC5064.JPG,0,1203.2,1163.2,1228,1202.4,0.999995,-1,CSL_pup,0.999995
48,18ZC5064.JPG,0,2690.4,1324,2758.4,1448,0.999995,-1,CSL_pup,0.999995
49,18ZC5064.JPG,0,2812,3006.4,2836.8,3043.2,0.999995,-1,CSL_pup,0.999995
50,18ZC5064.JPG,0,2918.4,880.8,2985.6,909.6,0.999994,-1,CSL_pup,0.999994
51,18ZC5064.JPG,0,2407.2,2377.6,2445.6,2399.2,0.999994,-1,CSL_pup,0.999994
52,18ZC5064.JPG,0,576,266.4,606.4,311.2,0.999994,-1,CSL_pup,0.999994
53,18ZC5064.JPG,0,2899.2,2062.4,2992,2144,0.999994,-1,CSL_pup,0.999994
54,18ZC5064.JPG,0,1896,2148,1918.4,2199.2,0.999994,-1,CSL_pup,0.999994
55,18ZC5064.JPG,0,1715.2,1940.8,1742.4,1993.6,0.999993,-1,CSL_pup,0.999993
56,18ZC5064.JPG,0,3427.2,1344.8,3496.8,1379.2,0.999993,-1,CSL_pup,0.999993
57,18ZC5064.JPG,0,2640.8,3197.6,2698.4,3237.6,0.999992,-1,CSL_pup,0.999992
58,18ZC5064.JPG,0,2735.2,1485.6,2760.8,1518.4,0.999992,-1,CSL_pup,0.999992
59,18ZC5064.JPG,0,1980,1812.8,2058.4,1867.2,0.999992,-1,CSL_pup,0.999992
60,18ZC5064.JPG,0,2100.8,2864,2126.4,2904,0.999992,-1,CSL_pup,0.999992
61,18ZC5064.JPG,0,658.4,1316.8,704.8,1351.2,0.999991,-1,CSL_pup,0.999991
62,18ZC5064.JPG,0,656.8,144.8,703.2,175.2,0.999991,-1,CSL_pup,0.999991
63,18ZC5064.JPG,0,318.4,1113.6,379.2,1160.8,0.999989,-1,CSL_pup,0.999989
64,18ZC5064.JPG,0,1189.6,1274.4,1243.2,1301.6,0.999989,-1,CSL_pup,0.999989
65,18ZC5064.JPG,0,182.4,376,224,430.4,0.999989,-1,CSL_pup,0.999989
66,18ZC5064.JPG,0,2110.4,2236.8,2140.8,2266.4,0.999988,-1,CSL_pup,0.999988
67,18ZC5064.JPG,0,3045.6,2301.6,3076,2341.6,0.999987,-1,CSL_pup,0.999987
68,18ZC5064.JPG,0,3480,1336.8,3551.2,1383.2,0.999987,-1,CSL_pup,0.999987
69,18ZC5064.JPG,0,1993.6,2160,2024.8,2204,0.999987,-1,CSL_pup,0.999987
70,18ZC5064.JPG,0,497.6,138.4,519.2,171.2,0.999986,-1,CSL_pup,0.999986
71,18ZC5064.JPG,0,480,1255.2,530.4,1298.4,0.999986,-1,CSL_pup,0.999986
72,18ZC5064.JPG,0,2400,1042.4,2432.8,1093.6,0.999986,-1,CSL_pup,0.999986
73,18ZC5064.JPG,0,2939.2,1860.8,2974.4,1912,0.999986,-1,CSL_pup,0.999986
74,18ZC5064.JPG,0,2737.6,3122.4,2775.2,3155.2,0.999985,-1,CSL_pup,0.999985
75,18ZC5064.JPG,0,3164,1447.2,3218.4,1516,0.999984,-1,CSL_pup,0.999984
76,18ZC5064.JPG,0,561.6,459.2,597.6,497.6,0.999984,-1,CSL_pup,0.999984
77,18ZC5064.JPG,0,428.8,171.2,451.2,225.6,0.999984,-1,CSL_pup,0.999984
78,18ZC5064.JPG,0,560.8,194.4,603.2,236.8,0.999984,-1,CSL_pup,0.999984
79,18ZC5064.JPG,0,595.2,1175.2,657.6,1247.2,0.999982,-1,CSL_pup,0.999982
80,18ZC5064.JPG,0,2484.8,1262.4,2536.8,1305.6,0.99998,-1,CSL_pup,0.99998
81,18ZC5064.JPG,0,3628.8,1845.6,3659.2,1888.8,0.99998,-1,CSL_pup,0.99998
82,18ZC5064.JPG,0,2947.2,2196,3018.4,2272,0.99998,-1,CSL_pup,0.99998
83,18ZC5064.JPG,0,696,103.2,741.6,141.6,0.999979,-1,CSL_pup,0.999979
84,18ZC5064.JPG,0,524.8,284.8,558.4,334.4,0.999979,-1,CSL_pup,0.999979
85,18ZC5064.JPG,0,587.2,505.6,628,539.2,0.999979,-1,CSL_pup,0.999979
86,18ZC5064.JPG,0,1555.2,1359.2,1593.6,1392.8,0.999978,-1,CSL_pup,0.999978
87,18ZC5064.JPG,0,271.2,1053.6,352,1122.4,0.999978,-1,CSL_pup,0.999978
88,18ZC5064.JPG,0,1073.6,1148.8,1108,1192.8,0.999978,-1,CSL_pup,0.999978
89,18ZC5064.JPG,0,2737.6,3139.2,2784.8,3169.6,0.999976,-1,CSL_pup,0.999976
90,18ZC5064.JPG,0,2772.8,3520.8,2808.8,3549.6,0.999976,-1,CSL_pup,0.999976
91,18ZC5064.JPG,0,652,117.6,676,156.8,0.999976,-1,CSL_pup,0.999976
92,18ZC5064.JPG,0,435.2,515.2,490.4,565.6,0.999974,-1,CSL_pup,0.999974
93,18ZC5064.JPG,0,1561.6,1488.8,1597.6,1518.4,0.999974,-1,CSL_pup,0.999974
94,18ZC5064.JPG,0,611.2,269.6,660.8,299.2,0.999973,-1,CSL_pup,0.999973
95,18ZC5064.JPG,0,2216,2372.8,2261.6,2398.4,0.99997,-1,CSL_pup,0.99997
96,18ZC5064.JPG,0,485.6,1205.6,585.6,1246.4,0.999969,-1,CSL_pup,0.999969
97,18ZC5064.JPG,0,4486.4,2640,4581.6,2676.8,0.999969,-1,CSL_pup,0.999969
98,18ZC5064.JPG,0,604.8,248,647.2,276.8,0.999968,-1,CSL_pup,0.999968
99,18ZC5064.JPG,0,5408.8,3740.8,5474.4,3821.6,0.999966,-1,CSL_pup,0.999966
100,18ZC5064.JPG,0,520,368,558.4,392,0.999965,-1,CSL_pup,0.999965
101,18ZC5064.JPG,0,2137.6,2306.4,2172.8,2361.6,0.999964,-1,CSL_pup,0.999964
102,18ZC5064.JPG,0,2800.8,1065.6,2838.4,1112.8,0.999962,-1,CSL_pup,0.999962
103,18ZC5064.JPG,0,1106.4,1217.6,1136,1266.4,0.999962,-1,CSL_pup,0.999962
104,18ZC5064.JPG,0,481.6,253.6,516,310.4,0.999961,-1,CSL_pup,0.999961
105,18ZC5064.JPG,0,1156.8,1221.6,1184,1272,0.99996,-1,CSL_pup,0.99996
106,18ZC5064.JPG,0,670.4,1812.8,726.4,1833.6,0.999958,-1,CSL_pup,0.999958
107,18ZC5064.JPG,0,1004,1214.4,1047.2,1271.2,0.999957,-1,CSL_pup,0.999957
108,18ZC5064.JPG,0,161.6,964,196.8,1009.6,0.999953,-1,CSL_pup,0.999953
109,18ZC5064.JPG,0,2528.8,1392,2548,1422.4,0.999943,-1,CSL_pup,0.999943
110,18ZC5064.JPG,0,2888,2129.6,2972,2193.6,0.999938,-1,CSL_pup,0.999938
111,18ZC5064.JPG,0,2228.8,2327.2,2254.4,2353.6,0.999937,-1,CSL_pup,0.999937
112,18ZC5064.JPG,0,3004.8,2160,3059.2,2241.6,0.999935,-1,CSL_pup,0.999935
113,18ZC5064.JPG,0,3188,3744.8,3219.2,3780,0.999934,-1,CSL_pup,0.999934
114,18ZC5064.JPG,0,534.4,1184,570.4,1219.2,0.999931,-1,CSL_pup,0.999931
115,18ZC5064.JPG,0,490.4,445.6,516.8,483.2,0.999931,-1,CSL_pup,0.999931
116,18ZC5064.JPG,0,500,576.8,532,636.8,0.999929,-1,CSL_pup,0.999929
117,18ZC5064.JPG,0,2732.8,3070.4,2770.4,3108,0.999926,-1,CSL_pup,0.999926
118,18ZC5064.JPG,0,2084.8,2109.6,2110.4,2171.2,0.999926,-1,CSL_pup,0.999926
119,18ZC5064.JPG,0,1932.8,2184.8,1954.4,2239.2,0.999921,-1,CSL_pup,0.999921
120,18ZC5064.JPG,0,2708,3069.6,2755.2,3095.2,0.999921,-1,CSL_pup,0.999921
121,18ZC5064.JPG,0,1075.2,1195.2,1102.4,1250.4,0.999904,-1,CSL_pup,0.999904
122,18ZC5064.JPG,0,2611.2,2819.2,2648.8,2842.4,0.999897,-1,CSL_pup,0.999897
123,18ZC5064.JPG,0,419.2,380.8,444,422.4,0.999887,-1,CSL_pup,0.999887
124,18ZC5064.JPG,0,366.4,326.4,415.2,353.6,0.999885,-1,CSL_pup,0.999885
125,18ZC5064.JPG,0,1370.4,1919.2,1406.4,1948,0.999875,-1,CSL_pup,0.999875
126,18ZC5064.JPG,0,879.2,1012,958.4,1070.4,0.999874,-1,CSL_pup,0.999874
127,18ZC5064.JPG,0,217.6,600,280,636.8,0.999871,-1,CSL_pup,0.999871
128,18ZC5064.JPG,0,2708.8,3048.8,2753.6,3079.2,0.999871,-1,CSL_pup,0.999871
129,18ZC5064.JPG,0,2561.6,2093.6,2614.4,2116,0.999865,-1,CSL_pup,0.999865
130,18ZC5064.JPG,0,1899.2,2204.8,1938.4,2260,0.999853,-1,CSL_pup,0.999853
131,18ZC5064.JPG,0,3451.2,1812,3464.8,1866.4,0.999853,-1,CSL_pup,0.999853
132,18ZC5064.JPG,0,3228,3801.6,3255.2,3828.8,0.99984,-1,CSL_pup,0.99984
133,18ZC5064.JPG,0,747.2,2096.8,802.4,2136,0.999838,-1,CSL_pup,0.999838
134,18ZC5064.JPG,0,1484.8,1959.2,1526.4,2047.2,0.999828,-1,CSL_pup,0.999828
135,18ZC5064.JPG,0,336.8,1349.6,388.8,1441.6,0.999827,-1,CSL_pup,0.999827
136,18ZC5064.JPG,0,687.2,1408,706.4,1432.8,0.99982,-1,CSL_pup,0.99982
137,18ZC5064.JPG,0,1974.4,1846.4,2039.2,1885.6,0.9998,-1,CSL_pup,0.9998
138,18ZC5064.JPG,0,1606.4,1317.6,1634.4,1378.4,0.999798,-1,CSL_pup,0.999798
139,18ZC5064.JPG,0,2225.6,2774.4,2256,2831.2,0.999795,-1,CSL_pup,0.999795
140,18ZC5064.JPG,0,1585.6,1404.8,1629.6,1437.6,0.999776,-1,CSL_pup,0.999776
141,18ZC5064.JPG,0,1943.2,2114.4,1972.8,2147.2,0.999774,-1,CSL_pup,0.999774
142,18ZC5064.JPG,0,3053.6,2156.8,3081.6,2204,0.999767,-1,CSL_pup,0.999767
143,18ZC5064.JPG,0,550.4,399.2,592,436,0.999748,-1,CSL_pup,0.999748
144,18ZC5064.JPG,0,3132.8,1766.4,3186.4,1813.6,0.999737,-1,CSL_pup,0.999737
145,18ZC5064.JPG,0,1125.6,1380,1166.4,1408,0.999723,-1,CSL_pup,0.999723
146,18ZC5064.JPG,0,67.2,1760.8,132.8,1811.2,0.999701,-1,CSL_pup,0.999701
147,18ZC5064.JPG,0,1954.4,2231.2,1993.6,2266.4,0.999694,-1,CSL_pup,0.999694
148,18ZC5064.JPG,0,1915.2,2180,1939.2,2228.8,0.999682,-1,CSL_pup,0.999682
149,18ZC5064.JPG,0,177.6,1016,244,1066.4,0.999649,-1,CSL_pup,0.999649
150,18ZC5064.JPG,0,537.6,1298.4,601.6,1365.6,0.99957,-1,CSL_pup,0.99957
151,18ZC5064.JPG,0,2988.8,896.8,3011.2,929.6,0.999569,-1,CSL_pup,0.999569
152,18ZC5064.JPG,0,412.8,211.2,442.4,233.6,0.999524,-1,CSL_pup,0.999524
153,18ZC5064.JPG,0,1567,1697,1642,1770,0.999447,-1,CSL_pup,0.999447
154,18ZC5064.JPG,0,2665.6,2994.4,2692,3046.4,0.999436,-1,CSL_pup,0.999436
155,18ZC5064.JPG,0,480,530.4,499.2,564,0.999397,-1,CSL_pup,0.999397
156,18ZC5064.JPG,0,3515.2,1485.6,3612,1518.4,0.999352,-1,CSL_pup,0.999352
157,18ZC5064.JPG,0,1232,1300,1264.8,1350.4,0.999311,-1,CSL_pup,0.999311
158,18ZC5064.JPG,0,662.4,1866.4,690.4,1912,0.999122,-1,CSL_pup,0.999122
159,18ZC5064.JPG,0,2848.8,3214.4,2908.8,3246.4,0.999118,-1,CSL_pup,0.999118
160,18ZC5064.JPG,0,2848,3180.8,2902.4,3210.4,0.999039,-1,CSL_pup,0.999039
161,18ZC5064.JPG,0,1555.2,1408.8,1579.2,1450.4,0.99888,-1,CSL_pup,0.99888
162,18ZC5064.JPG,0,2585.6,2796.8,2625.6,2823.2,0.99881,-1,CSL_pup,0.99881
163,18ZC5064.JPG,0,1748,1298,1823,1344,0.998789,-1,CSL_pup,0.998789
164,18ZC5064.JPG,0,1562.4,1760.8,1630.4,1800,0.998704,-1,CSL_pup,0.998704
165,18ZC5064.JPG,0,822.4,1356,876,1440,0.998691,-1,CSL_pup,0.998691
166,18ZC5064.JPG,0,254.4,1134.4,359.2,1187.2,0.998641,-1,CSL_pup,0.998641
167,18ZC5064.JPG,0,3396,1327.2,3424,1365.6,0.998578,-1,CSL_pup,0.998578
168,18ZC5064.JPG,0,2060.8,2897.6,2148.8,2947.2,0.998501,-1,CSL_pup,0.998501
169,18ZC5064.JPG,0,2185.6,2072.8,2220,2113.6,0.998455,-1,CSL_pup,0.998455
170,18ZC5064.JPG,0,380,1291.2,432,1320.8,0.998428,-1,CSL_pup,0.998428
171,18ZC5064.JPG,0,264.8,1182.4,356.8,1213.6,0.998295,-1,CSL_pup,0.998295
172,18ZC5064.JPG,0,2082.4,2682.4,2126.4,2707.2,0.998019,-1,CSL_pup,0.998019
173,18ZC5064.JPG,0,466.4,239.2,499.2,275.2,0.997962,-1,CSL_pup,0.997962
174,18ZC5064.JPG,0,1133,1602,1224,1675,0.997701,-1,CSL_pup,0.997701
175,18ZC5064.JPG,0,705.6,152.8,738.4,192.8,0.997661,-1,CSL_pup,0.997661
176,18ZC5064.JPG,0,477.6,58.3999,502.4,92,0.997636,-1,CSL_pup,0.997636
177,18ZC5064.JPG,0,2534,1727,2625,1774,0.997564,-1,CSL_pup,0.997564
178,18ZC5064.JPG,0,2489.6,1320,2504.8,1353.6,0.997344,-1,CSL_pup,0.997344
179,18ZC5064.JPG,0,2431.2,3227.2,2468.8,3248,0.997313,-1,CSL_pup,0.997313
180,18ZC5064.JPG,0,3185.6,3789.6,3211.2,3821.6,0.997111,-1,CSL_pup,0.997111
181,18ZC5064.JPG,0,960,1904,995.2,1983.2,0.996989,-1,CSL_pup,0.996989
182,18ZC5064.JPG,0,513.6,240,559.2,272,0.996972,-1,CSL_pup,0.996972
183,18ZC5064.JPG,0,3116,1610,3212,1675,0.996919,-1,CSL_pup,0.996919
184,18ZC5064.JPG,0,1992.8,1936,2020.8,1968,0.996699,-1,CSL_pup,0.996699
185,18ZC5064.JPG,0,2135.2,2026.4,2184,2054.4,0.996498,-1,CSL_pup,0.996498
186,18ZC5064.JPG,0,1570.4,1404,1591.2,1433.6,0.996332,-1,CSL_pup,0.996332
187,18ZC5064.JPG,0,4607,3112,4715,3171,0.995819,-1,CSL_pup,0.995819
188,18ZC5064.JPG,0,532.8,439.2,584,464.8,0.995816,-1,CSL_pup,0.995816
189,18ZC5064.JPG,0,2857.6,2179.2,2935.2,2232.8,0.995466,-1,CSL_pup,0.995466
190,18ZC5064.JPG,0,264,984,354.4,1034.4,0.995405,-1,CSL_pup,0.995405
191,18ZC5064.JPG,0,2145.6,2169.6,2193.6,2191.2,0.995359,-1,CSL_pup,0.995359
192,18ZC5064.JPG,0,1564,1443.2,1592.8,1476,0.995257,-1,CSL_pup,0.995257
193,18ZC5064.JPG,0,536,576,572,612.8,0.995211,-1,CSL_pup,0.995211
194,18ZC5064.JPG,0,3103.2,3667.2,3152.8,3709.6,0.99442,-1,CSL_pup,0.99442
195,18ZC5064.JPG,0,3092,2100.8,3126.4,2148.8,0.994406,-1,CSL_pup,0.994406
196,18ZC5064.JPG,0,2230.4,2352.8,2263.2,2376,0.994223,-1,CSL_pup,0.994223
197,18ZC5064.JPG,0,5213,2831,5327,2896,0.994043,-1,CSL_pup,0.994043
198,18ZC5064.JPG,0,3565.6,1296.8,3618.4,1356.8,0.993666,-1,CSL_pup,0.993666
199,18ZC5064.JPG,0,1351,1410,1416,1475,0.992792,-1,CSL_pup,0.992792
200,18ZC5064.JPG,0,510.4,227.2,548,252,0.992698,-1,CSL_pup,0.992698
201,18ZC5064.JPG,0,3356,1762.4,3384,1832.8,0.992657,-1,CSL_pup,0.992657
202,18ZC5064.JPG,0,2677,3262,2758,3315,0.992008,-1,CSL_pup,0.992008
203,18ZC5064.JPG,0,220,121,317,202,0.991967,-1,CSL_pup,0.991967
204,18ZC5064.JPG,0,581.6,586.4,610.4,627.2,0.991964,-1,CSL_pup,0.991964
205,18ZC5064.JPG,0,5083,2735,5211,2789,0.991694,-1,CSL_pup,0.991694
206,18ZC5064.JPG,0,1958.4,2323.2,2001.6,2348,0.990836,-1,CSL_pup,0.990836
207,18ZC5064.JPG,0,2600,2949.6,2659.2,2969.6,0.99067,-1,CSL_pup,0.99067
208,18ZC5064.JPG,0,488.8,13.6001,524,50.3999,0.990317,-1,CSL_pup,0.990317
209,18ZC5064.JPG,0,3105.6,1367.2,3145.6,1401.6,0.990113,-1,CSL_pup,0.990113
210,18ZC5064.JPG,0,691.2,1916.8,730.4,1939.2,0.989915,-1,CSL_pup,0.989915
211,18ZC5064.JPG,0,3281,1690,3392,1756,0.989833,-1,CSL_pup,0.989833
212,18ZC5064.JPG,0,507.2,190.4,532,220.8,0.989392,-1,CSL_pup,0.989392
213,18ZC5064.JPG,0,848.8,1327.2,877.6,1360,0.989234,-1,CSL_pup,0.989234
214,18ZC5064.JPG,0,456,1281.6,507.2,1370.4,0.98923,-1,CSL_pup,0.98923
215,18ZC5064.JPG,0,895.2,1862.4,934.4,1881.6,0.989191,-1,CSL_pup,0.989191
216,18ZC5064.JPG,0,3545,2433,3605,2491,0.988374,-1,CSL_pup,0.988374
217,18ZC5064.JPG,0,196.8,1191.2,293.6,1231.2,0.988024,-1,CSL_pup,0.988024
218,18ZC5064.JPG,0,3046,2409,3145,2461,0.987893,-1,CSL_pup,0.987893
219,18ZC5064.JPG,0,689.6,196.8,717.6,244.8,0.98682,-1,CSL_pup,0.98682
220,18ZC5064.JPG,0,1933.6,2013.6,1972,2049.6,0.986099,-1,CSL_pup,0.986099
221,18ZC5064.JPG,0,1064,301,1130,361,0.98566,-1,CSL_pup,0.98566
222,18ZC5064.JPG,0,1813.6,2029.6,1834.4,2065.6,0.985118,-1,CSL_pup,0.985118
223,18ZC5064.JPG,0,1135.2,1129.6,1161.6,1153.6,0.984958,-1,CSL_pup,0.984958
224,18ZC5064.JPG,0,1239,1656,1396,1751,0.984935,-1,CSL_pup,0.984935
225,18ZC5064.JPG,0,2501.6,1414.4,2599.2,1516,0.984798,-1,CSL_pup,0.984798
226,18ZC5064.JPG,0,3222.4,1489.6,3256,1517.6,0.982493,-1,CSL_pup,0.982493
227,18ZC5064.JPG,0,631.2,1860,660.8,1885.6,0.981804,-1,CSL_pup,0.981804
228,18ZC5064.JPG,0,523.2,79.2,553.6,144.8,0.981237,-1,CSL_pup,0.981237
229,18ZC5064.JPG,0,445.6,89.6001,475.2,116,0.980638,-1,CSL_pup,0.980638
230,18ZC5064.JPG,0,2545,2594,2606,2676,0.979956,-1,CSL_pup,0.979956
231,18ZC5064.JPG,0,635.2,172,673.6,211.2,0.979589,-1,CSL_pup,0.979589
232,18ZC5064.JPG,0,2915,882,3005,971,0.977641,-1,CSL_pup,0.977641
233,18ZC5064.JPG,0,2575,2799,2648,2866,0.977364,-1,CSL_pup,0.977364
234,18ZC5064.JPG,0,480,881.6,498.4,923.2,0.975906,-1,CSL_pup,0.975906
235,18ZC5064.JPG,0,3160.8,3668.8,3200.8,3706.4,0.973798,-1,CSL_pup,0.973798
236,18ZC5064.JPG,0,1163,1263,1252,1330,0.973567,-1,CSL_pup,0.973567
237,18ZC5064.JPG,0,543.2,348,580,386.4,0.97327,-1,CSL_pup,0.97327
238,18ZC5064.JPG,0,527.2,460,577.6,484.8,0.972539,-1,CSL_pup,0.972539
239,18ZC5064.JPG,0,3360,1216.8,3365.6,1239.2,0.966519,-1,CSL_pup,0.966519
240,18ZC5064.JPG,0,520.8,142.4,559.2,182.4,0.961939,-1,CSL_pup,0.961939
241,18ZC5064.JPG,0,149.6,271.2,185.6,293.6,0.958642,-1,CSL_pup,0.958642
242,18ZC5064.JPG,0,531,692,610,759,0.957765,-1,CSL_pup,0.957765
243,18ZC5064.JPG,0,2136,2168,2216,2232,0.957325,-1,CSL_pup,0.957325
244,18ZC5064.JPG,0,500,818,608,879,0.956377,-1,CSL_pup,0.956377
245,18ZC5064.JPG,0,2681.6,2929.6,2708,2970.4,0.953421,-1,CSL_pup,0.953421
246,18ZC5064.JPG,0,697.6,1432.8,724.8,1456.8,0.952459,-1,CSL_pup,0.952459
247,18ZC5064.JPG,0,548,1355.2,624,1418.4,0.952278,-1,CSL_pup,0.952278
248,18ZC5064.JPG,0,1926.4,2156,1970.4,2187.2,0.951276,-1,CSL_pup,0.951276
249,18ZC5064.JPG,0,2696,3263.2,2755.2,3279.2,0.950658,-1,CSL_pup,0.950658
250,18ZC5064.JPG,0,402.4,137.6,434.4,166.4,0.949978,-1,CSL_pup,0.949978
251,18ZC5064.JPG,0,2921,2303,3049,2367,0.949023,-1,CSL_pup,0.949023
252,18ZC5064.JPG,0,2157,2521,2227,2627,0.948613,-1,CSL_pup,0.948613
253,18ZC5064.JPG,0,4021,1852,4090,1909,0.947633,-1,CSL_pup,0.947633
254,18ZC5064.JPG,0,2735.2,2959.2,2774.4,2990.4,0.94404,-1,CSL_pup,0.94404
255,18ZC5064.JPG,0,439,697,513,769,0.94372,-1,CSL_pup,0.94372
256,18ZC5064.JPG,0,1441.6,1984.8,1464,2020,0.942292,-1,CSL_pup,0.942292
257,18ZC5064.JPG,0,620.8,409.6,644,454.4,0.942086,-1,CSL_pup,0.942086
258,18ZC5064.JPG,0,248.8,1240,322.4,1290.4,0.937989,-1,CSL_pup,0.937989
259,18ZC5064.JPG,0,524,385.6,554.4,414.4,0.937374,-1,CSL_pup,0.937374
260,18ZC5064.JPG,0,560,524.8,584,566.4,0.934967,-1,CSL_pup,0.934967
261,18ZC5064.JPG,0,2233.6,2392,2277.6,2398.4,0.933427,-1,CSL_pup,0.933427
262,18ZC5064.JPG,0,1805,2419,1924,2484,0.932954,-1,CSL_pup,0.932954
263,18ZC5064.JPG,0,548,153.6,580.8,177.6,0.93294,-1,CSL_pup,0.93294
264,18ZC5064.JPG,0,3210,2562,3276,2634,0.931804,-1,CSL_pup,0.931804
265,18ZC5064.JPG,0,1257,1558,1329,1637,0.927983,-1,CSL_pup,0.927983
266,18ZC5064.JPG,0,326.4,993.6,438.4,1038.4,0.922233,-1,CSL_pup,0.922233
267,18ZC5064.JPG,0,1624,2113,1694,2178,0.921361,-1,CSL_pup,0.921361
268,18ZC5064.JPG,0,2977,1640,3069,1696,0.919936,-1,CSL_pup,0.919936
269,18ZC5064.JPG,0,2878,3427,2956,3486,0.919341,-1,CSL_pup,0.919341
270,18ZC5064.JPG,0,1398,1815,1507,1882,0.918012,-1,CSL_pup,0.918012
271,18ZC5064.JPG,0,2864,1512,2961,1582,0.914819,-1,CSL_pup,0.914819
272,18ZC5064.JPG,0,5416,3533,5471,3602,0.913269,-1,CSL_pup,0.913269
273,18ZC5064.JPG,0,2178.4,2341.6,2203.2,2373.6,0.910589,-1,CSL_pup,0.910589
274,18ZC5064.JPG,0,1649.6,2236,1684.8,2262.4,0.910395,-1,CSL_pup,0.910395
275,18ZC5064.JPG,0,200,907,303,965,0.90928,-1,CSL_pup,0.90928
276,18ZC5064.JPG,0,1464,1920,1524.8,2004.8,0.901766,-1,CSL_pup,0.901766
277,18ZC5064.JPG,0,5009,2643,5150,2706,0.900696,-1,CSL_pup,0.900696
278,18ZC5064.JPG,0,3660,2054,3734,2107,0.898039,-1,CSL_pup,0.898039
279,18ZC5064.JPG,0,500.8,631.2,544.8,638.4,0.896359,-1,CSL_pup,0.896359
280,18ZC5064.JPG,0,3484,1475.2,3509.6,1517.6,0.896084,-1,CSL_pup,0.896084
281,18ZC5064.JPG,0,2081,2983,2178,3047,0.893714,-1,CSL_pup,0.893714
282,18ZC5064.JPG,0,3120,1738,3241,1789,0.892233,-1,CSL_pup,0.892233
283,18ZC5064.JPG,0,1428,1696,1506,1754,0.890114,-1,CSL_pup,0.890114
284,18ZC5064.JPG,0,2215,2269,2298,2323,0.89004,-1,CSL_pup,0.89004
285,18ZC5064.JPG,0,1967,2488,2032,2560,0.889542,-1,CSL_pup,0.889542
286,18ZC5064.JPG,0,2078,2237,2154,2294,0.880526,-1,CSL_pup,0.880526
287,18ZC5064.JPG,0,152,820,272,891,0.879421,-1,CSL_pup,0.879421
288,18ZC5064.JPG,0,194,658,301,730,0.877533,-1,CSL_pup,0.877533
289,18ZC5064.JPG,0,1598.4,1437.6,1624.8,1478.4,0.875675,-1,CSL_pup,0.875675
290,18ZC5064.JPG,0,3112,2473,3217,2529,0.87497,-1,CSL_pup,0.87497
291,18ZC5064.JPG,0,580,1639,679,1697,0.874326,-1,CSL_pup,0.874326
292,18ZC5064.JPG,0,2696.8,3118.4,2732,3154.4,0.872917,-1,CSL_pup,0.872917
293,18ZC5064.JPG,0,1549,1357,1620,1452,0.866704,-1,CSL_pup,0.866704
294,18ZC5064.JPG,0,1730,1923,1791,1986,0.866424,-1,CSL_pup,0.866424
295,18ZC5064.JPG,0,960,1268.8,967.2,1292,0.863321,-1,CSL_pup,0.863321
296,18ZC5064.JPG,0,2902,783,2983,857,0.852997,-1,CSL_pup,0.852997
297,18ZC5064.JPG,0,3421.6,1366.4,3496,1414.4,0.852578,-1,CSL_pup,0.852578
298,18ZC5064.JPG,0,2213,2407,2301,2461,0.851735,-1,CSL_pup,0.851735
299,18ZC5064.JPG,0,467,1518,583,1592,0.848562,-1,CSL_pup,0.848562
300,18ZC5064.JPG,0,1535,1457,1602,1551,0.833583,-1,CSL_pup,0.833583
301,18ZC5064.JPG,0,349,327,424,418,0.821816,-1,CSL_pup,0.821816
302,18ZC5064.JPG,0,386.4,266.4,416,302.4,0.820379,-1,CSL_pup,0.820379
303,18ZC5064.JPG,0,2161,2336,2234,2407,0.820289,-1,CSL_pup,0.820289
304,18ZC5064.JPG,0,2924,839,3015,878,0.819851,-1,CSL_pup,0.819851
305,18ZC5064.JPG,0,588,517,677,581,0.813472,-1,CSL_pup,0.813472
306,18ZC5064.JPG,0,4332,3600,4390,3663,0.806513,-1,CSL_pup,0.806513
307,18ZC5064.JPG,0,4628,3567,4708,3628,0.805031,-1,CSL_pup,0.805031
308,18ZC5064.JPG,0,3010,2107,3076,2167,0.802687,-1,CSL_pup,0.802687
309,18ZC5064.JPG,0,2880,1503.2,2966.4,1519.2,0.800273,-1,CSL_pup,0.800273
310,18ZC5064.JPG,0,365,1584,460,1650,0.799747,-1,CSL_pup,0.799747
311,18ZC5064.JPG,0,1510,806,1617,850,0.790649,-1,CSL_pup,0.790649
312,18ZC5064.JPG,0,347.2,1288,370.4,1321.6,0.78371,-1,CSL_pup,0.78371
313,18ZC5064.JPG,0,2122,1958,2211,2016,0.77819,-1,CSL_pup,0.77819
314,18ZC5064.JPG,0,480.8,220.8,515.2,255.2,0.772935,-1,CSL_pup,0.772935
315,18ZC5064.JPG,0,723.2,1884.8,756,1911.2,0.766556,-1,CSL_pup,0.766556
316,18ZC5064.JPG,0,3031.2,2115.2,3064,2144.8,0.757921,-1,CSL_pup,0.757921
317,18ZC5064.JPG,0,2854.4,3204,2905.6,3222.4,0.728908,-1,CSL_pup,0.728908
318,18ZC5064.JPG,0,526.4,4.80005,575.2,33.6001,0.706254,-1,CSL_pup,0.706254
319,18ZC5064.JPG,0,544,382.4,584.8,404,0.688937,-1,CSL_pup,0.688937
320,18ZC5064.JPG,0,1415.2,1932.8,1458.4,2012.8,0.682779,-1,CSL_pup,0.682779
321,18ZC5064.JPG,0,3852.8,3681.6,3876.8,3723.2,0.668105,-1,CSL_pup,0.668105
322,18ZC5064.JPG,0,3111.2,3808,3138.4,3836,0.657192,-1,CSL_pup,0.657192
323,18ZC5064.JPG,0,964.8,1112.8,1008,1158.4,0.654984,-1,CSL_pup,0.654984
324,18ZC5064.JPG,0,2499.2,1454.4,2504.8,1488.8,0.635472,-1,CSL_pup,0.635472
325,18ZC5064.JPG,0,794.4,1414.4,820.8,1436,0.615034,-1,CSL_pup,0.615034
326,18ZC5064.JPG,0,2495.2,1094.4,2532.8,1115.2,0.603166,-1,CSL_pup,0.603166
327,18ZC5064.JPG,0,2934.4,2068.8,2981.6,2107.2,0.582623,-1,CSL_pup,0.582623
328,18ZC5064.JPG,0,531.2,0,561.6,10.3999,0.581379,-1,CSL_pup,0.581379
329,18ZC5064.JPG,0,249.6,1344,316,1388,0.571163,-1,CSL_pup,0.571163
330,18ZC5064.JPG,0,1654.4,1852.8,1697.6,1892.8,0.567091,-1,CSL_pup,0.567091
331,18ZC5064.JPG,0,2937.6,2237.6,2958.4,2270.4,0.549823,-1,CSL_pup,0.549823
332,18ZC5064.JPG,0,1136.8,2700.8,1165.6,2726.4,0.543911,-1,CSL_pup,0.543911
333,18ZC5064.JPG,0,466.4,440.8,497.6,462.4,0.524207,-1,CSL_pup,0.524207
334,18ZC5064.JPG,0,763.2,1176.8,785.6,1220.8,0.486453,-1,CSL_pup,0.486453
335,18ZC5064.JPG,0,3093.6,3805.6,3121.6,3818.4,0.485714,-1,CSL_pup,0.485714
336,18ZC5064.JPG,0,960,1115.2,976,1188,0.481467,-1,CSL_pup,0.481467
337,18ZC5064.JPG,0,2173.6,2046.4,2221.6,2076.8,0.462235,-1,CSL_pup,0.462235
338,18ZC5064.JPG,0,438.4,1191.2,477.6,1218.4,0.461397,-1,CSL_pup,0.461397
339,18ZC5064.JPG,0,3231.2,1404,3268.8,1436.8,0.451486,-1,CSL_pup,0.451486
340,18ZC5064.JPG,0,1546.4,1384.8,1596.8,1408,0.432258,-1,CSL_pup,0.432258
341,18ZC5064.JPG,0,651.2,445.6,685.6,492,0.405837,-1,CSL_pup,0.405837
342,18ZC5064.JPG,0,364,24.8,408,59.2,0.393917,-1,CSL_pup,0.393917
343,18ZC5064.JPG,0,475.2,175.2,512,200,0.386061,-1,CSL_pup,0.386061
344,18ZC5064.JPG,0,3504,1461.6,3539.2,1501.6,0.357936,-1,CSL_pup,0.357936
345,18ZC5064.JPG,0,3141.6,1760,3223.2,1771.2,0.346852,-1,CSL_pup,0.346852
346,18ZC5064.JPG,0,1532,1843.2,1544.8,1872.8,0.345365,-1,CSL_pup,0.345365
347,18ZC5064.JPG,0,1826.4,2020,1843.2,2063.2,0.326455,-1,CSL_pup,0.326455
348,18ZC5064.JPG,0,2150.4,2703.2,2249.6,2757.6,0.307271,-1,CSL_pup,0.307271
349,18ZC5064.JPG,0,798.4,1828,833.6,1877.6,0.28116,-1,CSL_pup,0.28116
350,18ZC5064.JPG,0,2018.4,2160,2024.8,2203.2,0.251767,-1,CSL_pup,0.251767
351,18ZC5064.JPG,0,3360,2801.6,3365.6,2819.2,0.251575,-1,CSL_pup,0.251575
352,18ZC5064.JPG,0,730.4,198.4,754.4,220,0.247512,-1,CSL_pup,0.247512
353,18ZC5064.JPG,0,3583.2,1502.4,3623.2,1519.2,0.219132,-1,CSL_pup,0.219132
354,18ZC5064.JPG,0,511.2,1401.6,548,1424,0.215678,-1,CSL_pup,0.215678
355,18ZC5064.JPG,0,1589.6,2682.4,1630.4,2714.4,0.214031,-1,CSL_pup,0.214031
356,18ZC5064.JPG,0,3368,1507.2,3397.6,1518.4,0.178063,-1,CSL_pup,0.178063
357,18ZC5064.JPG,0,1080,1188.8,1132.8,1212.8,0.177893,-1,CSL_pup,0.177893
358,18ZC5064.JPG,0,231.2,1208.8,332.8,1262.4,0.163381,-1,CSL_pup,0.163381
359,18ZC5064.JPG,0,526.4,193.6,550.4,220.8,0.1572,-1,CSL_pup,0.1572
360,18ZC5064.JPG,0,1440,1944,1445.6,2001.6,0.139852,-1,CSL_pup,0.139852
361,18ZC5064.JPG,0,2544,1424.8,2580.8,1452,0.126074,-1,CSL_pup,0.126074
362,18ZC5064.JPG,0,3240.8,1513.6,3275.2,1518.4,0.120225,-1,CSL_pup,0.120225
363,18ZC5064.JPG,0,2200.8,2392.8,2240,2398.4,0.119766,-1,CSL_pup,0.119766
364,18ZC5064.JPG,0,1653.6,2273.6,1670.4,2290.4,0.116423,-1,CSL_pup,0.116423
365,18ZC5064.JPG,0,480,1438.4,485.6,1466.4,0.113943,-1,CSL_pup,0.113943
366,18ZC5064.JPG,0,791.2,1499.2,852.8,1518.4,0.111569,-1,CSL_pup,0.111569
367,18ZC5064.JPG,0,2164.8,2364,2196,2388.8,0.110829,-1,CSL_pup,0.110829
368,18ZC5064.JPG,0,1838.4,2032,1858.4,2080.8,0.101934,-1,CSL_pup,0.101934
369,18ZC5064.JPG,0,3197.6,3784,3228.8,3801.6,0.0796888,-1,CSL_pup,0.0796888
370,18ZC5064.JPG,0,1016.8,1160,1048.8,1201.6,0.0782223,-1,CSL_pup,0.0782223
371,18ZC5064.JPG,0,1587.2,1512.8,1631.2,1518.4,0.0769362,-1,CSL_pup,0.0769362
372,18ZC5064.JPG,0,2498.4,310.4,2505.6,332.8,0.0705935,-1,CSL_pup,0.0705935
373,18ZC5064.JPG,0,2018.4,2315.2,2025.6,2324.8,0.0697938,-1,CSL_pup,0.0697938
374,18ZC5064.JPG,0,2191.2,880,2208.8,885.6,0.0665804,-1,CSL_pup,0.0665804
375,18ZC5064.JPG,0,2020.8,1880.8,2025.6,1898.4,0.0664368,-1,CSL_pup,0.0664368
376,18ZC5064.JPG,0,1572.8,2753.6,1608,2771.2,0.0643908,-1,CSL_pup,0.0643908
377,18ZC5064.JPG,0,3840.8,2693.6,3856.8,2736.8,0.0607198,-1,CSL_pup,0.0607198
378,18ZC5064.JPG,0,547.2,880,600,888,0.0571494,-1,CSL_pup,0.0571494
379,18ZC5064.JPG,0,1852.8,2055.2,1868,2080.8,0.0555969,-1,CSL_pup,0.0555969
380,18ZC5064.JPG,0,483.2,1012.8,523.2,1040,0.0550755,-1,CSL_pup,0.0550755
381,18ZC5064.JPG,0,1007.2,1392.8,1028,1419.2,0.052848,-1,CSL_pup,0.052848
