0,18ZC4773.JPG,0,1719,2716,1916,2574,1,-1,NES_bull,1
1,18ZC4773.JPG,0,1924,2646,2149,2515,1,-1,NES_bull,1
2,18ZC4773.JPG,0,2214,2476,2441,2372,1,-1,NES_bull,1
3,18ZC4773.JPG,0,1555,2833,1752,2723,1,-1,NES_bull,1
4,18ZC4773.JPG,0,1891,2890,1954,2693,1,-1,NES_bull,1
5,18ZC4773.JPG,0,1411,2509,1574,2350,1,-1,NES_sam,1
6,18ZC4773.JPG,0,1526,2485,1665,2318,1,-1,NES_sam,1
7,18ZC4773.JPG,0,1553,2487,1693,2348,1,-1,NES_sam,1
8,18ZC4773.JPG,0,1741,2323,1895,2176,1,-1,NES_sam,1
9,18ZC4773.JPG,0,1561,2185,1784,2098,1,-1,NES_sam,1
10,18ZC4773.JPG,0,1619,2204,1789,2117,1,-1,NES_sam,1
11,18ZC4773.JPG,0,1762,2484,1960,2418,1,-1,NES_sam,1
12,18ZC4773.JPG,0,1674,2588,1858,2498,1,-1,NES_sam,1
13,18ZC4773.JPG,0,2125,2226,2235,2036,1,-1,NES_sam,1
14,18ZC4773.JPG,0,2098,2007,2277,1898,1,-1,NES_sam,1
15,18ZC4773.JPG,0,2076,2595,2215,2412,1,-1,NES_sam,1
16,18ZC4773.JPG,0,2250,2669,2462,2565,1,-1,NES_sam,1
17,18ZC4773.JPG,0,1741,2725,1897,2626,1,-1,NES_sam,1
18,18ZC4773.JPG,0,1666,2670,1848,2559,1,-1,NES_sam,1
19,18ZC4773.JPG,0,1454,2854,1560,2670,1,-1,NES_sam,1
20,18ZC4773.JPG,0,1785,2999,1964,2890,1,-1,NES_sam,1
21,18ZC4773.JPG,0,1896,3103,2103,3024,1,-1,NES_sam,1
22,18ZC4773.JPG,0,1965,3137,2144,3064,1,-1,NES_sam,1
23,18ZC4773.JPG,0,1770,2881,1919,2724,1,-1,NES_sam,1
24,18ZC4773.JPG,0,1936,2857,2042,2712,1,-1,NES_sam,1
25,18ZC4773.JPG,0,2585,2839,2691,2658,1,-1,NES_sam,1
26,18ZC4773.JPG,0,2540,2628,2709,2474,1,-1,NES_sam,1
27,18ZC4773.JPG,0,2353,2971,2520,2826,1,-1,NES_sam,1
28,18ZC4773.JPG,0,3185,2632,3319,2487,1,-1,NES_sam,1
29,18ZC4773.JPG,0,3164,3284,3376,3181,1,-1,NES_bull,1
30,18ZC4773.JPG,0,2247,3839,2377,3629,1,-1,NES_bull,1
31,18ZC4773.JPG,0,1805,3459,1988,3363,1,-1,NES_sam,1
32,18ZC4773.JPG,0,1849,3573,1981,3430,1,-1,NES_sam,1
33,18ZC4773.JPG,0,1774,3661,1941,3558,1,-1,NES_sam,1
34,18ZC4773.JPG,0,1547,2069,1710,1876,1,-1,NES_bull,1
35,18ZC4773.JPG,0,1589,1852,1663,1641,1,-1,NES_bull,1
36,18ZC4773.JPG,0,1327,1806,1444,1680,1,-1,NES_sam,1
37,18ZC4773.JPG,0,1453,1977,1597,1809,1,-1,NES_sam,1
38,18ZC4773.JPG,0,2461,383,2686,261,1,-1,NES_bull,1
39,18ZC4773.JPG,0,3473,1395,3597,1195,1,-1,NES_sam,1
40,18ZC4773.JPG,0,2060,722,2223,607,1,-1,NES_sam,1
41,18ZC4773.JPG,0,1385,1462,1587,1344,1,-1,NES_sam,1
42,18ZC4773.JPG,0,1786,1712,1847,1667,1,-1,CSL_cow,1
43,18ZC4773.JPG,0,1781,1729,1842,1684,1,-1,CSL_cow,1
44,18ZC4773.JPG,0,1715,1758,1739,1692,1,-1,CSL_yng_Male,1
45,18ZC4773.JPG,0,1736,1762,1761,1701,1,-1,CSL_yng_Male,1
46,18ZC4773.JPG,0,1778,1644,1836,1608,1,-1,CSL_yng_Male,1
47,18ZC4773.JPG,0,1726,1605,1771,1567,1,-1,CSL_yng_Male,1
48,18ZC4773.JPG,0,1612,1615,1636,1563,1,-1,CSL_yng_Male,1
49,18ZC4773.JPG,0,1598,1626,1622,1560,1,-1,CSL_yng_Male,1
50,18ZC4773.JPG,0,1582,1632,1603,1573,1,-1,CSL_yng_Male,1
51,18ZC4773.JPG,0,1507,1643,1568,1626,1,-1,CSL_yng_Male,1
52,18ZC4773.JPG,0,1519,1661,1580,1637,1,-1,CSL_yng_Male,1
53,18ZC4773.JPG,0,1516,1711,1577,1676,1,-1,CSL_yng_Male,1
54,18ZC4773.JPG,0,1558,1571,1619,1533,1,-1,CSL_yng_Male,1
55,18ZC4773.JPG,0,1551,1555,1605,1525,1,-1,CSL_yng_Male,1
56,18ZC4773.JPG,0,1540,1687,1588,1667,1,-1,CSL_yng_Male,1
57,18ZC4773.JPG,0,1525,1674,1578,1663,1,-1,CSL_yng_Male,1
58,18ZC4773.JPG,0,1555,1616,1590,1569,1,-1,CSL_yng_Male,1
59,18ZC4773.JPG,0,1563,1628,1588,1580,1,-1,CSL_yng_Male,1
60,18ZC4773.JPG,0,1487,842,1522,795,1,-1,CSL_yng_Male,1
61,18ZC4773.JPG,0,1469,1051,1530,1005,1,-1,CSL_yng_Male,1
62,18ZC4773.JPG,0,1598,1098,1658,1063,1,-1,CSL_yng_Male,1
63,18ZC4773.JPG,0,1599,1087,1647,1050,1,-1,CSL_yng_Male,1
64,18ZC4773.JPG,0,1577,1083,1628,1049,1,-1,CSL_yng_Male,1
65,18ZC4773.JPG,0,1562,1080,1626,1035,1,-1,CSL_yng_Male,1
66,18ZC4773.JPG,0,1565,1059,1620,1024,1,-1,CSL_yng_Male,1
67,18ZC4773.JPG,0,1550,1045,1597,1002,1,-1,CSL_yng_Male,1
68,18ZC4773.JPG,0,1519,1001,1580,977,1,-1,CSL_yng_Male,1
69,18ZC4773.JPG,0,1512,980,1566,961,1,-1,CSL_yng_Male,1
70,18ZC4773.JPG,0,1490,965,1533,906,1,-1,CSL_yng_Male,1
71,18ZC4773.JPG,0,1437,888,1505,871,1,-1,CSL_yng_Male,1
72,18ZC4773.JPG,0,1456,870,1515,849,1,-1,CSL_yng_Male,1
73,18ZC4773.JPG,0,1509,908,1567,869,1,-1,CSL_yng_Male,1
74,18ZC4773.JPG,0,1522,911,1577,894,1,-1,CSL_yng_Male,1
75,18ZC4773.JPG,0,1549,947,1614,922,1,-1,CSL_yng_Male,1
76,18ZC4773.JPG,0,1531,935,1582,914,1,-1,CSL_yng_Male,1
77,18ZC4773.JPG,0,1598,969,1648,936,1,-1,CSL_yng_Male,1
78,18ZC4773.JPG,0,1589,1007,1624,960,1,-1,CSL_yng_Male,1
79,18ZC4773.JPG,0,1596,1022,1651,996,1,-1,CSL_yng_Male,1
80,18ZC4773.JPG,0,1590,968,1654,915,1,-1,CSL_sam,1
81,18ZC4773.JPG,0,1380,235,1405,192,1,-1,CSL_juv,1
82,18ZC4773.JPG,0,1361,406,1385,355,1,-1,CSL_juv,1
83,18ZC4773.JPG,0,1425,369,1456,343,1,-1,CSL_juv,1
84,18ZC4773.JPG,0,1466,276,1493,212,1,-1,CSL_yng_Male,1
85,18ZC4773.JPG,0,1439,284,1468,233,1,-1,CSL_yng_Male,1
86,18ZC4773.JPG,0,1447,236,1472,193,1,-1,CSL_yng_Male,1
87,18ZC4773.JPG,0,1408,268,1446,206,1,-1,CSL_yng_Male,1
88,18ZC4773.JPG,0,1398,244,1423,190,1,-1,CSL_yng_Male,1
89,18ZC4773.JPG,0,1390,346,1431,287,1,-1,CSL_yng_Male,1
90,18ZC4773.JPG,0,1403,403,1425,324,1,-1,CSL_yng_Male,1
91,18ZC4773.JPG,0,1423,355,1498,322,1,-1,CSL_yng_Male,1
92,18ZC4773.JPG,0,1359,365,1383,312,1,-1,CSL_yng_Male,1
93,18ZC4773.JPG,0,1340,416,1366,335,1,-1,CSL_yng_Male,1
94,18ZC4773.JPG,0,1304,433,1356,377,1,-1,CSL_yng_Male,1
95,18ZC4773.JPG,0,1253,421,1331,375,1,-1,CSL_yng_Male,1
96,18ZC4773.JPG,0,1417,206,1446,163,1,-1,CSL_yng_Male,1
97,18ZC4773.JPG,0,1769,1665,1818,1638,1,-1,CSL_yng_Male,1
98,18ZC4773.JPG,0,1736,1678,1770,1646,1,-1,CSL_yng_Male,1
99,18ZC4773.JPG,0,1716,1706,1781,1666,1,-1,CSL_yng_Male,1
100,18ZC4773.JPG,0,1733,1625,1777,1590,1,-1,CSL_yng_Male,1
101,18ZC4890.JPG,1,4312,1641,4429,1567,1,-1,CSL_bull,1
102,18ZC4890.JPG,1,3875,2054,3974,2000,1,-1,CSL_bull,1
103,18ZC4890.JPG,1,3707,1872,3778,1798,1,-1,CSL_sam,1
104,18ZC4890.JPG,1,3544,1860,3612,1799,1,-1,CSL_sam,1
105,18ZC4890.JPG,1,3530,1677,3585,1612,1,-1,CSL_sam,1
106,18ZC4890.JPG,1,3534,1713,3604,1668,1,-1,CSL_sam,1
107,18ZC4890.JPG,1,4446,1890,4536,1839,1,-1,CSL_sam,1
108,18ZC4890.JPG,1,3623,2292,3659,2251,1,-1,CSL_pup,1
109,18ZC4890.JPG,1,3647,2166,3675,2124,1,-1,CSL_pup,1
110,18ZC4890.JPG,1,3755,2031,3798,1998,1,-1,CSL_pup,1
111,18ZC4890.JPG,1,3371,2497,3403,2464,1,-1,CSL_pup,1
112,18ZC4890.JPG,1,3187,2488,3218,2460,1,-1,CSL_pup,1
113,18ZC4890.JPG,1,3317,2430,3355,2397,1,-1,CSL_pup,1
114,18ZC4890.JPG,1,3549,2156,3601,2130,1,-1,CSL_juv,1
115,18ZC4890.JPG,1,3331,2662,3388,2641,1,-1,CSL_juv,1
116,18ZC4890.JPG,1,3379,2548,3445,2523,1,-1,CSL_cow,1
117,18ZC4890.JPG,1,3388,2600,3456,2553,1,-1,CSL_cow,1
118,18ZC4890.JPG,1,3328,2609,3406,2563,1,-1,CSL_cow,1
119,18ZC4890.JPG,1,3336,2623,3397,2597,1,-1,CSL_cow,1
120,18ZC4890.JPG,1,3302,2647,3385,2620,1,-1,CSL_cow,1
121,18ZC4890.JPG,1,3674,2027,3735,1989,1,-1,CSL_juv,1
122,18ZC4890.JPG,1,3961,1854,3992,1802,1,-1,CSL_juv,1
123,18ZC4890.JPG,1,3936,1864,3962,1813,1,-1,CSL_juv,1
124,18ZC4890.JPG,1,3848,2078,3885,2020,1,-1,CSL_juv,1
125,18ZC4890.JPG,1,3679,1985,3718,1921,1,-1,CSL_cow,1
126,18ZC4890.JPG,1,3738,1979,3784,1926,1,-1,CSL_cow,1
127,18ZC4890.JPG,1,3721,1989,3754,1914,1,-1,CSL_cow,1
128,18ZC4890.JPG,1,3771,2200,3817,2141,1,-1,CSL_cow,1
129,18ZC4890.JPG,1,3704,2186,3763,2130,1,-1,CSL_cow,1
130,18ZC4890.JPG,1,3140,2580,3199,2509,1,-1,CSL_cow,1
131,18ZC4890.JPG,1,3323,2524,3357,2451,1,-1,CSL_cow,1
132,18ZC4890.JPG,1,3295,2526,3321,2458,1,-1,CSL_cow,1
133,18ZC4890.JPG,1,3254,2506,3302,2431,1,-1,CSL_cow,1
134,18ZC4890.JPG,1,3257,2527,3289,2459,1,-1,CSL_cow,1
135,18ZC4890.JPG,1,3495,2392,3536,2316,1,-1,CSL_cow,1
136,18ZC4890.JPG,1,3480,2377,3517,2295,1,-1,CSL_cow,1
137,18ZC4890.JPG,1,3468,2380,3494,2304,1,-1,CSL_cow,1
138,18ZC4890.JPG,1,3441,2378,3472,2301,1,-1,CSL_cow,1
139,18ZC4890.JPG,1,3387,2432,3446,2379,1,-1,CSL_cow,1
140,18ZC4890.JPG,1,3138,2479,3177,2432,1,-1,CSL_juv,1
141,18ZC4890.JPG,1,3324,2394,3372,2368,1,-1,CSL_juv,1
142,18ZC4890.JPG,1,3268,2554,3343,2515,1,-1,CSL_cow,1
143,18ZC4890.JPG,1,3295,2558,3357,2528,1,-1,CSL_cow,1
144,18ZC4890.JPG,1,3369,2347,3427,2291,1,-1,CSL_cow,1
145,18ZC4890.JPG,1,3388,2377,3438,2336,1,-1,CSL_cow,1
146,18ZC4890.JPG,1,3357,2374,3388,2308,1,-1,CSL_cow,1
147,18ZC4890.JPG,1,3333,2441,3382,2386,1,-1,CSL_cow,1
148,18ZC4890.JPG,1,3329,2465,3374,2418,1,-1,CSL_cow,1
149,18ZC4890.JPG,1,3199,2532,3244,2460,1,-1,CSL_cow,1
150,18ZC4890.JPG,1,3188,2562,3253,2500,1,-1,CSL_cow,1
151,18ZC4890.JPG,1,3921,1916,3985,1865,1,-1,CSL_cow,1
152,18ZC4890.JPG,1,3862,1873,3923,1834,1,-1,CSL_cow,1
153,18ZC4890.JPG,1,3802,1999,3874,1966,1,-1,CSL_cow,1
154,18ZC4890.JPG,1,3772,2078,3833,2019,1,-1,CSL_cow,1
155,18ZC4890.JPG,1,3697,2090,3762,2023,1,-1,CSL_cow,1
156,18ZC4890.JPG,1,3661,2093,3738,2052,1,-1,CSL_cow,1
157,18ZC4890.JPG,1,3684,2117,3744,2081,1,-1,CSL_cow,1
158,18ZC4890.JPG,1,3655,2166,3702,2099,1,-1,CSL_cow,1
159,18ZC4890.JPG,1,3576,2131,3637,2087,1,-1,CSL_cow,1
160,18ZC4890.JPG,1,3632,2199,3704,2166,1,-1,CSL_cow,1
161,18ZC4890.JPG,1,3622,2233,3693,2192,1,-1,CSL_cow,1
162,18ZC4890.JPG,1,3612,2267,3701,2225,1,-1,CSL_cow,1
163,18ZC4890.JPG,1,3685,2338,3728,2305,1,-1,CSL_cow,1
164,18ZC4890.JPG,1,3631,2019,3674,1955,1,-1,CSL_cow,1
165,18ZC4890.JPG,1,3635,1993,3693,1905,1,-1,CSL_cow,1
166,18ZC4890.JPG,1,3578,2177,3655,2136,1,-1,CSL_cow,1
167,18ZC4890.JPG,1,3078,2618,3134,2559,1,-1,CSL_cow,1
168,18ZC4890.JPG,1,3100,2616,3148,2568,1,-1,CSL_cow,1
169,18ZC4890.JPG,1,3433,2391,3469,2331,1,-1,CSL_cow,1
170,18ZC4890.JPG,1,3757,2141,3811,2076,1,-1,CSL_cow,1
171,18ZC4890.JPG,1,3834,2119,3874,2048,1,-1,CSL_cow,1
172,18ZC4890.JPG,1,3742,2073,3772,1987,1,-1,CSL_cow,1
173,18ZC4890.JPG,1,3321,2687,3378,2653,1,-1,CSL_cow,1
174,18ZC4890.JPG,1,2307,1900,2355,1815,1,-1,CSL_sam,1
175,18ZC4890.JPG,1,3993,767,4040,715,1,-1,CSL_juv,1
176,18ZC4890.JPG,1,4043,747,4072,686,1,-1,CSL_juv,1
177,18ZC4890.JPG,1,4009,884,4047,840,1,-1,CSL_juv,1
178,18ZC4890.JPG,1,3962,870,4008,832,1,-1,CSL_juv,1
179,18ZC4890.JPG,1,3948,836,4002,780,1,-1,CSL_juv,1
180,18ZC4890.JPG,1,4130,838,4174,768,1,-1,CSL_cow,1
181,18ZC4890.JPG,1,4072,822,4110,778,1,-1,CSL_cow,1
182,18ZC4890.JPG,1,4061,909,4147,857,1,-1,CSL_cow,1
183,18ZC4890.JPG,1,4063,895,4129,850,1,-1,CSL_cow,1
184,18ZC4890.JPG,1,4061,889,4119,836,1,-1,CSL_cow,1
185,18ZC4890.JPG,1,4017,888,4087,831,1,-1,CSL_cow,1
186,18ZC4890.JPG,1,3993,837,4075,802,1,-1,CSL_cow,1
187,18ZC4890.JPG,1,4037,712,4092,635,1,-1,CSL_yng_Male,1
188,18ZC4890.JPG,1,4064,764,4118,711,1,-1,CSL_juv,1
189,18ZC4890.JPG,1,4367,1088,4467,1032,1,-1,NES_juv,1
190,18ZC4890.JPG,1,2869,3431,2970,3398,1,-1,CSL_sam,1
191,18ZC4890.JPG,1,2840,3508,2909,3428,1,-1,CSL_yng_Male,1
192,18ZC4890.JPG,1,2965,3384,3027,3288,1,-1,CSL_sam,1
193,18ZC4890.JPG,1,3214,3160,3272,3111,1,-1,CSL_yng_Male,1
194,18ZC4890.JPG,1,3077,3464,3139,3421,1,-1,CSL_yng_Male,1
195,18ZC4890.JPG,1,3067,3565,3121,3489,1,-1,CSL_cow,1
196,18ZC4890.JPG,1,3137,3229,3178,3188,1,-1,CSL_yng_Male,1
197,18ZC4890.JPG,1,2937,3549,2971,3508,1,-1,CSL_cow,1
198,18ZC4890.JPG,1,2902,3492,2968,3467,1,-1,CSL_yng_Male,1
199,18ZC4890.JPG,1,2962,3421,3014,3401,1,-1,CSL_juv,1
200,18ZC4890.JPG,1,2918,3448,2973,3429,1,-1,CSL_juv,1
201,18ZC4890.JPG,1,2928,3471,2975,3446,1,-1,CSL_juv,1
202,18ZC4890.JPG,1,2876,3472,2930,3447,1,-1,CSL_juv,1
203,18ZC4890.JPG,1,2871,3403,2928,3383,1,-1,CSL_juv,1
204,18ZC5063.JPG,2,1326,1196,1376,1146,1,-1,CSL_cow,1
205,18ZC5063.JPG,2,2297,572,2353,454,1,-1,CSL_cow,1
206,18ZC5063.JPG,2,3018,369,3116,319,1,-1,CSL_cow,1
207,18ZC5063.JPG,2,3026,472,3102,377,1,-1,CSL_cow,1
208,18ZC5063.JPG,2,2966,478,3068,414,1,-1,CSL_cow,1
209,18ZC5063.JPG,2,3900,1597,3965,1522,1,-1,CSL_cow,1
210,18ZC5063.JPG,2,3858,1677,3915,1589,1,-1,CSL_cow,1
211,18ZC5063.JPG,2,3853,1763,3907,1672,1,-1,CSL_cow,1
212,18ZC5063.JPG,2,3699,1765,3767,1694,1,-1,CSL_cow,1
213,18ZC5063.JPG,2,3688,1808,3784,1748,1,-1,CSL_cow,1
214,18ZC5063.JPG,2,3177,2145,3227,2080,1,-1,CSL_cow,1
215,18ZC5063.JPG,2,2565,1578,2613,1490,1,-1,CSL_cow,1
216,18ZC5063.JPG,2,2529,1496,2593,1448,1,-1,CSL_cow,1
217,18ZC5063.JPG,2,2515,1446,2586,1364,1,-1,CSL_cow,1 
218,18ZC5063.JPG,2,1374,77,1478,9,1,-1,CSL_cow,1
219,18ZC5063.JPG,2,3150,2217,3229,2140,1,-1,CSL_cow,1
220,18ZC5063.JPG,2,3138,2250,3218,2183,1,-1,CSL_cow,1
221,18ZC5063.JPG,2,3616,2501,3694,2450,1,-1,CSL_cow,1
222,18ZC5063.JPG,2,3614,2579,3679,2499,1,-1,CSL_cow,1
223,18ZC5063.JPG,2,3537,2577,3620,2495,1,-1,CSL_cow,1
224,18ZC5063.JPG,2,3421,2535,3517,2484,1,-1,CSL_cow,1
225,18ZC5063.JPG,2,2286,2439,2353,2411,1,-1,CSL_pup,1
226,18ZC5063.JPG,2,2423,2425,2462,2397,1,-1,CSL_pup,1
227,18ZC5063.JPG,2,2350,2400,2417,2372,1,-1,CSL_pup,1
228,18ZC5063.JPG,2,2369,2370,2417,2354,1,-1,CSL_pup,1
229,18ZC5063.JPG,2,2362,2370,2429,2342,1,-1,CSL_pup,1
230,18ZC5063.JPG,2,2357,2360,2388,2338,1,-1,CSL_pup,1
231,18ZC5063.JPG,2,2349,2340,2401,2324,1,-1,CSL_pup,1
232,18ZC5063.JPG,2,2357,2323,2402,2298,1,-1,CSL_pup,1
233,18ZC5063.JPG,2,2337,2297,2404,2269,1,-1,CSL_pup,1
234,18ZC5063.JPG,2,2343,2283,2410,2255,1,-1,CSL_pup,1
235,18ZC5063.JPG,2,2390,2254,2414,2214,1,-1,CSL_pup,1
236,18ZC5063.JPG,2,2359,2226,2402,2195,1,-1,CSL_pup,1
237,18ZC5063.JPG,2,2272,2325,2313,2300,1,-1,CSL_pup,1
238,18ZC5063.JPG,2,2396,2279,2418,2254,1,-1,CSL_pup,1
239,18ZC5063.JPG,2,2398,2456,2440,2416,1,-1,CSL_pup,1
240,18ZC5063.JPG,2,2401,2418,2429,2391,1,-1,CSL_pup,1
241,18ZC5063.JPG,2,1525,1946,1566,1921,1,-1,CSL_pup,1
242,18ZC5063.JPG,2,1473,1865,1505,1823,1,-1,CSL_pup,1
243,18ZC5063.JPG,2,1700,1639,1738,1602,1,-1,CSL_pup,1
244,18ZC5063.JPG,2,1570,1843,1611,1818,1,-1,CSL_pup,1
245,18ZC5063.JPG,2,1612,1660,1653,1635,1,-1,CSL_pup,1
246,18ZC5063.JPG,2,1666,1525,1702,1487,1,-1,CSL_pup,1
247,18ZC5063.JPG,2,1740,1659,1768,1624,1,-1,CSL_pup,1
248,18ZC5063.JPG,2,1618,1706,1646,1662,1,-1,CSL_pup,1
249,18ZC5063.JPG,2,1430,1337,1469,1312,1,-1,CSL_pup,1
250,18ZC5063.JPG,2,1434,1318,1466,1292,1,-1,CSL_pup,1
251,18ZC5063.JPG,2,1387,1301,1441,1269,1,-1,CSL_pup,1
252,18ZC5063.JPG,2,1387,1272,1444,1247,1,-1,CSL_pup,1
253,18ZC5063.JPG,2,1315,1337,1342,1289,1,-1,CSL_pup,1
254,18ZC5063.JPG,2,1607,1515,1639,1489,1,-1,CSL_pup,1
255,18ZC5063.JPG,2,1692,1600,1728,1577,1,-1,CSL_pup,1
256,18ZC5063.JPG,2,1605,1536,1662,1511,1,-1,CSL_pup,1
257,18ZC5063.JPG,2,1391,1202,1448,1177,1,-1,CSL_pup,1
258,18ZC5063.JPG,2,1471,1202,1499,1155,1,-1,CSL_pup,1
259,18ZC5063.JPG,2,1268,1378,1304,1338,1,-1,CSL_pup,1
260,18ZC5063.JPG,2,1267,1341,1300,1306,1,-1,CSL_pup,1
261,18ZC5063.JPG,2,1366,1065,1402,1042,1,-1,CSL_pup,1
262,18ZC5063.JPG,2,1338,1056,1374,1033,1,-1,CSL_pup,1
263,18ZC5063.JPG,2,1355,1042,1400,1024,1,-1,CSL_pup,1
264,18ZC5063.JPG,2,1081,788,1137,765,1,-1,CSL_pup,1
265,18ZC5063.JPG,2,1377,1163,1404,1109,1,-1,CSL_pup,1
266,18ZC5063.JPG,2,1204,1140,1258,1088,1,-1,CSL_pup,1
267,18ZC5063.JPG,2,1175,1125,1223,1090,1,-1,CSL_pup,1
268,18ZC5063.JPG,2,1125,1061,1188,1021,1,-1,CSL_pup,1
269,18ZC5063.JPG,2,1230,991,1272,965,1,-1,CSL_pup,1
270,18ZC5063.JPG,2,1178,972,1222,936,1,-1,CSL_pup,1
271,18ZC5063.JPG,2,1222,973,1261,942,1,-1,CSL_pup,1
272,18ZC5063.JPG,2,1167,931,1219,902,1,-1,CSL_pup,1
273,18ZC5063.JPG,2,1338,1029,1394,1006,1,-1,CSL_pup,1
274,18ZC5063.JPG,2,980,850,1032,815,1,-1,CSL_pup,1
275,18ZC5063.JPG,2,1290,861,1326,820,1,-1,CSL_pup,1
276,18ZC5063.JPG,2,1208,802,1260,773,1,-1,CSL_pup,1
277,18ZC5063.JPG,2,1160,783,1195,742,1,-1,CSL_pup,1
278,18ZC5063.JPG,2,1185,858,1211,808,1,-1,CSL_pup,1
279,18ZC5063.JPG,2,1149,871,1167,808,1,-1,CSL_pup,1
280,18ZC5063.JPG,2,1169,862,1191,807,1,-1,CSL_pup,1
281,18ZC5063.JPG,2,960,787,1007,734,1,-1,CSL_pup,1
282,18ZC5063.JPG,2,910,804,948,755,1,-1,CSL_pup,1
283,18ZC5063.JPG,2,1222,929,1258,888,1,-1,CSL_pup,1
284,18ZC5063.JPG,2,1194,914,1236,893,1,-1,CSL_pup,1
285,18ZC5063.JPG,2,1203,901,1237,870,1,-1,CSL_pup,1
286,18ZC5063.JPG,2,1187,895,1209,858,1,-1,CSL_pup,1
287,18ZC5063.JPG,2,2597,2935,2631,2904,1,-1,CSL_pup,1
288,18ZC5063.JPG,2,2721,3041,2763,3015,1,-1,CSL_pup,1
289,18ZC5063.JPG,2,2733,3002,2769,2978,1,-1,CSL_pup,1
290,18ZC5063.JPG,2,2732,2991,2766,2960,1,-1,CSL_pup,1
291,18ZC5063.JPG,2,2726,2979,2756,2941,1,-1,CSL_pup,1
292,18ZC5063.JPG,2,2696,2997,2730,2966,1,-1,CSL_pup,1
293,18ZC5063.JPG,2,2706,2968,2740,2937,1,-1,CSL_pup,1
294,18ZC5063.JPG,2,2683,2953,2717,2922,1,-1,CSL_pup,1
295,18ZC5063.JPG,2,2651,2973,2685,2943,1,-1,CSL_pup,1
296,18ZC5063.JPG,2,2637,2967,2671,2936,1,-1,CSL_pup,1
297,18ZC5063.JPG,2,2599,2968,2647,2937,1,-1,CSL_pup,1
298,18ZC5063.JPG,2,2660,2987,2699,2968,1,-1,CSL_pup,1
299,18ZC5063.JPG,2,2678,3013,2712,2982,1,-1,CSL_pup,1
300,18ZC5063.JPG,2,2646,3006,2680,2975,1,-1,CSL_pup,1
301,18ZC5063.JPG,2,2641,3034,2675,3003,1,-1,CSL_pup,1
302,18ZC5063.JPG,2,2519,2914,2568,2873,1,-1,CSL_pup,1
303,18ZC5063.JPG,2,2435,2967,2481,2936,1,-1,CSL_pup,1
304,18ZC5063.JPG,2,2358,2956,2414,2919,1,-1,CSL_pup,1
305,18ZC5063.JPG,2,2690,2904,2719,2866,1,-1,CSL_pup,1
306,18ZC5063.JPG,2,2668,2895,2712,2848,1,-1,CSL_pup,1
307,18ZC5063.JPG,2,2656,2872,2694,2840,1,-1,CSL_pup,1
308,18ZC5063.JPG,2,2641,2840,2677,2809,1,-1,CSL_pup,1
309,18ZC5063.JPG,2,2620,2850,2654,2819,1,-1,CSL_pup,1
310,18ZC5063.JPG,2,2594,2837,2635,2792,1,-1,CSL_pup,1
311,18ZC5063.JPG,2,2769,3106,2792,3064,1,-1,CSL_pup,1
312,18ZC5063.JPG,2,2714,3015,2775,2994,1,-1,CSL_pup,1
313,18ZC5063.JPG,2,3220,2182,3256,2151,1,-1,CSL_pup,1
314,18ZC5063.JPG,2,3219,2252,3271,2221,1,-1,CSL_pup,1
315,18ZC5063.JPG,2,3267,2284,3296,2251,1,-1,CSL_pup,1
316,18ZC5063.JPG,2,3129,2288,3164,2266,1,-1,CSL_pup,1
317,18ZC5063.JPG,2,3459,2541,3506,2512,1,-1,CSL_pup,1
318,18ZC5063.JPG,2,3805,1783,3837,1752,1,-1,CSL_pup,1
319,18ZC5063.JPG,2,3781,1761,3809,1741,1,-1,CSL_pup,1
320,18ZC5063.JPG,2,3715,1799,3750,1777,1,-1,CSL_pup,1
321,18ZC5063.JPG,2,3645,1836,3681,1786,1,-1,CSL_pup,1
322,18ZC5063.JPG,2,3720,2681,3748,2650,1,-1,CSL_pup,1
323,18ZC5063.JPG,2,2189,2058,2234,2017,1,-1,CSL_pup,1
324,18ZC5063.JPG,2,2273,2233,2301,2202,1,-1,CSL_pup,1
325,18ZC5063.JPG,2,2354,1542,2393,1492,1,-1,CSL_pup,1
326,18ZC5063.JPG,2,1086,659,1132,630,1,-1,CSL_pup,1
327,18ZC5063.JPG,2,1060,637,1115,610,1,-1,CSL_pup,1
328,18ZC5063.JPG,2,677,646,722,605,1,-1,CSL_pup,1
329,18ZC5063.JPG,2,385,672,430,631,1,-1,CSL_pup,1
330,18ZC5063.JPG,2,856,233,901,192,1,-1,CSL_pup,1
331,18ZC5063.JPG,2,781,248,826,207,1,-1,CSL_pup,1
332,18ZC5063.JPG,2,757,305,802,264,1,-1,CSL_pup,1
333,18ZC5063.JPG,2,670,345,722,315,1,-1,CSL_pup,1
334,18ZC5063.JPG,2,648,356,677,311,1,-1,CSL_pup,1
335,18ZC5063.JPG,2,675,415,703,370,1,-1,CSL_pup,1
336,18ZC5063.JPG,2,517,584,562,543,1,-1,CSL_pup,1
337,18ZC5063.JPG,2,663,272,708,231,1,-1,CSL_pup,1
338,18ZC5063.JPG,2,590,300,635,259,1,-1,CSL_pup,1
339,18ZC5063.JPG,2,526,252,571,211,1,-1,CSL_pup,1
340,18ZC5063.JPG,2,473,253,510,206,1,-1,CSL_pup,1
341,18ZC5063.JPG,2,408,247,450,212,1,-1,CSL_pup,1
342,18ZC5063.JPG,2,352,287,397,246,1,-1,CSL_pup,1
343,18ZC5063.JPG,2,306,303,351,262,1,-1,CSL_pup,1
344,18ZC5063.JPG,2,262,279,302,244,1,-1,CSL_pup,1
345,18ZC5063.JPG,2,255,260,294,210,1,-1,CSL_pup,1
346,18ZC5063.JPG,2,588,164,629,108,1,-1,CSL_pup,1
347,18ZC5063.JPG,2,621,193,649,170,1,-1,CSL_pup,1
348,18ZC5063.JPG,2,648,209,673,157,1,-1,CSL_pup,1
349,18ZC5063.JPG,2,675,214,721,177,1,-1,CSL_pup,1
350,18ZC5063.JPG,2,638,493,683,452,1,-1,CSL_pup,1
351,18ZC5063.JPG,2,546,460,582,425,1,-1,CSL_pup,1
352,18ZC5063.JPG,2,606,429,636,391,1,-1,CSL_pup,1
353,18ZC5063.JPG,2,616,400,661,359,1,-1,CSL_pup,1
354,18ZC5063.JPG,2,612,363,648,325,1,-1,CSL_pup,1
355,18ZC5063.JPG,2,667,442,688,404,1,-1,CSL_pup,1
356,18ZC5063.JPG,2,647,446,667,405,1,-1,CSL_pup,1
357,18ZC5063.JPG,2,635,385,680,344,1,-1,CSL_pup,1
358,18ZC5063.JPG,2,434,327,480,298,1,-1,CSL_pup,1
359,18ZC5063.JPG,2,530,93,576,64,1,-1,CSL_pup,1
360,18ZC5063.JPG,2,560,69,597,40,1,-1,CSL_pup,1
361,18ZC5063.JPG,2,688,155,709,127,1,-1,CSL_pup,1
362,18ZC5063.JPG,2,653,127,695,98,1,-1,CSL_pup,1
363,18ZC5063.JPG,2,683,94,729,75,1,-1,CSL_pup,1
364,18ZC5063.JPG,2,690,178,722,155,1,-1,CSL_pup,1
365,18ZC5063.JPG,2,673,189,694,161,1,-1,CSL_pup,1
366,18ZC5063.JPG,2,397,69,440,30,1,-1,CSL_pup,1
367,18ZC5063.JPG,2,275,57,321,10,1,-1,CSL_pup,1
368,18ZC5063.JPG,2,339,62,384,16,1,-1,CSL_pup,1
369,18ZC5063.JPG,2,146,341,197,317,1,-1,CSL_pup,1
370,18ZC5063.JPG,2,372,204,418,175,1,-1,CSL_pup,1
371,18ZC5063.JPG,2,668,133,714,114,1,-1,CSL_pup,1
372,18ZC5063.JPG,2,632,175,664,139,1,-1,CSL_pup,1
373,18ZC5063.JPG,2,1514,139,1555,96,1,-1,CSL_pup,1
374,18ZC5063.JPG,2,2038,270,2079,232,1,-1,CSL_pup,1
375,18ZC5063.JPG,2,839,1171,873,1139,1,-1,CSL_pup,1
376,18ZC5063.JPG,2,794,1243,824,1204,1,-1,CSL_pup,1
377,18ZC5063.JPG,2,842,1225,875,1194,1,-1,CSL_pup,1
378,18ZC5063.JPG,2,1568,1992,1591,1957,1,-1,CSL_pup,1
379,18ZC5063.JPG,2,1651,1912,1690,1884,1,-1,CSL_pup,1
380,18ZC5063.JPG,2,1447,1833,1489,1778,1,-1,CSL_cow,1
381,18ZC5064.JPG,3,3266,1518,3348,1471,1,-1,CSL_cow,1
382,18ZC5064.JPG,3,3419,1421,3501,1374,1,-1,CSL_cow,1
383,18ZC5064.JPG,3,3417,1373,3498,1346,1,-1,CSL_cow,1
384,18ZC5064.JPG,3,3481,1384,3553,1337,1,-1,CSL_cow,1
385,18ZC5064.JPG,3,3500,1398,3587,1329,1,-1,CSL_cow,1
386,18ZC5064.JPG,3,3564,1326,3646,1279,1,-1,CSL_cow,1
387,18ZC5064.JPG,3,3536,1410,3608,1351,1,-1,CSL_cow,1
388,18ZC5064.JPG,3,3553,1432,3623,1362,1,-1,CSL_cow,1
389,18ZC5064.JPG,3,3559,1494,3641,1447,1,-1,CSL_cow,1
390,18ZC5064.JPG,3,3511,1537,3593,1490,1,-1,CSL_cow,1
391,18ZC5064.JPG,3,3516,1470,3561,1401,1,-1,CSL_cow,1
392,18ZC5064.JPG,3,3402,1454,3478,1380,1,-1,CSL_cow,1
393,18ZC5064.JPG,3,3346,1506,3415,1427,1,-1,CSL_cow,1
394,18ZC5064.JPG,3,3305,1485,3347,1408,1,-1,CSL_cow,1
395,18ZC5064.JPG,3,3249,1496,3308,1419,1,-1,CSL_cow,1
396,18ZC5064.JPG,3,3166,1517,3213,1447,1,-1,CSL_cow,1
397,18ZC5064.JPG,3,3058,1699,3119,1633,1,-1,CSL_cow,1
398,18ZC5064.JPG,3,3117,1677,3163,1608,1,-1,CSL_cow,1
399,18ZC5064.JPG,3,3132,1648,3213,1599,1,-1,CSL_cow,1
400,18ZC5064.JPG,3,3172,1714,3254,1667,1,-1,CSL_cow,1
401,18ZC5064.JPG,3,3317,1734,3399,1687,1,-1,CSL_cow,1
402,18ZC5064.JPG,3,3489,1868,3576,1814,1,-1,CSL_cow,1
403,18ZC5064.JPG,3,3363,1800,3449,1740,1,-1,CSL_cow,1
404,18ZC5064.JPG,3,3291,1756,3336,1687,1,-1,CSL_cow,1
405,18ZC5064.JPG,3,3261,1745,3306,1676,1,-1,CSL_cow,1
406,18ZC5064.JPG,3,3161,1760,3247,1721,1,-1,CSL_cow,1
407,18ZC5064.JPG,3,3138,1789,3241,1754,1,-1,CSL_cow,1
408,18ZC5064.JPG,3,3137,1807,3190,1769,1,-1,CSL_cow,1
409,18ZC5064.JPG,3,3003,2015,3080,1925,1,-1,CSL_cow,1
410,18ZC5064.JPG,3,3009,2240,3061,2157,1,-1,CSL_cow,1
411,18ZC5064.JPG,3,2952,2266,3019,2200,1,-1,CSL_cow,1
412,18ZC5064.JPG,3,2910,2269,3000,2220,1,-1,CSL_cow,1
413,18ZC5064.JPG,3,2849,2246,2938,2180,1,-1,CSL_cow,1
414,18ZC5064.JPG,3,2870,2218,2939,2135,1,-1,CSL_cow,1
415,18ZC5064.JPG,3,2893,2188,2970,2136,1,-1,CSL_cow,1
416,18ZC5064.JPG,3,2892,2148,2974,2120,1,-1,CSL_cow,1
417,18ZC5064.JPG,3,2899,2147,2993,2067,1,-1,CSL_cow,1
418,18ZC5064.JPG,3,2935,2099,2997,2050,1,-1,CSL_cow,1
419,18ZC5064.JPG,3,2855,2132,2901,2066,1,-1,CSL_cow,1
420,18ZC5064.JPG,3,2535,1767,2624,1727,1,-1,CSL_cow,1
421,18ZC5064.JPG,3,2584,1709,2644,1631,1,-1,CSL_cow,1
422,18ZC5064.JPG,3,2635,1667,2691,1583,1,-1,CSL_cow,1
423,18ZC5064.JPG,3,2666,1624,2698,1558,1,-1,CSL_cow,1
424,18ZC5064.JPG,3,2747,1574,2822,1521,1,-1,CSL_cow,1
425,18ZC5064.JPG,3,2788,1592,2889,1557,1,-1,CSL_cow,1
426,18ZC5064.JPG,3,2855,1617,2928,1576,1,-1,CSL_cow,1
427,18ZC5064.JPG,3,2891,1571,2962,1505,1,-1,CSL_cow,1
428,18ZC5064.JPG,3,2697,1392,2768,1326,1,-1,CSL_cow,1
429,18ZC5064.JPG,3,2662,1258,2697,1155,1,-1,CSL_cow,1
430,18ZC5064.JPG,3,2621,1231,2666,1137,1,-1,CSL_cow,1
431,18ZC5064.JPG,3,2509,1321,2587,1242,1,-1,CSL_cow,1
432,18ZC5064.JPG,3,2365,1053,2436,975,1,-1,CSL_cow,1
433,18ZC5064.JPG,3,2384,1084,2440,1022,1,-1,CSL_cow,1
434,18ZC5064.JPG,3,2937,859,2978,806,1,-1,CSL_cow,1
435,18ZC5064.JPG,3,2923,878,3020,842,1,-1,CSL_cow,1
436,18ZC5064.JPG,3,2930,905,3008,878,1,-1,CSL_cow,1
437,18ZC5064.JPG,3,2915,929,2993,901,1,-1,CSL_cow,1
438,18ZC5064.JPG,3,1931,2403,1966,2360,1,-1,CSL_pup,1
439,18ZC5064.JPG,3,1960,2447,1998,2404,1,-1,CSL_pup,1
440,18ZC5064.JPG,3,1898,2482,1930,2422,1,-1,CSL_pup,1
441,18ZC5064.JPG,3,1871,2494,1903,2451,1,-1,CSL_pup,1
442,18ZC5064.JPG,3,1828,2476,1860,2433,1,-1,CSL_pup,1
443,18ZC5064.JPG,3,1805,2448,1849,2398,1,-1,CSL_pup,1
444,18ZC5064.JPG,3,2030,2446,2062,2398,1,-1,CSL_pup,1
445,18ZC5064.JPG,3,2075,2445,2112,2402,1,-1,CSL_pup,1
446,18ZC5064.JPG,3,2135,2496,2183,2453,1,-1,CSL_pup,1
447,18ZC5064.JPG,3,2138,2355,2174,2306,1,-1,CSL_pup,1
448,18ZC5064.JPG,3,2252,2311,2295,2268,1,-1,CSL_pup,1
449,18ZC5064.JPG,3,2192,2401,2224,2358,1,-1,CSL_pup,1
450,18ZC5064.JPG,3,2306,2501,2338,2458,1,-1,CSL_pup,1
451,18ZC5064.JPG,3,2339,2442,2371,2399,1,-1,CSL_pup,1
452,18ZC5064.JPG,3,2208,2465,2240,2422,1,-1,CSL_pup,1
453,18ZC5064.JPG,3,2222,2415,2254,2372,1,-1,CSL_pup,1
454,18ZC5064.JPG,3,2079,2297,2122,2254,1,-1,CSL_pup,1
455,18ZC5064.JPG,3,2112,2281,2144,2238,1,-1,CSL_pup,1
456,18ZC5064.JPG,3,2151,2208,2191,2165,1,-1,CSL_pup,1
457,18ZC5064.JPG,3,1956,2268,1995,2225,1,-1,CSL_pup,1
458,18ZC5064.JPG,3,1904,2266,1936,2223,1,-1,CSL_pup,1
459,18ZC5064.JPG,3,1837,2253,1880,2210,1,-1,CSL_pup,1
460,18ZC5064.JPG,3,1891,2195,1923,2152,1,-1,CSL_pup,1
461,18ZC5064.JPG,3,1997,2206,2029,2163,1,-1,CSL_pup,1
462,18ZC5064.JPG,3,2006,2163,2038,2120,1,-1,CSL_pup,1
463,18ZC5064.JPG,3,1948,2178,1980,2135,1,-1,CSL_pup,1
464,18ZC5064.JPG,3,1932,2193,1964,2150,1,-1,CSL_pup,1
465,18ZC5064.JPG,3,1913,2221,1945,2178,1,-1,CSL_pup,1
466,18ZC5064.JPG,3,1905,2238,1937,2195,1,-1,CSL_pup,1
467,18ZC5064.JPG,3,1991,2520,2023,2477,1,-1,CSL_pup,1
468,18ZC5064.JPG,3,2158,2558,2190,2515,1,-1,CSL_pup,1
469,18ZC5064.JPG,3,2187,2547,2219,2504,1,-1,CSL_pup,1
470,18ZC5064.JPG,3,2224,2545,2256,2502,1,-1,CSL_pup,1
471,18ZC5064.JPG,3,2171,2592,2203,2549,1,-1,CSL_pup,1
472,18ZC5064.JPG,3,2152,2619,2184,2576,1,-1,CSL_pup,1
473,18ZC5064.JPG,3,2150,2585,2182,2542,1,-1,CSL_pup,1
474,18ZC5064.JPG,3,2197,2630,2229,2587,1,-1,CSL_pup,1
475,18ZC5064.JPG,3,2166,2641,2198,2598,1,-1,CSL_pup,1
476,18ZC5064.JPG,3,2090,2648,2122,2605,1,-1,CSL_pup,1
477,18ZC5064.JPG,3,1932,2228,1964,2185,1,-1,CSL_pup,1
478,18ZC5064.JPG,3,2205,2327,2237,2284,1,-1,CSL_pup,1
479,18ZC5064.JPG,3,2217,2338,2249,2295,1,-1,CSL_pup,1
480,18ZC5064.JPG,3,2221,2353,2253,2310,1,-1,CSL_pup,1
481,18ZC5064.JPG,3,2233,2375,2265,2332,1,-1,CSL_pup,1
482,18ZC5064.JPG,3,2411,2417,2443,2374,1,-1,CSL_pup,1
483,18ZC5064.JPG,3,2035,1973,2075,1930,1,-1,CSL_pup,1
484,18ZC5064.JPG,3,2182,1994,2222,1951,1,-1,CSL_pup,1
485,18ZC5064.JPG,3,2202,2045,2242,2002,1,-1,CSL_pup,1
486,18ZC5064.JPG,3,2141,2059,2181,2016,1,-1,CSL_pup,1
487,18ZC5064.JPG,3,2193,2074,2233,2031,1,-1,CSL_pup,1
488,18ZC5064.JPG,3,2180,2084,2220,2041,1,-1,CSL_pup,1
489,18ZC5064.JPG,3,2181,2096,2221,2053,1,-1,CSL_pup,1
490,18ZC5064.JPG,3,2186,2119,2226,2076,1,-1,CSL_pup,1
491,18ZC5064.JPG,3,2165,2132,2205,2089,1,-1,CSL_pup,1
492,18ZC5064.JPG,3,2073,2157,2113,2114,1,-1,CSL_pup,1
493,18ZC5064.JPG,3,1933,2041,1973,1998,1,-1,CSL_pup,1
494,18ZC5064.JPG,3,1992,1970,2032,1927,1,-1,CSL_pup,1
495,18ZC5064.JPG,3,2068,2108,2108,2065,1,-1,CSL_pup,1
496,18ZC5064.JPG,3,1937,2147,1977,2104,1,-1,CSL_pup,1
497,18ZC5064.JPG,3,2123,2006,2163,1963,1,-1,CSL_pup,1
498,18ZC5064.JPG,3,1996,1892,2036,1849,1,-1,CSL_pup,1
499,18ZC5064.JPG,3,1772,1972,1812,1929,1,-1,CSL_pup,1
500,18ZC5064.JPG,3,1736,1966,1776,1923,1,-1,CSL_pup,1
501,18ZC5064.JPG,3,1710,1986,1750,1943,1,-1,CSL_pup,1
502,18ZC5064.JPG,3,1781,2067,1821,2024,1,-1,CSL_pup,1
503,18ZC5064.JPG,3,1818,2063,1858,2020,1,-1,CSL_pup,1
504,18ZC5064.JPG,3,1626,2156,1666,2113,1,-1,CSL_pup,1
505,18ZC5064.JPG,3,1658,1894,1698,1851,1,-1,CSL_pup,1
506,18ZC5064.JPG,3,2568,2123,2608,2080,1,-1,CSL_pup,1
507,18ZC5064.JPG,3,813,1965,853,1922,1,-1,CSL_pup,1
508,18ZC5064.JPG,3,830,1924,870,1881,1,-1,CSL_pup,1
509,18ZC5064.JPG,3,622,1885,662,1837,1,-1,CSL_pup,1
510,18ZC5064.JPG,3,671,1849,728,1806,1,-1,CSL_pup,1
511,18ZC5064.JPG,3,844,1775,884,1732,1,-1,CSL_pup,1
512,18ZC5064.JPG,3,957,1950,997,1907,1,-1,CSL_pup,1
513,18ZC5064.JPG,3,897,1895,937,1852,1,-1,CSL_pup,1
514,18ZC5064.JPG,3,714,1922,754,1879,1,-1,CSL_pup,1
515,18ZC5064.JPG,3,694,1958,734,1915,1,-1,CSL_pup,1
516,18ZC5064.JPG,3,558,1891,598,1848,1,-1,CSL_pup,1
517,18ZC5064.JPG,3,608,1773,648,1730,1,-1,CSL_pup,1
518,18ZC5064.JPG,3,684,1767,736,1741,1,-1,CSL_pup,1
519,18ZC5064.JPG,3,674,1784,714,1753,1,-1,CSL_pup,1
520,18ZC5064.JPG,3,795,1873,835,1830,1,-1,CSL_pup,1
521,18ZC5064.JPG,3,778,1903,818,1860,1,-1,CSL_pup,1
522,18ZC5064.JPG,3,597,2093,637,2050,1,-1,CSL_pup,1
523,18ZC5064.JPG,3,334,1698,391,1655,1,-1,CSL_pup,1
524,18ZC5064.JPG,3,329,1740,386,1697,1,-1,CSL_pup,1
525,18ZC5064.JPG,3,405,1724,462,1681,1,-1,CSL_pup,1
526,18ZC5064.JPG,3,455,1739,512,1696,1,-1,CSL_pup,1
527,18ZC5064.JPG,3,564,1729,621,1686,1,-1,CSL_pup,1
528,18ZC5064.JPG,3,555,1699,612,1656,1,-1,CSL_pup,1
529,18ZC5064.JPG,3,690,1714,747,1671,1,-1,CSL_pup,1
530,18ZC5064.JPG,3,352,1835,409,1792,1,-1,CSL_pup,1
531,18ZC5064.JPG,3,353,1799,410,1756,1,-1,CSL_pup,1
532,18ZC5064.JPG,3,58,1709,115,1666,1,-1,CSL_pup,1
533,18ZC5064.JPG,3,132,1655,167,1624,1,-1,CSL_pup,1
534,18ZC5064.JPG,3,656,1351,707,1316,1,-1,CSL_pup,1
535,18ZC5064.JPG,3,578,1374,635,1331,1,-1,CSL_pup,1
536,18ZC5064.JPG,3,659,1270,716,1235,1,-1,CSL_pup,1
537,18ZC5064.JPG,3,765,1224,788,1183,1,-1,CSL_pup,1
538,18ZC5064.JPG,3,869,1225,909,1192,1,-1,CSL_pup,1
539,18ZC5064.JPG,3,834,1316,861,1273,1,-1,CSL_pup,1
540,18ZC5064.JPG,3,1600,1552,1627,1509,1,-1,CSL_pup,1
541,18ZC5064.JPG,3,1561,1547,1588,1504,1,-1,CSL_pup,1
542,18ZC5064.JPG,3,1528,1542,1555,1499,1,-1,CSL_pup,1
543,18ZC5064.JPG,3,1518,1578,1566,1543,1,-1,CSL_pup,1
544,18ZC5064.JPG,3,1526,1614,1553,1571,1,-1,CSL_pup,1
545,18ZC5064.JPG,3,1567,1524,1594,1490,1,-1,CSL_pup,1
546,18ZC5064.JPG,3,1561,1513,1588,1470,1,-1,CSL_pup,1
547,18ZC5064.JPG,3,1582,1505,1609,1462,1,-1,CSL_pup,1
548,18ZC5064.JPG,3,1564,1476,1593,1443,1,-1,CSL_pup,1
549,18ZC5064.JPG,3,1598,1478,1625,1435,1,-1,CSL_pup,1
550,18ZC5064.JPG,3,1551,1454,1578,1411,1,-1,CSL_pup,1
551,18ZC5064.JPG,3,1567,1442,1594,1399,1,-1,CSL_pup,1
552,18ZC5064.JPG,3,1586,1431,1613,1388,1,-1,CSL_pup,1
553,18ZC5064.JPG,3,1599,1445,1626,1402,1,-1,CSL_pup,1
554,18ZC5064.JPG,3,1561,1390,1588,1347,1,-1,CSL_pup,1
555,18ZC5064.JPG,3,1564,1412,1591,1369,1,-1,CSL_pup,1
556,18ZC5064.JPG,3,1499,1419,1526,1376,1,-1,CSL_pup,1
557,18ZC5064.JPG,3,1609,1363,1636,1319,1,-1,CSL_pup,1
558,18ZC5064.JPG,3,1166,1679,1193,1635,1,-1,CSL_pup,1
559,18ZC5064.JPG,3,1347,1746,1374,1702,1,-1,CSL_pup,1
560,18ZC5064.JPG,3,1481,1755,1508,1711,1,-1,CSL_pup,1
561,18ZC5064.JPG,3,1451,1753,1478,1709,1,-1,CSL_pup,1
562,18ZC5064.JPG,3,1438,1721,1469,1691,1,-1,CSL_pup,1
563,18ZC5064.JPG,3,1382,1750,1409,1706,1,-1,CSL_pup,1
564,18ZC5064.JPG,3,1302,1647,1329,1603,1,-1,CSL_pup,1
565,18ZC5064.JPG,3,1252,1635,1279,1591,1,-1,CSL_pup,1
566,18ZC5064.JPG,3,1143,1631,1189,1608,1,-1,CSL_pup,1
567,18ZC5064.JPG,3,1141,1648,1196,1623,1,-1,CSL_pup,1
568,18ZC5064.JPG,3,1383,1714,1422,1684,1,-1,CSL_pup,1
569,18ZC5064.JPG,3,1264,1746,1295,1716,1,-1,CSL_pup,1
570,18ZC5064.JPG,3,1452,1900,1506,1870,1,-1,CSL_pup,1
571,18ZC5064.JPG,3,441,1222,480,1192,1,-1,CSL_pup,1
572,18ZC5064.JPG,3,530,1225,569,1186,1,-1,CSL_pup,1
573,18ZC5064.JPG,3,516,1124,555,1094,1,-1,CSL_pup,1
574,18ZC5064.JPG,3,390,1179,429,1149,1,-1,CSL_pup,1
575,18ZC5064.JPG,3,336,1250,375,1220,1,-1,CSL_pup,1
576,18ZC5064.JPG,3,373,1265,412,1235,1,-1,CSL_pup,1
577,18ZC5064.JPG,3,388,1325,427,1295,1,-1,CSL_pup,1
578,18ZC5064.JPG,3,426,1268,465,1238,1,-1,CSL_pup,1
579,18ZC5064.JPG,3,483,1286,522,1256,1,-1,CSL_pup,1
580,18ZC5064.JPG,3,603,1306,642,1276,1,-1,CSL_pup,1
581,18ZC5064.JPG,3,614,1211,653,1181,1,-1,CSL_pup,1
582,18ZC5064.JPG,3,274,1386,315,1352,1,-1,CSL_pup,1
583,18ZC5064.JPG,3,261,1377,306,1344,1,-1,CSL_pup,1
584,18ZC5064.JPG,3,269,1337,308,1307,1,-1,CSL_pup,1
585,18ZC5064.JPG,3,262,1034,301,1004,1,-1,CSL_pup,1
586,18ZC5064.JPG,3,245,948,284,918,1,-1,CSL_pup,1
587,18ZC5064.JPG,3,307,1069,346,1051,1,-1,CSL_pup,1
588,18ZC5064.JPG,3,301,1304,340,1278,1,-1,CSL_pup,1
589,18ZC5064.JPG,3,738,1180,777,1156,1,-1,CSL_pup,1
590,18ZC5064.JPG,3,365,353,416,318,1,-1,CSL_pup,1
591,18ZC5064.JPG,3,407,422,458,378,1,-1,CSL_pup,1
592,18ZC5064.JPG,3,459,431,510,396,1,-1,CSL_pup,1
593,18ZC5064.JPG,3,490,482,525,440,1,-1,CSL_pup,1
594,18ZC5064.JPG,3,583,539,634,504,1,-1,CSL_pup,1
595,18ZC5064.JPG,3,615,500,639,465,1,-1,CSL_pup,1
596,18ZC5064.JPG,3,638,486,689,451,1,-1,CSL_pup,1
597,18ZC5064.JPG,3,622,452,648,413,1,-1,CSL_pup,1
598,18ZC5064.JPG,3,607,447,630,404,1,-1,CSL_pup,1
599,18ZC5064.JPG,3,550,436,601,401,1,-1,CSL_pup,1
600,18ZC5064.JPG,3,527,448,554,413,1,-1,CSL_pup,1
601,18ZC5064.JPG,3,529,417,580,382,1,-1,CSL_pup,1
602,18ZC5064.JPG,3,511,398,562,363,1,-1,CSL_pup,1
603,18ZC5064.JPG,3,548,389,579,354,1,-1,CSL_pup,1
604,18ZC5064.JPG,3,522,369,573,334,1,-1,CSL_pup,1
605,18ZC5064.JPG,3,518,329,569,294,1,-1,CSL_pup,1
606,18ZC5064.JPG,3,567,312,618,268,1,-1,CSL_pup,1
607,18ZC5064.JPG,3,611,306,662,271,1,-1,CSL_pup,1
608,18ZC5064.JPG,3,599,281,650,246,1,-1,CSL_pup,1
609,18ZC5064.JPG,3,514,278,565,243,1,-1,CSL_pup,1
610,18ZC5064.JPG,3,478,310,518,253,1,-1,CSL_pup,1
611,18ZC5064.JPG,3,564,498,598,459,1,-1,CSL_pup,1
612,18ZC5064.JPG,3,534,483,585,461,1,-1,CSL_pup,1
613,18ZC5064.JPG,3,532,466,583,449,1,-1,CSL_pup,1
614,18ZC5064.JPG,3,661,539,712,504,1,-1,CSL_pup,1
615,18ZC5064.JPG,3,561,569,584,526,1,-1,CSL_pup,1
616,18ZC5064.JPG,3,564,239,599,197,1,-1,CSL_pup,1
617,18ZC5064.JPG,3,639,215,674,173,1,-1,CSL_pup,1
618,18ZC5064.JPG,3,645,158,680,116,1,-1,CSL_pup,1
619,18ZC5064.JPG,3,667,179,702,137,1,-1,CSL_pup,1
620,18ZC5064.JPG,3,705,192,740,150,1,-1,CSL_pup,1
621,18ZC5064.JPG,3,686,241,721,199,1,-1,CSL_pup,1
622,18ZC5064.JPG,3,704,119,739,77,1,-1,CSL_pup,1
623,18ZC5064.JPG,3,466,143,501,101,1,-1,CSL_pup,1
624,18ZC5064.JPG,3,556,177,591,135,1,-1,CSL_pup,1
625,18ZC5064.JPG,3,526,180,561,138,1,-1,CSL_pup,1
626,18ZC5064.JPG,3,523,119,558,77,1,-1,CSL_pup,1
627,18ZC5064.JPG,3,427,224,462,166,1,-1,CSL_pup,1
628,18ZC5064.JPG,3,466,274,496,238,1,-1,CSL_pup,1
629,18ZC5064.JPG,3,484,253,519,220,1,-1,CSL_pup,1
630,18ZC5064.JPG,3,501,225,536,183,1,-1,CSL_pup,1
631,18ZC5064.JPG,3,527,219,562,177,1,-1,CSL_pup,1
632,18ZC5064.JPG,3,492,179,527,137,1,-1,CSL_pup,1
633,18ZC5064.JPG,3,314,366,349,324,1,-1,CSL_pup,1
634,18ZC5064.JPG,3,476,90,511,48,1,-1,CSL_pup,1
635,18ZC5064.JPG,3,441,121,476,79,1,-1,CSL_pup,1
636,18ZC5064.JPG,3,511,251,546,229,1,-1,CSL_pup,1
637,18ZC5064.JPG,3,695,142,743,106,1,-1,CSL_pup,1
638,18ZC5064.JPG,3,483,44,531,8,1,-1,CSL_pup,1
639,18ZC5064.JPG,3,179,429,227,378,1,-1,CSL_pup,1
640,18ZC5064.JPG,3,209,541,257,505,1,-1,CSL_pup,1
641,18ZC5064.JPG,3,231,631,279,595,1,-1,CSL_pup,1
642,18ZC5064.JPG,3,278,704,309,659,1,-1,CSL_pup,1
643,18ZC5064.JPG,3,201,690,249,654,1,-1,CSL_pup,1
644,18ZC5064.JPG,3,275,829,323,793,1,-1,CSL_pup,1
645,18ZC5064.JPG,3,265,857,313,821,1,-1,CSL_pup,1
646,18ZC5064.JPG,3,460,750,495,702,1,-1,CSL_pup,1
647,18ZC5064.JPG,3,522,700,573,669,1,-1,CSL_pup,1
648,18ZC5064.JPG,3,573,745,621,709,1,-1,CSL_pup,1
649,18ZC5064.JPG,3,535,670,587,640,1,-1,CSL_pup,1
650,18ZC5064.JPG,3,545,659,593,623,1,-1,CSL_pup,1
651,18ZC5064.JPG,3,572,623,620,587,1,-1,CSL_pup,1
652,18ZC5064.JPG,3,536,618,576,577,1,-1,CSL_pup,1
653,18ZC5064.JPG,3,503,619,538,578,1,-1,CSL_pup,1
654,18ZC5064.JPG,3,591,644,622,616,1,-1,CSL_pup,1
655,18ZC5064.JPG,3,558,760,585,724,1,-1,CSL_pup,1
656,18ZC5064.JPG,3,491,755,516,706,1,-1,CSL_pup,1
657,18ZC5064.JPG,3,1152,1264,1187,1223,1,-1,CSL_pup,1
658,18ZC5064.JPG,3,1200,1202,1235,1161,1,-1,CSL_pup,1
659,18ZC5064.JPG,3,1191,1302,1244,1275,1,-1,CSL_pup,1
660,18ZC5064.JPG,3,1231,1337,1266,1296,1,-1,CSL_pup,1
661,18ZC5064.JPG,3,1166,1333,1201,1292,1,-1,CSL_pup,1
662,18ZC5064.JPG,3,1108,1261,1143,1220,1,-1,CSL_pup,1
663,18ZC5064.JPG,3,1070,1245,1105,1204,1,-1,CSL_pup,1
664,18ZC5064.JPG,3,1078,1191,1113,1150,1,-1,CSL_pup,1
665,18ZC5064.JPG,3,1014,1196,1049,1155,1,-1,CSL_pup,1
666,18ZC5064.JPG,3,1013,1262,1048,1221,1,-1,CSL_pup,1
667,18ZC5064.JPG,3,971,1142,1006,1101,1,-1,CSL_pup,1
668,18ZC5064.JPG,3,941,1166,976,1125,1,-1,CSL_pup,1
669,18ZC5064.JPG,3,890,1341,925,1300,1,-1,CSL_pup,1
670,18ZC5064.JPG,3,883,1395,918,1354,1,-1,CSL_pup,1
671,18ZC5064.JPG,3,845,1366,880,1325,1,-1,CSL_pup,1
672,18ZC5064.JPG,3,855,1325,875,1279,1,-1,CSL_pup,1
673,18ZC5064.JPG,3,1120,1408,1164,1378,1,-1,CSL_pup,1
674,18ZC5064.JPG,3,1130,1427,1176,1401,1,-1,CSL_pup,1
675,18ZC5064.JPG,3,921,1417,956,1376,1,-1,CSL_pup,1
676,18ZC5064.JPG,3,918,1035,953,994,1,-1,CSL_pup,1
677,18ZC5064.JPG,3,1287,1385,1325,1351,1,-1,CSL_pup,1
678,18ZC5064.JPG,3,1377,1445,1404,1418,1,-1,CSL_pup,1
679,18ZC5064.JPG,3,900,1740,927,1713,1,-1,CSL_pup,1
680,18ZC5064.JPG,3,669,1913,701,1870,1,-1,CSL_pup,1
681,18ZC5064.JPG,3,653,1902,680,1867,1,-1,CSL_pup,1
682,18ZC5064.JPG,3,755,1937,782,1886,1,-1,CSL_pup,1
683,18ZC5064.JPG,3,864,1837,891,1810,1,-1,CSL_pup,1
684,18ZC5064.JPG,3,852,1863,879,1836,1,-1,CSL_pup,1
685,18ZC5064.JPG,3,823,1845,850,1818,1,-1,CSL_pup,1
686,18ZC5064.JPG,3,635,2029,662,2002,1,-1,CSL_pup,1
687,18ZC5064.JPG,3,579,2071,606,2044,1,-1,CSL_pup,1
688,18ZC5064.JPG,3,848,1811,875,1760,1,-1,CSL_pup,1
689,18ZC5064.JPG,3,392,1622,441,1590,1,-1,CSL_pup,1
690,18ZC5064.JPG,3,150,1420,204,1393,1,-1,CSL_pup,1
691,18ZC5064.JPG,3,750,2133,804,2106,1,-1,CSL_pup,1
692,18ZC5064.JPG,3,1138,1973,1192,1946,1,-1,CSL_pup,1
693,18ZC5064.JPG,3,1299,2002,1353,1975,1,-1,CSL_pup,1
694,18ZC5064.JPG,3,2812,3044,2838,3005,1,-1,CSL_pup,1
695,18ZC5064.JPG,3,2729,2985,2783,2958,1,-1,CSL_pup,1
696,18ZC5064.JPG,3,2608,2972,2662,2945,1,-1,CSL_pup,1
697,18ZC5064.JPG,3,2478,2968,2532,2915,1,-1,CSL_pup,1
698,18ZC5064.JPG,3,2503,3033,2557,2995,1,-1,CSL_pup,1
699,18ZC5064.JPG,3,2701,3040,2726,2984,1,-1,CSL_pup,1
700,18ZC5064.JPG,3,2584,2824,2638,2795,1,-1,CSL_pup,1
701,18ZC5064.JPG,3,2606,2844,2652,2821,1,-1,CSL_pup,1
702,18ZC5064.JPG,3,2439,2982,2470,2929,1,-1,CSL_pup,1
703,18ZC5064.JPG,3,2679,2973,2710,2920,1,-1,CSL_pup,1
704,18ZC5064.JPG,3,2666,3048,2689,2995,1,-1,CSL_pup,1
705,18ZC5064.JPG,3,2686,3043,2710,2992,1,-1,CSL_pup,1
706,18ZC5064.JPG,3,2227,2827,2253,2788,1,-1,CSL_pup,1
707,18ZC5064.JPG,3,2100,2903,2126,2864,1,-1,CSL_pup,1
708,18ZC5064.JPG,3,2070,2772,2096,2733,1,-1,CSL_pup,1
709,18ZC5064.JPG,3,2186,2676,2212,2637,1,-1,CSL_pup,1
710,18ZC5064.JPG,3,2273,2687,2299,2648,1,-1,CSL_pup,1
711,18ZC5064.JPG,3,2130,3029,2156,2990,1,-1,CSL_pup,1
712,18ZC5064.JPG,3,2739,3167,2788,3143,1,-1,CSL_pup,1
713,18ZC5064.JPG,3,2734,3156,2773,3124,1,-1,CSL_pup,1
714,18ZC5064.JPG,3,2695,3157,2735,3118,1,-1,CSL_pup,1
715,18ZC5064.JPG,3,2698,3122,2724,3083,1,-1,CSL_pup,1
716,18ZC5064.JPG,3,2720,3107,2746,3068,1,-1,CSL_pup,1
717,18ZC5064.JPG,3,2741,3110,2767,3071,1,-1,CSL_pup,1
718,18ZC5064.JPG,3,2724,3080,2755,3048,1,-1,CSL_pup,1
719,18ZC5064.JPG,3,2704,3081,2730,3042,1,-1,CSL_pup,1
720,18ZC5064.JPG,3,2640,3241,2698,3202,1,-1,CSL_pup,1
721,18ZC5064.JPG,3,2689,3300,2732,3268,1,-1,CSL_pup,1
722,18ZC5064.JPG,3,2715,3317,2757,3261,1,-1,CSL_pup,1
723,18ZC5064.JPG,3,2846,3207,2906,3181,1,-1,CSL_pup,1
724,18ZC5064.JPG,3,2853,3217,2907,3200,1,-1,CSL_pup,1
725,18ZC5064.JPG,3,2848,3236,2892,3214,1,-1,CSL_pup,1
726,18ZC5064.JPG,3,2884,3339,2910,3300,1,-1,CSL_pup,1
727,18ZC5064.JPG,3,2901,3378,2953,3348,1,-1,CSL_pup,1
728,18ZC5064.JPG,3,2981,3381,3007,3342,1,-1,CSL_pup,1
729,18ZC5064.JPG,3,2865,3244,2909,3222,1,-1,CSL_pup,1
730,18ZC5064.JPG,3,3491,1650,3549,1611,1,-1,CSL_pup,1
731,18ZC5064.JPG,3,3543,1696,3601,1657,1,-1,CSL_pup,1
732,18ZC5064.JPG,3,3422,1756,3480,1717,1,-1,CSL_pup,1
733,18ZC5064.JPG,3,3379,1808,3406,1765,1,-1,CSL_pup,1
734,18ZC5064.JPG,3,3357,1807,3385,1768,1,-1,CSL_pup,1
735,18ZC5064.JPG,3,3315,1819,3349,1780,1,-1,CSL_pup,1
736,18ZC5064.JPG,3,3242,1762,3300,1723,1,-1,CSL_pup,1
737,18ZC5064.JPG,3,3601,1838,3659,1799,1,-1,CSL_pup,1
738,18ZC5064.JPG,3,3592,1544,3628,1502,1,-1,CSL_pup,1
739,18ZC5064.JPG,3,3548,1578,3598,1546,1,-1,CSL_pup,1
740,18ZC5064.JPG,3,3485,1521,3520,1475,1,-1,CSL_pup,1
741,18ZC5064.JPG,3,3364,1542,3403,1503,1,-1,CSL_pup,1
742,18ZC5064.JPG,3,3220,1533,3258,1491,1,-1,CSL_pup,1
743,18ZC5064.JPG,3,3218,1478,3267,1446,1,-1,CSL_pup,1
744,18ZC5064.JPG,3,3091,1589,3149,1550,1,-1,CSL_pup,1
745,18ZC5064.JPG,3,3115,1774,3149,1735,1,-1,CSL_pup,1
746,18ZC5064.JPG,3,3123,1851,3165,1789,1,-1,CSL_pup,1
747,18ZC5064.JPG,3,3190,1731,3222,1709,1,-1,CSL_pup,1
748,18ZC5064.JPG,3,3449,1847,3480,1808,1,-1,CSL_pup,1
749,18ZC5064.JPG,3,3628,1885,3686,1846,1,-1,CSL_pup,1
750,18ZC5064.JPG,3,3329,1706,3387,1667,1,-1,CSL_pup,1
751,18ZC5064.JPG,3,3173,1670,3221,1640,1,-1,CSL_pup,1
752,18ZC5064.JPG,3,3505,1496,3547,1457,1,-1,CSL_pup,1
753,18ZC5064.JPG,3,3031,2143,3063,2121,1,-1,CSL_pup,1
754,18ZC5064.JPG,3,3057,2192,3089,2156,1,-1,CSL_pup,1
755,18ZC5064.JPG,3,3040,2335,3076,2306,1,-1,CSL_pup,1
756,18ZC5064.JPG,3,2843,2133,2875,2111,1,-1,CSL_pup,1
757,18ZC5064.JPG,3,2779,2034,2815,2003,1,-1,CSL_pup,1
758,18ZC5064.JPG,3,2944,1895,2976,1860,1,-1,CSL_pup,1
759,18ZC5064.JPG,3,3097,2130,3129,2098,1,-1,CSL_pup,1
760,18ZC5064.JPG,3,2792,2159,2830,2125,1,-1,CSL_pup,1
761,18ZC5064.JPG,3,2736,1524,2768,1488,1,-1,CSL_pup,1
762,18ZC5064.JPG,3,2697,1574,2729,1538,1,-1,CSL_pup,1
763,18ZC5064.JPG,3,2834,1570,2866,1534,1,-1,CSL_pup,1
764,18ZC5064.JPG,3,2547,1630,2579,1594,1,-1,CSL_pup,1
765,18ZC5064.JPG,3,2557,1577,2589,1541,1,-1,CSL_pup,1
766,18ZC5064.JPG,3,2600,1639,2632,1603,1,-1,CSL_pup,1
767,18ZC5064.JPG,3,2638,1653,2670,1617,1,-1,CSL_pup,1
768,18ZC5064.JPG,3,2980,1696,3012,1660,1,-1,CSL_pup,1
769,18ZC5064.JPG,3,3011,1685,3043,1649,1,-1,CSL_pup,1
770,18ZC5064.JPG,3,2547,1459,2579,1423,1,-1,CSL_pup,1
771,18ZC5064.JPG,3,2530,1424,2562,1388,1,-1,CSL_pup,1
772,18ZC5064.JPG,3,2463,1440,2495,1404,1,-1,CSL_pup,1
773,18ZC5064.JPG,3,2499,1481,2531,1445,1,-1,CSL_pup,1
774,18ZC5064.JPG,3,2487,1351,2519,1315,1,-1,CSL_pup,1
775,18ZC5064.JPG,3,2497,1310,2529,1274,1,-1,CSL_pup,1
776,18ZC5064.JPG,3,3111,1401,3143,1365,1,-1,CSL_pup,1
777,18ZC5064.JPG,3,2677,1263,2709,1227,1,-1,CSL_pup,1
778,18ZC5064.JPG,3,2812,1101,2844,1065,1,-1,CSL_pup,1
779,18ZC5064.JPG,3,3308,1244,3368,1208,1,-1,CSL_pup,1
780,18ZC5064.JPG,3,3363,1400,3395,1364,1,-1,CSL_pup,1
781,18ZC5064.JPG,3,3396,1362,3428,1326,1,-1,CSL_pup,1
782,18ZC5064.JPG,3,3232,1440,3264,1404,1,-1,CSL_pup,1
783,18ZC5064.JPG,3,2985,951,3014,910,1,-1,CSL_pup,1
784,18ZC5064.JPG,3,2893,850,2923,818,1,-1,CSL_pup,1
785,18ZC5064.JPG,3,2921,814,2970,782,1,-1,CSL_pup,1
786,18ZC5064.JPG,3,2938,3498,2968,3466,1,-1,CSL_pup,1
787,18ZC5064.JPG,3,2891,3472,2944,3448,1,-1,CSL_pup,1
788,18ZC5064.JPG,3,2897,3450,2948,3431,1,-1,CSL_pup,1
789,18ZC5064.JPG,3,2817,3512,2847,3464,1,-1,CSL_pup,1
790,18ZC5064.JPG,3,2774,3512,2804,3480,1,-1,CSL_pup,1
791,18ZC5064.JPG,3,2771,3547,2801,3515,1,-1,CSL_pup,1
792,18ZC5064.JPG,3,3105,3698,3135,3666,1,-1,CSL_pup,1
793,18ZC5064.JPG,3,3166,3703,3196,3671,1,-1,CSL_pup,1
794,18ZC5064.JPG,3,3109,3835,3142,3811,1,-1,CSL_pup,1
795,18ZC5064.JPG,3,3185,3775,3219,3751,1,-1,CSL_pup,1
796,18ZC5064.JPG,3,3223,3829,3259,3802,1,-1,CSL_pup,1
797,18ZC5064.JPG,3,3193,3809,3233,3785,1,-1,CSL_pup,1
798,18ZC5064.JPG,3,840,798,874,774,1,-1,CSL_pup,1
799,18ZC5064.JPG,3,4056,3767,4103,3692,1,-1,CSL_cow,1
800,18ZC5064.JPG,3,4018,3643,4087,3556,1,-1,CSL_cow,1
801,18ZC5064.JPG,3,4032,3686,4087,3632,1,-1,CSL_cow,1
802,18ZC5064.JPG,3,3815,2775,3862,2659,1,-1,CSL_cow,1
803,18ZC5064.JPG,3,4482,2668,4577,2614,1,-1,CSL_cow,1
804,18ZC5064.JPG,3,4545,2674,4612,2586,1,-1,CSL_cow,1
805,18ZC5064.JPG,3,4533,2578,4626,2528,1,-1,CSL_cow,1
806,18ZC5064.JPG,3,2825,3402,2886,3319,1,-1,CSL_cow,1
807,18ZC5064.JPG,3,3845,3723,3886,3677,1,-1,CSL_pup,1
808,18ZC5064.JPG,3,3561,2473,3597,2444,1,-1,CSL_pup,1
809,18ZC5064.JPG,3,1418,1777,1439,1735,1,-1,CSL_pup,1
810,18ZC5064.JPG,3,1531,2136,1567,2107,1,-1,CSL_pup,1
811,18ZC5064.JPG,3,1656,2221,1675,2192,1,-1,CSL_pup,1
812,18ZC5064.JPG,3,1613,2214,1649,2189,1,-1,CSL_pup,1
813,18ZC5064.JPG,3,1581,2177,1615,2147,1,-1,CSL_pup,1
814,18ZC5064.JPG,3,1442,2023,1463,1981,1,-1,CSL_pup,1
815,18ZC5064.JPG,3,1562,2072,1583,2030,1,-1,CSL_cow,1
816,18ZC5064.JPG,3,1490,2048,1524,1958,1,-1,CSL_cow,1
817,18ZC5064.JPG,3,1467,1998,1529,1917,1,-1,CSL_cow,1
818,18ZC5064.JPG,3,1413,2016,1438,1935,1,-1,CSL_cow,1
819,18ZC5064.JPG,3,1568,1803,1629,1741,1,-1,CSL_cow,1
820,18ZC5064.JPG,3,1580,1751,1650,1703,1,-1,CSL_cow,1
821,18ZC5064.JPG,3,1981,1857,2060,1814,1,-1,CSL_cow,1
822,18ZC5064.JPG,3,1256,1608,1332,1561,1,-1,CSL_cow,1
823,18ZC5064.JPG,3,1282,1669,1314,1596,1,-1,CSL_cow,1
824,18ZC5064.JPG,3,256,1581,299,1497,1,-1,CSL_cow,1
825,18ZC5064.JPG,3,344,1439,395,1352,1,-1,CSL_cow,1
826,18ZC5064.JPG,3,548,1405,624,1358,1,-1,CSL_cow,1
827,18ZC5064.JPG,3,421,1379,467,1305,1,-1,CSL_cow,1
828,18ZC5064.JPG,3,456,1371,499,1283,1,-1,CSL_cow,1
829,18ZC5064.JPG,3,481,1351,514,1279,1,-1,CSL_cow,1
830,18ZC5064.JPG,3,508,1333,537,1258,1,-1,CSL_cow,1
831,18ZC5064.JPG,3,486,1250,590,1207,1,-1,CSL_cow,1
832,18ZC5064.JPG,3,589,1294,651,1229,1,-1,CSL_cow,1
833,18ZC5064.JPG,3,637,1287,712,1234,1,-1,CSL_cow,1
834,18ZC5064.JPG,3,591,1235,667,1188,1,-1,CSL_cow,1
835,18ZC5064.JPG,3,252,1260,340,1205,1,-1,CSL_cow,1
836,18ZC5064.JPG,3,259,1207,363,1184,1,-1,CSL_cow,1
837,18ZC5064.JPG,3,254,1188,351,1172,1,-1,CSL_cow,1
838,18ZC5064.JPG,3,258,1170,333,1149,1,-1,CSL_cow,1
839,18ZC5064.JPG,3,310,1173,379,1151,1,-1,CSL_cow,1
840,18ZC5064.JPG,3,349,1027,437,997,1,-1,CSL_cow,1
841,18ZC5064.JPG,3,363,995,425,931,1,-1,CSL_cow,1
842,18ZC5064.JPG,3,309,960,385,913,1,-1,CSL_cow,1
843,18ZC5064.JPG,3,262,998,337,965,1,-1,CSL_cow,1
844,18ZC5064.JPG,3,268,1020,344,999,1,-1,CSL_cow,1
845,18ZC5064.JPG,3,178,1062,245,1018,1,-1,CSL_cow,1
846,18ZC5064.JPG,3,189,1161,231,1113,1,-1,CSL_cow,1
847,18ZC5064.JPG,3,823,1436,872,1362,1,-1,CSL_juv,1
848,18ZC5064.JPG,3,885,1064,961,1029,1,-1,CSL_cow,1
849,18ZC5064.JPG,3,307,1081,382,1060,1,-1,CSL_cow,1
850,18ZC5064.JPG,3,304,1056,379,1035,1,-1,CSL_cow,1
851,18ZC5064.JPG,3,309,1147,384,1126,1,-1,CSL_cow,1
852,18ZC5064.JPG,3,265,1135,340,1114,1,-1,CSL_cow,1
853,18ZC5064.JPG,3,282,1116,349,1065,1,-1,CSL_cow,1
854,18ZC5064.JPG,3,236,1150,276,1043,1,-1,CSL_cow,1
855,18ZC5064.JPG,3,255,1142,278,1065,1,-1,CSL_cow,1
856,18ZC5064.JPG,3,276,1134,301,1065,1,-1,CSL_cow,1
857,18ZC5064.JPG,3,217,1103,261,1020,1,-1,CSL_cow,1
858,18ZC5064.JPG,3,163,1008,198,962,1,-1,CSL_pup,1
859,18ZC5064.JPG,3,144,1120,179,1074,1,-1,CSL_pup,1
860,18ZC5064.JPG,3,69,1808,123,1749,1,-1,CSL_cow,1
861,18ZC5064.JPG,3,222,1815,312,1750,1,-1,CSL_cow,1
862,18ZC5064.JPG,3,344,1631,390,1585,1,-1,CSL_cow,1
863,18ZC5064.JPG,3,607,1674,668,1630,1,-1,CSL_cow,1
864,18ZC5064.JPG,3,311,1428,357,1400,1,-1,CSL_pup,1
865,18ZC5064.JPG,3,541,1368,588,1294,1,-1,CSL_cow,1
866,18ZC5064.JPG,3,541,1338,600,1266,1,-1,CSL_cow,1
867,18ZC5064.JPG,3,250,1295,335,1245,1,-1,CSL_cow,1
868,18ZC5064.JPG,3,400,531,484,502,1,-1,CSL_cow,1
869,18ZC5064.JPG,3,799,897,849,823,1,-1,CSL_cow,1
870,18ZC5064.JPG,3,785,801,834,719,1,-1,CSL_cow,1
871,18ZC5064.JPG,3,617,634,702,584,1,-1,CSL_cow,1
872,18ZC5064.JPG,3,436,558,491,518,1,-1,CSL_juv,1
873,18ZC5064.JPG,3,592,644,666,620,1,-1,CSL_cow,1
874,18ZC5064.JPG,3,201,792,244,743,1,-1,CSL_juv,1
875,18ZC5064.JPG,3,869,813,894,775,1,-1,CSL_pup,1
876,18ZC5064.JPG,3,731,601,775,571,1,-1,CSL_pup,1
877,18ZC5064.JPG,3,747,585,781,549,1,-1,CSL_pup,1
878,18ZC5064.JPG,3,714,552,738,508,1,-1,CSL_pup,1
879,18ZC5064.JPG,3,733,545,757,506,1,-1,CSL_pup,1
880,18ZC5064.JPG,3,1030,1630,1082,1579,1,-1,CSL_juv,1
881,18ZC5064.JPG,3,191,1243,296,1189,1,-1,CSL_bull,1
882,18ZC5064.JPG,3,1253,1432,1315,1364,1,-1,CSL_cow,1
883,18ZC5064.JPG,3,1181,1482,1249,1353,1,-1,CSL_sam,1
884,18ZC5064.JPG,3,1106,2773,1211,2682,1,-1,CSL_cow,1
885,18ZC5064.JPG,3,1590,2717,1641,2679,1,-1,CSL_pup,1
886,18ZC5064.JPG,3,1071,3380,1132,3293,1,-1,CSL_cow,1
887,18ZC5064.JPG,3,3658,1320,3708,1267,1,-1,CSL_juv,1
888,18ZC5064.JPG,3,5410,3800,5478,3745,1,-1,CSL_cow,1
889,18ZC5757.JPG,4,2692,2095,2702,2105,1,-1,CSL_pup,1
890,18ZC5757.JPG,4,2496,2021,2506,2031,1,-1,CSL_pup,1
891,18ZC5757.JPG,4,2841,1871,2851,1881,1,-1,CSL_pup,1
892,18ZC5757.JPG,4,2780,1728,2790,1738,1,-1,CSL_pup,1
893,18ZC5757.JPG,4,2786,1703,2796,1713,1,-1,CSL_pup,1
894,18ZC5757.JPG,4,2782,1671,2792,1681,1,-1,CSL_pup,1
895,18ZC5757.JPG,4,2741,1660,2751,1670,1,-1,CSL_pup,1
896,18ZC5757.JPG,4,2840,1767,2850,1777,1,-1,CSL_pup,1
897,18ZC5757.JPG,4,2698,1623,2708,1633,1,-1,CSL_pup,1
898,18ZC5757.JPG,4,2662,1565,2672,1575,1,-1,CSL_pup,1
899,18ZC5757.JPG,4,2752,1605,2762,1615,1,-1,CSL_pup,1
900,18ZC5757.JPG,4,2769,1556,2779,1566,1,-1,CSL_pup,1
901,18ZC5757.JPG,4,2811,1620,2821,1630,1,-1,CSL_pup,1
902,18ZC5757.JPG,4,3314,2221,3324,2231,1,-1,CSL_pup,1
903,18ZC5757.JPG,4,3260,2273,3270,2283,1,-1,CSL_pup,1
904,18ZC5757.JPG,4,3515,1425,3525,1435,1,-1,CSL_pup,1
905,18ZC5757.JPG,4,3479,947,3489,957,1,-1,CSL_pup,1
906,18ZC5757.JPG,4,3332,1054,3342,1064,1,-1,CSL_pup,1
907,18ZC5757.JPG,4,3321,1023,3331,1033,1,-1,CSL_pup,1
908,18ZC5757.JPG,4,3283,1050,3293,1060,1,-1,CSL_pup,1
909,18ZC5757.JPG,4,3269,1076,3279,1086,1,-1,CSL_pup,1
910,18ZC5757.JPG,4,3066,1048,3076,1058,1,-1,CSL_pup,1
911,18ZC5757.JPG,4,3073,1016,3083,1026,1,-1,CSL_pup,1
912,18ZC5757.JPG,4,3073,953,3083,963,1,-1,CSL_pup,1
913,18ZC5757.JPG,4,1911,1568,1921,1578,1,-1,CSL_pup,1
914,18ZC5757.JPG,4,1885,1529,1895,1539,1,-1,CSL_pup,1
915,18ZC5757.JPG,4,1847,1547,1857,1557,1,-1,CSL_pup,1
916,18ZC5757.JPG,4,1830,1525,1840,1535,1,-1,CSL_pup,1
917,18ZC5757.JPG,4,1815,1556,1825,1566,1,-1,CSL_pup,1
918,18ZC5757.JPG,4,1810,1518,1820,1528,1,-1,CSL_pup,1
919,18ZC5757.JPG,4,1796,1514,1806,1524,1,-1,CSL_pup,1
920,18ZC5757.JPG,4,1811,1502,1821,1512,1,-1,CSL_pup,1
921,18ZC5757.JPG,4,1859,1441,1869,1451,1,-1,CSL_pup,1
922,18ZC5757.JPG,4,1877,1432,1887,1442,1,-1,CSL_pup,1
923,18ZC5757.JPG,4,1910,1474,1920,1484,1,-1,CSL_pup,1
924,18ZC5757.JPG,4,1996,1482,2006,1492,1,-1,CSL_pup,1
925,18ZC5757.JPG,4,1960,1390,1970,1400,1,-1,CSL_pup,1
926,18ZC5757.JPG,4,1972,1371,1982,1381,1,-1,CSL_pup,1
927,18ZC5757.JPG,4,1962,1360,1972,1370,1,-1,CSL_pup,1
928,18ZC5757.JPG,4,2045,1403,2055,1413,1,-1,CSL_pup,1
929,18ZC5757.JPG,4,2041,1421,2051,1431,1,-1,CSL_pup,1
930,18ZC5757.JPG,4,2077,1431,2087,1441,1,-1,CSL_pup,1
931,18ZC5757.JPG,4,2083,1413,2093,1423,1,-1,CSL_pup,1
932,18ZC5757.JPG,4,2108,1404,2118,1414,1,-1,CSL_pup,1
933,18ZC5757.JPG,4,2143,1401,2153,1411,1,-1,CSL_pup,1
934,18ZC5757.JPG,4,2116,1380,2126,1390,1,-1,CSL_pup,1
935,18ZC5757.JPG,4,2115,1367,2125,1377,1,-1,CSL_pup,1
936,18ZC5757.JPG,4,2109,1349,2119,1359,1,-1,CSL_pup,1
937,18ZC5757.JPG,4,2144,1372,2154,1382,1,-1,CSL_pup,1
938,18ZC5757.JPG,4,2145,1329,2155,1339,1,-1,CSL_pup,1
939,18ZC5757.JPG,4,2196,1333,2206,1343,1,-1,CSL_pup,1
940,18ZC5757.JPG,4,2229,1324,2239,1334,1,-1,CSL_pup,1
941,18ZC5757.JPG,4,2249,1331,2259,1341,1,-1,CSL_pup,1
942,18ZC5757.JPG,4,2303,1345,2313,1355,1,-1,CSL_pup,1
943,18ZC5757.JPG,4,2321,1375,2331,1385,1,-1,CSL_pup,1
944,18ZC5757.JPG,4,2227,1352,2237,1362,1,-1,CSL_pup,1
945,18ZC5757.JPG,4,2214,1366,2224,1376,1,-1,CSL_pup,1
946,18ZC5757.JPG,4,2217,1388,2227,1398,1,-1,CSL_pup,1
947,18ZC5757.JPG,4,2126,1451,2136,1461,1,-1,CSL_pup,1
948,18ZC5757.JPG,4,2185,1454,2195,1464,1,-1,CSL_pup,1
949,18ZC5757.JPG,4,2157,1498,2167,1508,1,-1,CSL_pup,1
950,18ZC5757.JPG,4,2153,1543,2163,1553,1,-1,CSL_pup,1
951,18ZC5757.JPG,4,2139,1554,2149,1564,1,-1,CSL_pup,1
952,18ZC5757.JPG,4,2077,1396,2087,1406,1,-1,CSL_pup,1
953,18ZC5757.JPG,4,1782,1513,1792,1523,1,-1,CSL_pup,1
954,18ZC5757.JPG,4,1769,1521,1779,1531,1,-1,CSL_pup,1
955,18ZC5757.JPG,4,1744,1444,1754,1454,1,-1,CSL_pup,1
956,18ZC5757.JPG,4,1770,1432,1780,1442,1,-1,CSL_pup,1
957,18ZC5757.JPG,4,1720,1285,1730,1295,1,-1,CSL_pup,1
958,18ZC5757.JPG,4,1693,1293,1703,1303,1,-1,CSL_pup,1
959,18ZC5757.JPG,4,1630,1259,1640,1269,1,-1,CSL_pup,1
960,18ZC5757.JPG,4,1603,1288,1613,1298,1,-1,CSL_pup,1
961,18ZC5757.JPG,4,1357,1398,1367,1408,1,-1,CSL_pup,1
962,18ZC5757.JPG,4,1328,1419,1338,1429,1,-1,CSL_pup,1
963,18ZC5757.JPG,4,1403,1335,1413,1345,1,-1,CSL_pup,1
964,18ZC5757.JPG,4,1446,1245,1456,1255,1,-1,CSL_pup,1
965,18ZC5757.JPG,4,1487,1226,1497,1236,1,-1,CSL_pup,1
966,18ZC5757.JPG,4,1493,1183,1503,1193,1,-1,CSL_pup,1
967,18ZC5757.JPG,4,1538,1084,1548,1094,1,-1,CSL_pup,1
968,18ZC5757.JPG,4,1697,971,1707,981,1,-1,CSL_pup,1
969,18ZC5757.JPG,4,2943,984,2953,994,1,-1,CSL_pup,1
970,18ZC5757.JPG,4,2936,1013,2946,1023,1,-1,CSL_pup,1
971,18ZC5757.JPG,4,1528,1936,1538,1946,1,-1,CSL_pup,1
972,18ZC5757.JPG,4,1392,1805,1402,1815,1,-1,CSL_pup,1
973,18ZC5757.JPG,4,1579,1413,1589,1423,1,-1,CSL_pup,1
974,18ZC5757.JPG,4,2738,3628,2748,3638,1,-1,CSL_pup,1
975,18ZC5757.JPG,4,2761,3629,2771,3639,1,-1,CSL_pup,1
976,18ZC5757.JPG,4,2757,3601,2767,3611,1,-1,CSL_pup,1
977,18ZC5757.JPG,4,2766,3576,2776,3586,1,-1,CSL_pup,1
978,18ZC5757.JPG,4,2735,3554,2745,3564,1,-1,CSL_pup,1
979,18ZC5757.JPG,4,2687,3532,2697,3542,1,-1,CSL_pup,1
980,18ZC5757.JPG,4,2764,3512,2774,3522,1,-1,CSL_pup,1
981,18ZC5757.JPG,4,2769,3490,2779,3500,1,-1,CSL_pup,1
982,18ZC5757.JPG,4,2888,3484,2898,3494,1,-1,CSL_pup,1
983,18ZC5757.JPG,4,2842,3462,2852,3472,1,-1,CSL_pup,1
984,18ZC5757.JPG,4,2826,3447,2836,3457,1,-1,CSL_pup,1
985,18ZC5757.JPG,4,2856,3448,2866,3458,1,-1,CSL_pup,1
986,18ZC5757.JPG,4,2819,3433,2829,3443,1,-1,CSL_pup,1
987,18ZC5757.JPG,4,2841,3426,2851,3436,1,-1,CSL_pup,1
988,18ZC5757.JPG,4,2855,3403,2865,3413,1,-1,CSL_pup,1
989,18ZC5757.JPG,4,2840,3399,2850,3409,1,-1,CSL_pup,1
990,18ZC5757.JPG,4,2810,3398,2820,3408,1,-1,CSL_pup,1
991,18ZC5757.JPG,4,2803,3385,2813,3395,1,-1,CSL_pup,1
992,18ZC5757.JPG,4,2760,3338,2770,3348,1,-1,CSL_pup,1
993,18ZC5757.JPG,4,2892,3355,2902,3365,1,-1,CSL_pup,1
994,18ZC5757.JPG,4,2753,3395,2763,3405,1,-1,CSL_pup,1
995,18ZC5757.JPG,4,2754,3379,2764,3389,1,-1,CSL_pup,1
996,18ZC5757.JPG,4,2740,3373,2750,3383,1,-1,CSL_pup,1
997,18ZC5757.JPG,4,2721,3363,2731,3373,1,-1,CSL_pup,1
998,18ZC5757.JPG,4,2664,3395,2674,3405,1,-1,CSL_pup,1
999,18ZC5757.JPG,4,2592,3352,2602,3362,1,-1,CSL_pup,1
1000,18ZC5757.JPG,4,2586,3372,2596,3382,1,-1,CSL_pup,1
1001,18ZC5757.JPG,4,2561,3356,2571,3366,1,-1,CSL_pup,1
1002,18ZC5757.JPG,4,2536,3361,2546,3371,1,-1,CSL_pup,1
1003,18ZC5757.JPG,4,2522,3358,2532,3368,1,-1,CSL_pup,1
1004,18ZC5757.JPG,4,2514,3336,2524,3346,1,-1,CSL_pup,1
1005,18ZC5757.JPG,4,2558,3320,2568,3330,1,-1,CSL_pup,1
1006,18ZC5757.JPG,4,2459,3442,2469,3452,1,-1,CSL_pup,1
1007,18ZC5757.JPG,4,2459,3423,2469,3433,1,-1,CSL_pup,1
1008,18ZC5757.JPG,4,2442,3419,2452,3429,1,-1,CSL_pup,1
1009,18ZC5757.JPG,4,2425,3391,2435,3401,1,-1,CSL_pup,1
1010,18ZC5757.JPG,4,2450,3394,2460,3404,1,-1,CSL_pup,1
1011,18ZC5757.JPG,4,2370,3424,2380,3434,1,-1,CSL_pup,1
1012,18ZC5757.JPG,4,2289,3445,2299,3455,1,-1,CSL_pup,1
1013,18ZC5757.JPG,4,2293,3420,2303,3430,1,-1,CSL_pup,1
1014,18ZC5757.JPG,4,3210,3528,3220,3538,1,-1,CSL_pup,1
1015,18ZC5757.JPG,4,3123,3508,3133,3518,1,-1,CSL_pup,1
1016,18ZC5757.JPG,4,3115,3485,3125,3495,1,-1,CSL_pup,1
1017,18ZC5757.JPG,4,3122,3468,3132,3478,1,-1,CSL_pup,1
1018,18ZC5757.JPG,4,3097,3443,3107,3453,1,-1,CSL_pup,1
1019,18ZC5757.JPG,4,3076,3474,3086,3484,1,-1,CSL_pup,1
1020,18ZC5757.JPG,4,3047,3435,3057,3445,1,-1,CSL_pup,1
1021,18ZC5757.JPG,4,3114,3237,3124,3247,1,-1,CSL_pup,1
1022,18ZC5757.JPG,4,3176,3231,3186,3241,1,-1,CSL_pup,1
1023,18ZC5757.JPG,4,3165,3334,3175,3344,1,-1,CSL_pup,1
1024,18ZC5757.JPG,4,3140,3330,3150,3340,1,-1,CSL_pup,1
1025,18ZC5757.JPG,4,3631,3635,3641,3645,1,-1,CSL_pup,1
1026,18ZC5757.JPG,4,4136,3662,4146,3672,1,-1,CSL_pup,1
1027,18ZC5757.JPG,4,4148,3818,4158,3828,1,-1,CSL_pup,1
1028,18ZC5757.JPG,4,4215,3666,4225,3676,1,-1,CSL_pup,1
1029,18ZC5757.JPG,4,4215,3697,4225,3707,1,-1,CSL_pup,1
1030,18ZC5757.JPG,4,4315,3606,4325,3616,1,-1,CSL_pup,1
1031,18ZC5757.JPG,4,4520,3748,4530,3758,1,-1,CSL_pup,1
1032,18ZC5757.JPG,4,4468,3733,4478,3743,1,-1,CSL_pup,1
1033,18ZC5757.JPG,4,4495,3781,4505,3791,1,-1,CSL_pup,1
1034,18ZC5757.JPG,4,4484,3792,4494,3802,1,-1,CSL_pup,1
1035,18ZC5757.JPG,4,4481,3814,4491,3824,1,-1,CSL_pup,1
1036,18ZC5757.JPG,4,4454,3766,4464,3776,1,-1,CSL_pup,1
1037,18ZC5757.JPG,4,4246,3765,4256,3775,1,-1,CSL_pup,1
1038,18ZC5757.JPG,4,4184,3736,4194,3746,1,-1,CSL_pup,1
1039,18ZC5757.JPG,4,4171,3777,4181,3787,1,-1,CSL_pup,1
1040,18ZC5757.JPG,4,4197,3756,4207,3766,1,-1,CSL_pup,1
1041,18ZC5757.JPG,4,4199,3782,4209,3792,1,-1,CSL_pup,1
1042,18ZC5757.JPG,4,4159,3787,4169,3797,1,-1,CSL_pup,1
1043,18ZC5757.JPG,4,4182,3798,4192,3808,1,-1,CSL_pup,1
1044,18ZC5757.JPG,4,4190,3818,4200,3828,1,-1,CSL_pup,1
1045,18ZC5757.JPG,4,4204,3802,4214,3812,1,-1,CSL_pup,1
1046,18ZC5757.JPG,4,4221,3813,4231,3823,1,-1,CSL_pup,1
1047,18ZC5757.JPG,4,4337,3828,4347,3838,1,-1,CSL_pup,1
1048,18ZC5757.JPG,4,2729,2968,2739,2978,1,-1,CSL_pup,1
1049,18ZC5757.JPG,4,2711,2935,2721,2945,1,-1,CSL_pup,1
1050,18ZC5757.JPG,4,2655,3028,2665,3038,1,-1,CSL_pup,1
1051,18ZC5757.JPG,4,2630,3019,2640,3029,1,-1,CSL_pup,1
1052,18ZC5757.JPG,4,2739,2922,2749,2932,1,-1,CSL_pup,1
1053,18ZC5757.JPG,4,2755,2889,2765,2899,1,-1,CSL_pup,1
1054,18ZC5757.JPG,4,2723,2860,2733,2870,1,-1,CSL_pup,1
1055,18ZC5757.JPG,4,2725,2881,2735,2891,1,-1,CSL_pup,1
1056,18ZC5757.JPG,4,2735,2841,2745,2851,1,-1,CSL_pup,1
1057,18ZC5757.JPG,4,2707,2787,2717,2797,1,-1,CSL_pup,1
1058,18ZC5757.JPG,4,2815,2566,2825,2576,1,-1,CSL_pup,1
1059,18ZC5757.JPG,4,2819,2541,2829,2551,1,-1,CSL_pup,1
1060,18ZC5757.JPG,4,2674,2591,2684,2601,1,-1,CSL_pup,1
1061,18ZC5757.JPG,4,2652,2571,2662,2581,1,-1,CSL_pup,1
1062,18ZC5757.JPG,4,2640,2684,2650,2694,1,-1,CSL_pup,1
1063,18ZC5757.JPG,4,2187,2777,2197,2787,1,-1,CSL_juv,1
1064,18ZC5757.JPG,4,2220,2775,2230,2785,1,-1,CSL_pup,1
1065,18ZC5757.JPG,4,2211,2484,2221,2494,1,-1,CSL_pup,1
1066,18ZC5757.JPG,4,2192,2511,2202,2521,1,-1,CSL_pup,1
1067,18ZC5757.JPG,4,449,3551,459,3561,1,-1,CSL_pup,1
1068,18ZC5757.JPG,4,324,3482,334,3492,1,-1,CSL_pup,1
1069,18ZC5757.JPG,4,287,3769,297,3779,1,-1,CSL_pup,1
1070,18ZC5757.JPG,4,249,3802,259,3812,1,-1,CSL_pup,1
1071,18ZC5757.JPG,4,197,3786,207,3796,1,-1,CSL_pup,1
1072,18ZC5757.JPG,4,173,3795,183,3805,1,-1,CSL_pup,1
1073,18ZC5757.JPG,4,532,3770,542,3780,1,-1,CSL_pup,1
1074,18ZC5757.JPG,4,542,3779,552,3789,1,-1,CSL_pup,1
1075,18ZC5757.JPG,4,584,3779,594,3789,1,-1,CSL_pup,1
1076,18ZC5757.JPG,4,574,3801,584,3811,1,-1,CSL_pup,1
1077,18ZC5757.JPG,4,589,3804,599,3814,1,-1,CSL_pup,1
1078,18ZC5757.JPG,4,650,3832,660,3842,1,-1,CSL_pup,1
1079,18ZC5757.JPG,4,657,3805,667,3815,1,-1,CSL_pup,1
1080,18ZC5757.JPG,4,594,3829,604,3839,1,-1,CSL_pup,1
1081,18ZC5757.JPG,4,473,3829,483,3839,1,-1,CSL_pup,1
1082,18ZC5757.JPG,4,679,3810,689,3820,1,-1,CSL_pup,1
1083,18ZC5757.JPG,4,685,3798,695,3808,1,-1,CSL_pup,1
1084,18ZC5757.JPG,4,703,3795,713,3805,1,-1,CSL_pup,1
1085,18ZC5757.JPG,4,714,3789,724,3799,1,-1,CSL_pup,1
1086,18ZC5757.JPG,4,727,3800,737,3810,1,-1,CSL_pup,1
1087,18ZC5757.JPG,4,742,3797,752,3807,1,-1,CSL_pup,1
1088,18ZC5757.JPG,4,761,3811,771,3821,1,-1,CSL_pup,1
1089,18ZC5757.JPG,4,780,3821,790,3831,1,-1,CSL_pup,1
1090,18ZC5757.JPG,4,808,3807,818,3817,1,-1,CSL_pup,1
1091,18ZC5757.JPG,4,945,3830,955,3840,1,-1,CSL_pup,1
1092,18ZC5757.JPG,4,1103,3824,1113,3834,1,-1,CSL_pup,1
1093,18ZC5757.JPG,4,120,3788,130,3798,1,-1,CSL_pup,1
1094,18ZC5757.JPG,4,78,3800,88,3810,1,-1,CSL_pup,1
1095,18ZC5757.JPG,4,153,3792,163,3802,1,-1,CSL_pup,1
1096,18ZC5757.JPG,4,1422,3820,1432,3830,1,-1,CSL_pup,1
1097,18ZC5757.JPG,4,1603,3760,1613,3770,1,-1,CSL_pup,1
1098,18ZC5757.JPG,4,1654,3702,1664,3712,1,-1,CSL_pup,1
1099,18ZC5757.JPG,4,1874,3383,1884,3393,1,-1,CSL_pup,1
1100,18ZC5757.JPG,4,2216,3227,2226,3237,1,-1,CSL_pup,1
1101,18ZC5757.JPG,4,2266,3261,2276,3271,1,-1,CSL_pup,1
1102,18ZC5757.JPG,4,2287,3272,2297,3282,1,-1,CSL_pup,1
1103,18ZC5757.JPG,4,2311,3542,2321,3552,1,-1,CSL_pup,1
1104,18ZC5757.JPG,4,669,2971,679,2981,1,-1,CSL_pup,1
1105,18ZC5757.JPG,4,233,3419,243,3429,1,-1,CSL_pup,1
1106,18ZC5757.JPG,4,75,3111,85,3121,1,-1,CSL_pup,1
1107,18ZC5757.JPG,4,54,3083,64,3093,1,-1,CSL_pup,1
1108,18ZC5757.JPG,4,15,2304,25,2314,1,-1,CSL_pup,1
1109,18ZC5757.JPG,4,2047,770,2057,780,1,-1,CSL_pup,1
1110,18ZC5757.JPG,4,2091,774,2101,784,1,-1,CSL_pup,1
1111,18ZC5757.JPG,4,2199,803,2209,813,1,-1,CSL_pup,1
1112,18ZC5757.JPG,4,2561,817,2571,827,1,-1,CSL_pup,1
1113,18ZC5757.JPG,4,2552,795,2562,805,1,-1,CSL_pup,1
1114,18ZC5757.JPG,4,3578,1083,3588,1093,1,-1,CSL_pup,1
1115,18ZC5757.JPG,4,3023,3296,3033,3306,1,-1,CSL_juv,1
1116,18ZC5757.JPG,4,4386,3797,4396,3807,1,-1,CSL_cow,1
1117,18ZC5757.JPG,4,4374,3744,4384,3754,1,-1,CSL_cow,1
1118,18ZC5757.JPG,4,4313,3768,4323,3778,1,-1,CSL_cow,1
1119,18ZC5757.JPG,4,4270,3791,4280,3801,1,-1,CSL_cow,1
1120,18ZC5757.JPG,4,4266,3735,4276,3745,1,-1,CSL_cow,1
1121,18ZC5757.JPG,4,4264,3679,4274,3689,1,-1,CSL_cow,1
1122,18ZC5757.JPG,4,4299,3682,4309,3692,1,-1,CSL_cow,1
1123,18ZC5757.JPG,4,4327,3705,4337,3715,1,-1,CSL_cow,1
1124,18ZC5757.JPG,4,4226,3833,4236,3843,1,-1,CSL_cow,1
1125,18ZC5757.JPG,4,4101,3628,4111,3638,1,-1,CSL_cow,1
1126,18ZC5757.JPG,4,3956,3682,3966,3692,1,-1,CSL_cow,1
1127,18ZC5757.JPG,4,3981,3625,3991,3635,1,-1,CSL_cow,1
1128,18ZC5757.JPG,4,3900,3777,3910,3787,1,-1,CSL_cow,1
1129,18ZC5757.JPG,4,3666,3757,3676,3767,1,-1,CSL_cow,1
1130,18ZC5757.JPG,4,3427,3654,3437,3664,1,-1,CSL_cow,1
1131,18ZC5757.JPG,4,3133,3612,3143,3622,1,-1,CSL_cow,1
1132,18ZC5757.JPG,4,3107,3534,3117,3544,1,-1,CSL_cow,1
1133,18ZC5757.JPG,4,3118,3415,3128,3425,1,-1,CSL_cow,1
1134,18ZC5757.JPG,4,3153,3368,3163,3378,1,-1,CSL_cow,1
1135,18ZC5757.JPG,4,3098,3335,3108,3345,1,-1,CSL_cow,1
1136,18ZC5757.JPG,4,3195,3324,3205,3334,1,-1,CSL_cow,1
1137,18ZC5757.JPG,4,3201,3283,3211,3293,1,-1,CSL_cow,1
1138,18ZC5757.JPG,4,3189,3262,3199,3272,1,-1,CSL_cow,1
1139,18ZC5757.JPG,4,3132,3274,3142,3284,1,-1,CSL_cow,1
1140,18ZC5757.JPG,4,3248,3432,3258,3442,1,-1,CSL_cow,1
1141,18ZC5757.JPG,4,3120,3167,3130,3177,1,-1,CSL_cow,1
1142,18ZC5757.JPG,4,2926,3353,2936,3363,1,-1,CSL_cow,1
1143,18ZC5757.JPG,4,2771,3444,2781,3454,1,-1,CSL_cow,1
1144,18ZC5757.JPG,4,2703,3548,2713,3558,1,-1,CSL_cow,1
1145,18ZC5757.JPG,4,2695,3361,2705,3371,1,-1,CSL_cow,1
1146,18ZC5757.JPG,4,2681,3369,2691,3379,1,-1,CSL_cow,1
1147,18ZC5757.JPG,4,2638,3385,2648,3395,1,-1,CSL_cow,1
1148,18ZC5757.JPG,4,2463,3304,2473,3314,1,-1,CSL_cow,1
1149,18ZC5757.JPG,4,2425,3326,2435,3336,1,-1,CSL_cow,1
1150,18ZC5757.JPG,4,2417,3280,2427,3290,1,-1,CSL_cow,1
1151,18ZC5757.JPG,4,2374,3307,2384,3317,1,-1,CSL_cow,1
1152,18ZC5757.JPG,4,2354,3288,2364,3298,1,-1,CSL_cow,1
1153,18ZC5757.JPG,4,2342,3399,2352,3409,1,-1,CSL_cow,1
1154,18ZC5757.JPG,4,2278,3376,2288,3386,1,-1,CSL_cow,1
1155,18ZC5757.JPG,4,2240,3372,2250,3382,1,-1,CSL_cow,1
1156,18ZC5757.JPG,4,2234,3323,2244,3333,1,-1,CSL_cow,1
1157,18ZC5757.JPG,4,2197,3321,2207,3331,1,-1,CSL_cow,1
1158,18ZC5757.JPG,4,2221,3287,2231,3297,1,-1,CSL_cow,1
1159,18ZC5757.JPG,4,2236,3264,2246,3274,1,-1,CSL_cow,1
1160,18ZC5757.JPG,4,2701,3059,2711,3069,1,-1,CSL_cow,1
1161,18ZC5757.JPG,4,2272,3238,2282,3248,1,-1,CSL_cow,1
1162,18ZC5757.JPG,4,2180,3383,2190,3393,1,-1,CSL_cow,1
1163,18ZC5757.JPG,4,1850,3403,1860,3413,1,-1,CSL_cow,1
1164,18ZC5757.JPG,4,1722,3585,1732,3595,1,-1,CSL_cow,1
1165,18ZC5757.JPG,4,1643,3597,1653,3607,1,-1,CSL_cow,1
1166,18ZC5757.JPG,4,1550,3586,1560,3596,1,-1,CSL_cow,1
1167,18ZC5757.JPG,4,1649,3652,1659,3662,1,-1,CSL_cow,1
1168,18ZC5757.JPG,4,1632,3723,1642,3733,1,-1,CSL_cow,1
1169,18ZC5757.JPG,4,1669,3746,1679,3756,1,-1,CSL_cow,1
1170,18ZC5757.JPG,4,2161,2819,2171,2829,1,-1,CSL_cow,1
1171,18ZC5757.JPG,4,2757,2596,2767,2606,1,-1,CSL_cow,1
1172,18ZC5757.JPG,4,2783,2635,2793,2645,1,-1,CSL_cow,1
1173,18ZC5757.JPG,4,2825,2625,2835,2635,1,-1,CSL_cow,1
1174,18ZC5757.JPG,4,2822,2701,2832,2711,1,-1,CSL_cow,1
1175,18ZC5757.JPG,4,2804,2742,2814,2752,1,-1,CSL_cow,1
1176,18ZC5757.JPG,4,2766,2734,2776,2744,1,-1,CSL_cow,1
1177,18ZC5757.JPG,4,2737,2770,2747,2780,1,-1,CSL_cow,1
1178,18ZC5757.JPG,4,516,3808,526,3818,1,-1,CSL_cow,1
1179,18ZC5757.JPG,4,362,3820,372,3830,1,-1,CSL_cow,1
1180,18ZC5757.JPG,4,57,3818,67,3828,1,-1,CSL_cow,1
1181,18ZC5757.JPG,4,2513,2062,2523,2072,1,-1,CSL_cow,1
1182,18ZC5757.JPG,4,3505,1294,3515,1304,1,-1,CSL_cow,1
1183,18ZC5757.JPG,4,3049,961,3059,971,1,-1,CSL_cow,1
1184,18ZC5757.JPG,4,2972,1029,2982,1039,1,-1,CSL_cow,1
1185,18ZC5757.JPG,4,2943,1055,2953,1065,1,-1,CSL_cow,1
1186,18ZC5757.JPG,4,1366,1784,1376,1794,1,-1,CSL_cow,1
1187,18ZC5757.JPG,4,1840,2049,1850,2059,1,-1,CSL_cow,1
1188,18ZC5757.JPG,4,2203,1408,2213,1418,1,-1,CSL_juv,1
1189,18ZC5757.JPG,4,80,2490,90,2500,1,-1,NES_bull,1
1190,18ZC5757.JPG,4,152,2482,162,2492,1,-1,NES_bull,1
1191,18ZC5757.JPG,4,257,2399,267,2409,1,-1,NES_bull,1
1192,18ZC5757.JPG,4,297,2392,307,2402,1,-1,NES_bull,1
1193,18ZC5757.JPG,4,386,2323,396,2333,1,-1,NES_bull,1
1194,18ZC5757.JPG,4,455,2572,465,2582,1,-1,NES_bull,1
1195,18ZC5757.JPG,4,410,2254,420,2264,1,-1,NES_bull,1
1196,18ZC5757.JPG,4,615,2240,625,2250,1,-1,NES_bull,1
1197,18ZC5757.JPG,4,616,2172,626,2182,1,-1,NES_bull,1
1198,18ZC5757.JPG,4,670,2172,680,2182,1,-1,NES_bull,1
1199,18ZC5757.JPG,4,712,2087,722,2097,1,-1,NES_bull,1
1200,18ZC5757.JPG,4,638,2603,648,2613,1,-1,NES_bull,1
1201,18ZC5757.JPG,4,864,2655,874,2665,1,-1,NES_bull,1
1202,18ZC5757.JPG,4,1005,2438,1015,2448,1,-1,NES_bull,1
1203,18ZC5757.JPG,4,1076,2287,1086,2297,1,-1,NES_bull,1
1204,18ZC5757.JPG,4,1239,2436,1249,2446,1,-1,NES_bull,1
1205,18ZC5757.JPG,4,1274,2082,1284,2092,1,-1,NES_bull,1
1206,18ZC5757.JPG,4,852,2027,862,2037,1,-1,NES_bull,1
1207,18ZC5757.JPG,4,920,2025,930,2035,1,-1,NES_bull,1
1208,18ZC5757.JPG,4,966,1997,976,2007,1,-1,NES_bull,1
1209,18ZC5757.JPG,4,799,2058,809,2068,1,-1,NES_bull,1
1210,18ZC5757.JPG,4,1151,1789,1161,1799,1,-1,NES_bull,1
1211,18ZC5757.JPG,4,624,2812,634,2822,1,-1,NES_bull,1
1212,18ZC5757.JPG,4,537,2932,547,2942,1,-1,NES_bull,1
1213,18ZC5757.JPG,4,2149,1180,2159,1190,1,-1,NES_bull,1
1214,18ZC5757.JPG,4,2621,573,2631,583,1,-1,NES_bull,1
1215,18ZC5757.JPG,4,1111,2226,1121,2236,1,-1,NES_sam,1
1216,18ZC5757.JPG,4,1029,2315,1039,2325,1,-1,NES_sam,1
1217,18ZC5757.JPG,4,752,2374,762,2384,1,-1,NES_sam,1
1218,18ZC5757.JPG,4,725,2426,735,2436,1,-1,NES_sam,1
1219,18ZC5757.JPG,4,476,2219,486,2229,1,-1,NES_sam,1
1220,18ZC5757.JPG,4,1656,1644,1666,1654,1,-1,NES_sam,1
1221,18ZC5757.JPG,4,296,2812,306,2822,1,-1,NES_young,1
1222,18ZC5757.JPG,4,1498,1787,1508,1797,1,-1,NES_juv,1
